18:46:14 **** Clean-only build of configuration Debug for project line_follower ****
make -j12 clean 
rm -rf ./Drivers/STM32F4xx_HAL_Driver/Src/stm32f4xx_hal.cyclo ./Drivers/STM32F4xx_HAL_Driver/Src/stm32f4xx_hal.d ./Drivers/STM32F4xx_HAL_Driver/Src/stm32f4xx_hal.o ./Drivers/STM32F4xx_HAL_Driver/Src/stm32f4xx_hal.su ./Drivers/STM32F4xx_HAL_Driver/Src/stm32f4xx_hal_adc.cyclo ./Drivers/STM32F4xx_HAL_Driver/Src/stm32f4xx_hal_adc.d ./Drivers/STM32F4xx_HAL_Driver/Src/stm32f4xx_hal_adc.o ./Drivers/STM32F4xx_HAL_Driver/Src/stm32f4xx_hal_adc.su ./Drivers/STM32F4xx_HAL_Driver/Src/stm32f4xx_hal_adc_ex.cyclo ./Drivers/STM32F4xx_HAL_Driver/Src/stm32f4xx_hal_adc_ex.d ./Drivers/STM32F4xx_HAL_Driver/Src/stm32f4xx_hal_adc_ex.o ./Drivers/STM32F4xx_HAL_Driver/Src/stm32f4xx_hal_adc_ex.su ./Drivers/STM32F4xx_HAL_Driver/Src/stm32f4xx_hal_cortex.cyclo ./Drivers/STM32F4xx_HAL_Driver/Src/stm32f4xx_hal_cortex.d ./Drivers/STM32F4xx_HAL_Driver/Src/stm32f4xx_hal_cortex.o ./Drivers/STM32F4xx_HAL_Driver/Src/stm32f4xx_hal_cortex.su ./Drivers/STM32F4xx_HAL_Driver/Src/stm32f4xx_hal_dma.cyclo ./Drivers/STM32F4xx_HAL_Driver/Src/stm32f4xx_hal_dma.d ./Drivers/STM32F4xx_HAL_Driver/Src/stm32f4xx_hal_dma.o ./Drivers/STM32F4xx_HAL_Driver/Src/stm32f4xx_hal_dma.su ./Drivers/STM32F4xx_HAL_Driver/Src/stm32f4xx_hal_dma_ex.cyclo ./Drivers/STM32F4xx_HAL_Driver/Src/stm32f4xx_hal_dma_ex.d ./Drivers/STM32F4xx_HAL_Driver/Src/stm32f4xx_hal_dma_ex.o ./Drivers/STM32F4xx_HAL_Driver/Src/stm32f4xx_hal_dma_ex.su ./Drivers/STM32F4xx_HAL_Driver/Src/stm32f4xx_hal_exti.cyclo ./Drivers/STM32F4xx_HAL_Driver/Src/stm32f4xx_hal_exti.d ./Drivers/STM32F4xx_HAL_Driver/Src/stm32f4xx_hal_exti.o ./Drivers/STM32F4xx_HAL_Driver/Src/stm32f4xx_hal_exti.su ./Drivers/STM32F4xx_HAL_Driver/Src/stm32f4xx_hal_flash.cyclo ./Drivers/STM32F4xx_HAL_Driver/Src/stm32f4xx_hal_flash.d ./Drivers/STM32F4xx_HAL_Driver/Src/stm32f4xx_hal_flash.o ./Drivers/STM32F4xx_HAL_Driver/Src/stm32f4xx_hal_flash.su ./Drivers/STM32F4xx_HAL_Driver/Src/stm32f4xx_hal_flash_ex.cyclo ./Drivers/STM32F4xx_HAL_Driver/Src/stm32f4xx_hal_flash_ex.d ./Drivers/STM32F4xx_HAL_Driver/Src/stm32f4xx_hal_flash_ex.o ./Drivers/STM32F4xx_HAL_Driver/Src/stm32f4xx_hal_flash_ex.su ./Drivers/STM32F4xx_HAL_Driver/Src/stm32f4xx_hal_flash_ramfunc.cyclo ./Drivers/STM32F4xx_HAL_Driver/Src/stm32f4xx_hal_flash_ramfunc.d ./Drivers/STM32F4xx_HAL_Driver/Src/stm32f4xx_hal_flash_ramfunc.o ./Drivers/STM32F4xx_HAL_Driver/Src/stm32f4xx_hal_flash_ramfunc.su ./Drivers/STM32F4xx_HAL_Driver/Src/stm32f4xx_hal_gpio.cyclo ./Drivers/STM32F4xx_HAL_Driver/Src/stm32f4xx_hal_gpio.d ./Drivers/STM32F4xx_HAL_Driver/Src/stm32f4xx_hal_gpio.o ./Drivers/STM32F4xx_HAL_Driver/Src/stm32f4xx_hal_gpio.su ./Drivers/STM32F4xx_HAL_Driver/Src/stm32f4xx_hal_pwr.cyclo ./Drivers/STM32F4xx_HAL_Driver/Src/stm32f4xx_hal_pwr.d ./Drivers/STM32F4xx_HAL_Driver/Src/stm32f4xx_hal_pwr.o ./Drivers/STM32F4xx_HAL_Driver/Src/stm32f4xx_hal_pwr.su ./Drivers/STM32F4xx_HAL_Driver/Src/stm32f4xx_hal_pwr_ex.cyclo ./Drivers/STM32F4xx_HAL_Driver/Src/stm32f4xx_hal_pwr_ex.d ./Drivers/STM32F4xx_HAL_Driver/Src/stm32f4xx_hal_pwr_ex.o ./Drivers/STM32F4xx_HAL_Driver/Src/stm32f4xx_hal_pwr_ex.su ./Drivers/STM32F4xx_HAL_Driver/Src/stm32f4xx_hal_rcc.cyclo ./Drivers/STM32F4xx_HAL_Driver/Src/stm32f4xx_hal_rcc.d ./Drivers/STM32F4xx_HAL_Driver/Src/stm32f4xx_hal_rcc.o ./Drivers/STM32F4xx_HAL_Driver/Src/stm32f4xx_hal_rcc.su ./Drivers/STM32F4xx_HAL_Driver/Src/stm32f4xx_hal_rcc_ex.cyclo ./Drivers/STM32F4xx_HAL_Driver/Src/stm32f4xx_hal_rcc_ex.d ./Drivers/STM32F4xx_HAL_Driver/Src/stm32f4xx_hal_rcc_ex.o ./Drivers/STM32F4xx_HAL_Driver/Src/stm32f4xx_hal_rcc_ex.su ./Drivers/STM32F4xx_HAL_Driver/Src/stm32f4xx_hal_tim.cyclo ./Drivers/STM32F4xx_HAL_Driver/Src/stm32f4xx_hal_tim.d ./Drivers/STM32F4xx_HAL_Driver/Src/stm32f4xx_hal_tim.o ./Drivers/STM32F4xx_HAL_Driver/Src/stm32f4xx_hal_tim.su ./Drivers/STM32F4xx_HAL_Driver/Src/stm32f4xx_hal_tim_ex.cyclo ./Drivers/STM32F4xx_HAL_Driver/Src/stm32f4xx_hal_tim_ex.d ./Drivers/STM32F4xx_HAL_Driver/Src/stm32f4xx_hal_tim_ex.o ./Drivers/STM32F4xx_HAL_Driver/Src/stm32f4xx_hal_tim_ex.su ./Drivers/STM32F4xx_HAL_Driver/Src/stm32f4xx_hal_uart.cyclo ./Drivers/STM32F4xx_HAL_Driver/Src/stm32f4xx_hal_uart.d ./Drivers/STM32F4xx_HAL_Driver/Src/stm32f4xx_hal_uart.o ./Drivers/STM32F4xx_HAL_Driver/Src/stm32f4xx_hal_uart.su ./Drivers/STM32F4xx_HAL_Driver/Src/stm32f4xx_ll_adc.cyclo ./Drivers/STM32F4xx_HAL_Driver/Src/stm32f4xx_ll_adc.d ./Drivers/STM32F4xx_HAL_Driver/Src/stm32f4xx_ll_adc.o ./Drivers/STM32F4xx_HAL_Driver/Src/stm32f4xx_ll_adc.su
rm -rf ./Core/Startup/startup_stm32f411ceux.d ./Core/Startup/startup_stm32f411ceux.o
rm -rf ./Core/Src/bluetooth.cyclo ./Core/Src/bluetooth.d ./Core/Src/bluetooth.o ./Core/Src/bluetooth.su ./Core/Src/main.cyclo ./Core/Src/main.d ./Core/Src/main.o ./Core/Src/main.su ./Core/Src/motor.cyclo ./Core/Src/motor.d ./Core/Src/motor.o ./Core/Src/motor.su ./Core/Src/sensor_module.cyclo ./Core/Src/sensor_module.d ./Core/Src/sensor_module.o ./Core/Src/sensor_module.su ./Core/Src/stm32f4xx_hal_msp.cyclo ./Core/Src/stm32f4xx_hal_msp.d ./Core/Src/stm32f4xx_hal_msp.o ./Core/Src/stm32f4xx_hal_msp.su ./Core/Src/stm32f4xx_it.cyclo ./Core/Src/stm32f4xx_it.d ./Core/Src/stm32f4xx_it.o ./Core/Src/stm32f4xx_it.su ./Core/Src/syscalls.cyclo ./Core/Src/syscalls.d ./Core/Src/syscalls.o ./Core/Src/syscalls.su ./Core/Src/sysmem.cyclo ./Core/Src/sysmem.d ./Core/Src/sysmem.o ./Core/Src/sysmem.su ./Core/Src/system_stm32f4xx.cyclo ./Core/Src/system_stm32f4xx.d ./Core/Src/system_stm32f4xx.o ./Core/Src/system_stm32f4xx.su ./Core/Src/utils.cyclo ./Core/Src/utils.d ./Core/Src/utils.o ./Core/Src/utils.su
rm -rf default.size.stdout line_follower.elf line_follower.list line_follower.map
 
18:46:15 **** Build of configuration Debug for project line_follower ****
make -j12 all 
arm-none-eabi-gcc "../Drivers/STM32F4xx_HAL_Driver/Src/stm32f4xx_hal.c" -mcpu=cortex-m4 -std=gnu11 -g3 -DDEBUG -DUSE_HAL_DRIVER -DSTM32F411xE -c -I../Core/Inc -I../Drivers/STM32F4xx_HAL_Driver/Inc -I../Drivers/STM32F4xx_HAL_Driver/Inc/Legacy -I../Drivers/CMSIS/Device/ST/STM32F4xx/Include -I../Drivers/CMSIS/Include -O0 -ffunction-sections -fdata-sections -Wall -fstack-usage -fcyclomatic-complexity -MMD -MP -MF"Drivers/STM32F4xx_HAL_Driver/Src/stm32f4xx_hal.d" -MT"Drivers/STM32F4xx_HAL_Driver/Src/stm32f4xx_hal.o" --specs=nano.specs -mfpu=fpv4-sp-d16 -mfloat-abi=hard -mthumb -o "Drivers/STM32F4xx_HAL_Driver/Src/stm32f4xx_hal.o"
arm-none-eabi-gcc "../Drivers/STM32F4xx_HAL_Driver/Src/stm32f4xx_hal_adc.c" -mcpu=cortex-m4 -std=gnu11 -g3 -DDEBUG -DUSE_HAL_DRIVER -DSTM32F411xE -c -I../Core/Inc -I../Drivers/STM32F4xx_HAL_Driver/Inc -I../Drivers/STM32F4xx_HAL_Driver/Inc/Legacy -I../Drivers/CMSIS/Device/ST/STM32F4xx/Include -I../Drivers/CMSIS/Include -O0 -ffunction-sections -fdata-sections -Wall -fstack-usage -fcyclomatic-complexity -MMD -MP -MF"Drivers/STM32F4xx_HAL_Driver/Src/stm32f4xx_hal_adc.d" -MT"Drivers/STM32F4xx_HAL_Driver/Src/stm32f4xx_hal_adc.o" --specs=nano.specs -mfpu=fpv4-sp-d16 -mfloat-abi=hard -mthumb -o "Drivers/STM32F4xx_HAL_Driver/Src/stm32f4xx_hal_adc.o"
arm-none-eabi-gcc "../Drivers/STM32F4xx_HAL_Driver/Src/stm32f4xx_hal_adc_ex.c" -mcpu=cortex-m4 -std=gnu11 -g3 -DDEBUG -DUSE_HAL_DRIVER -DSTM32F411xE -c -I../Core/Inc -I../Drivers/STM32F4xx_HAL_Driver/Inc -I../Drivers/STM32F4xx_HAL_Driver/Inc/Legacy -I../Drivers/CMSIS/Device/ST/STM32F4xx/Include -I../Drivers/CMSIS/Include -O0 -ffunction-sections -fdata-sections -Wall -fstack-usage -fcyclomatic-complexity -MMD -MP -MF"Drivers/STM32F4xx_HAL_Driver/Src/stm32f4xx_hal_adc_ex.d" -MT"Drivers/STM32F4xx_HAL_Driver/Src/stm32f4xx_hal_adc_ex.o" --specs=nano.specs -mfpu=fpv4-sp-d16 -mfloat-abi=hard -mthumb -o "Drivers/STM32F4xx_HAL_Driver/Src/stm32f4xx_hal_adc_ex.o"
arm-none-eabi-gcc "../Drivers/STM32F4xx_HAL_Driver/Src/stm32f4xx_hal_cortex.c" -mcpu=cortex-m4 -std=gnu11 -g3 -DDEBUG -DUSE_HAL_DRIVER -DSTM32F411xE -c -I../Core/Inc -I../Drivers/STM32F4xx_HAL_Driver/Inc -I../Drivers/STM32F4xx_HAL_Driver/Inc/Legacy -I../Drivers/CMSIS/Device/ST/STM32F4xx/Include -I../Drivers/CMSIS/Include -O0 -ffunction-sections -fdata-sections -Wall -fstack-usage -fcyclomatic-complexity -MMD -MP -MF"Drivers/STM32F4xx_HAL_Driver/Src/stm32f4xx_hal_cortex.d" -MT"Drivers/STM32F4xx_HAL_Driver/Src/stm32f4xx_hal_cortex.o" --specs=nano.specs -mfpu=fpv4-sp-d16 -mfloat-abi=hard -mthumb -o "Drivers/STM32F4xx_HAL_Driver/Src/stm32f4xx_hal_cortex.o"
arm-none-eabi-gcc "../Drivers/STM32F4xx_HAL_Driver/Src/stm32f4xx_hal_dma.c" -mcpu=cortex-m4 -std=gnu11 -g3 -DDEBUG -DUSE_HAL_DRIVER -DSTM32F411xE -c -I../Core/Inc -I../Drivers/STM32F4xx_HAL_Driver/Inc -I../Drivers/STM32F4xx_HAL_Driver/Inc/Legacy -I../Drivers/CMSIS/Device/ST/STM32F4xx/Include -I../Drivers/CMSIS/Include -O0 -ffunction-sections -fdata-sections -Wall -fstack-usage -fcyclomatic-complexity -MMD -MP -MF"Drivers/STM32F4xx_HAL_Driver/Src/stm32f4xx_hal_dma.d" -MT"Drivers/STM32F4xx_HAL_Driver/Src/stm32f4xx_hal_dma.o" --specs=nano.specs -mfpu=fpv4-sp-d16 -mfloat-abi=hard -mthumb -o "Drivers/STM32F4xx_HAL_Driver/Src/stm32f4xx_hal_dma.o"
arm-none-eabi-gcc "../Drivers/STM32F4xx_HAL_Driver/Src/stm32f4xx_hal_dma_ex.c" -mcpu=cortex-m4 -std=gnu11 -g3 -DDEBUG -DUSE_HAL_DRIVER -DSTM32F411xE -c -I../Core/Inc -I../Drivers/STM32F4xx_HAL_Driver/Inc -I../Drivers/STM32F4xx_HAL_Driver/Inc/Legacy -I../Drivers/CMSIS/Device/ST/STM32F4xx/Include -I../Drivers/CMSIS/Include -O0 -ffunction-sections -fdata-sections -Wall -fstack-usage -fcyclomatic-complexity -MMD -MP -MF"Drivers/STM32F4xx_HAL_Driver/Src/stm32f4xx_hal_dma_ex.d" -MT"Drivers/STM32F4xx_HAL_Driver/Src/stm32f4xx_hal_dma_ex.o" --specs=nano.specs -mfpu=fpv4-sp-d16 -mfloat-abi=hard -mthumb -o "Drivers/STM32F4xx_HAL_Driver/Src/stm32f4xx_hal_dma_ex.o"
arm-none-eabi-gcc "../Drivers/STM32F4xx_HAL_Driver/Src/stm32f4xx_hal_exti.c" -mcpu=cortex-m4 -std=gnu11 -g3 -DDEBUG -DUSE_HAL_DRIVER -DSTM32F411xE -c -I../Core/Inc -I../Drivers/STM32F4xx_HAL_Driver/Inc -I../Drivers/STM32F4xx_HAL_Driver/Inc/Legacy -I../Drivers/CMSIS/Device/ST/STM32F4xx/Include -I../Drivers/CMSIS/Include -O0 -ffunction-sections -fdata-sections -Wall -fstack-usage -fcyclomatic-complexity -MMD -MP -MF"Drivers/STM32F4xx_HAL_Driver/Src/stm32f4xx_hal_exti.d" -MT"Drivers/STM32F4xx_HAL_Driver/Src/stm32f4xx_hal_exti.o" --specs=nano.specs -mfpu=fpv4-sp-d16 -mfloat-abi=hard -mthumb -o "Drivers/STM32F4xx_HAL_Driver/Src/stm32f4xx_hal_exti.o"
arm-none-eabi-gcc "../Drivers/STM32F4xx_HAL_Driver/Src/stm32f4xx_hal_flash.c" -mcpu=cortex-m4 -std=gnu11 -g3 -DDEBUG -DUSE_HAL_DRIVER -DSTM32F411xE -c -I../Core/Inc -I../Drivers/STM32F4xx_HAL_Driver/Inc -I../Drivers/STM32F4xx_HAL_Driver/Inc/Legacy -I../Drivers/CMSIS/Device/ST/STM32F4xx/Include -I../Drivers/CMSIS/Include -O0 -ffunction-sections -fdata-sections -Wall -fstack-usage -fcyclomatic-complexity -MMD -MP -MF"Drivers/STM32F4xx_HAL_Driver/Src/stm32f4xx_hal_flash.d" -MT"Drivers/STM32F4xx_HAL_Driver/Src/stm32f4xx_hal_flash.o" --specs=nano.specs -mfpu=fpv4-sp-d16 -mfloat-abi=hard -mthumb -o "Drivers/STM32F4xx_HAL_Driver/Src/stm32f4xx_hal_flash.o"
arm-none-eabi-gcc "../Drivers/STM32F4xx_HAL_Driver/Src/stm32f4xx_hal_flash_ex.c" -mcpu=cortex-m4 -std=gnu11 -g3 -DDEBUG -DUSE_HAL_DRIVER -DSTM32F411xE -c -I../Core/Inc -I../Drivers/STM32F4xx_HAL_Driver/Inc -I../Drivers/STM32F4xx_HAL_Driver/Inc/Legacy -I../Drivers/CMSIS/Device/ST/STM32F4xx/Include -I../Drivers/CMSIS/Include -O0 -ffunction-sections -fdata-sections -Wall -fstack-usage -fcyclomatic-complexity -MMD -MP -MF"Drivers/STM32F4xx_HAL_Driver/Src/stm32f4xx_hal_flash_ex.d" -MT"Drivers/STM32F4xx_HAL_Driver/Src/stm32f4xx_hal_flash_ex.o" --specs=nano.specs -mfpu=fpv4-sp-d16 -mfloat-abi=hard -mthumb -o "Drivers/STM32F4xx_HAL_Driver/Src/stm32f4xx_hal_flash_ex.o"
arm-none-eabi-gcc "../Drivers/STM32F4xx_HAL_Driver/Src/stm32f4xx_hal_flash_ramfunc.c" -mcpu=cortex-m4 -std=gnu11 -g3 -DDEBUG -DUSE_HAL_DRIVER -DSTM32F411xE -c -I../Core/Inc -I../Drivers/STM32F4xx_HAL_Driver/Inc -I../Drivers/STM32F4xx_HAL_Driver/Inc/Legacy -I../Drivers/CMSIS/Device/ST/STM32F4xx/Include -I../Drivers/CMSIS/Include -O0 -ffunction-sections -fdata-sections -Wall -fstack-usage -fcyclomatic-complexity -MMD -MP -MF"Drivers/STM32F4xx_HAL_Driver/Src/stm32f4xx_hal_flash_ramfunc.d" -MT"Drivers/STM32F4xx_HAL_Driver/Src/stm32f4xx_hal_flash_ramfunc.o" --specs=nano.specs -mfpu=fpv4-sp-d16 -mfloat-abi=hard -mthumb -o "Drivers/STM32F4xx_HAL_Driver/Src/stm32f4xx_hal_flash_ramfunc.o"
arm-none-eabi-gcc "../Drivers/STM32F4xx_HAL_Driver/Src/stm32f4xx_hal_gpio.c" -mcpu=cortex-m4 -std=gnu11 -g3 -DDEBUG -DUSE_HAL_DRIVER -DSTM32F411xE -c -I../Core/Inc -I../Drivers/STM32F4xx_HAL_Driver/Inc -I../Drivers/STM32F4xx_HAL_Driver/Inc/Legacy -I../Drivers/CMSIS/Device/ST/STM32F4xx/Include -I../Drivers/CMSIS/Include -O0 -ffunction-sections -fdata-sections -Wall -fstack-usage -fcyclomatic-complexity -MMD -MP -MF"Drivers/STM32F4xx_HAL_Driver/Src/stm32f4xx_hal_gpio.d" -MT"Drivers/STM32F4xx_HAL_Driver/Src/stm32f4xx_hal_gpio.o" --specs=nano.specs -mfpu=fpv4-sp-d16 -mfloat-abi=hard -mthumb -o "Drivers/STM32F4xx_HAL_Driver/Src/stm32f4xx_hal_gpio.o"
arm-none-eabi-gcc "../Drivers/STM32F4xx_HAL_Driver/Src/stm32f4xx_hal_pwr.c" -mcpu=cortex-m4 -std=gnu11 -g3 -DDEBUG -DUSE_HAL_DRIVER -DSTM32F411xE -c -I../Core/Inc -I../Drivers/STM32F4xx_HAL_Driver/Inc -I../Drivers/STM32F4xx_HAL_Driver/Inc/Legacy -I../Drivers/CMSIS/Device/ST/STM32F4xx/Include -I../Drivers/CMSIS/Include -O0 -ffunction-sections -fdata-sections -Wall -fstack-usage -fcyclomatic-complexity -MMD -MP -MF"Drivers/STM32F4xx_HAL_Driver/Src/stm32f4xx_hal_pwr.d" -MT"Drivers/STM32F4xx_HAL_Driver/Src/stm32f4xx_hal_pwr.o" --specs=nano.specs -mfpu=fpv4-sp-d16 -mfloat-abi=hard -mthumb -o "Drivers/STM32F4xx_HAL_Driver/Src/stm32f4xx_hal_pwr.o"
arm-none-eabi-gcc "../Drivers/STM32F4xx_HAL_Driver/Src/stm32f4xx_hal_pwr_ex.c" -mcpu=cortex-m4 -std=gnu11 -g3 -DDEBUG -DUSE_HAL_DRIVER -DSTM32F411xE -c -I../Core/Inc -I../Drivers/STM32F4xx_HAL_Driver/Inc -I../Drivers/STM32F4xx_HAL_Driver/Inc/Legacy -I../Drivers/CMSIS/Device/ST/STM32F4xx/Include -I../Drivers/CMSIS/Include -O0 -ffunction-sections -fdata-sections -Wall -fstack-usage -fcyclomatic-complexity -MMD -MP -MF"Drivers/STM32F4xx_HAL_Driver/Src/stm32f4xx_hal_pwr_ex.d" -MT"Drivers/STM32F4xx_HAL_Driver/Src/stm32f4xx_hal_pwr_ex.o" --specs=nano.specs -mfpu=fpv4-sp-d16 -mfloat-abi=hard -mthumb -o "Drivers/STM32F4xx_HAL_Driver/Src/stm32f4xx_hal_pwr_ex.o"
arm-none-eabi-gcc "../Drivers/STM32F4xx_HAL_Driver/Src/stm32f4xx_hal_rcc.c" -mcpu=cortex-m4 -std=gnu11 -g3 -DDEBUG -DUSE_HAL_DRIVER -DSTM32F411xE -c -I../Core/Inc -I../Drivers/STM32F4xx_HAL_Driver/Inc -I../Drivers/STM32F4xx_HAL_Driver/Inc/Legacy -I../Drivers/CMSIS/Device/ST/STM32F4xx/Include -I../Drivers/CMSIS/Include -O0 -ffunction-sections -fdata-sections -Wall -fstack-usage -fcyclomatic-complexity -MMD -MP -MF"Drivers/STM32F4xx_HAL_Driver/Src/stm32f4xx_hal_rcc.d" -MT"Drivers/STM32F4xx_HAL_Driver/Src/stm32f4xx_hal_rcc.o" --specs=nano.specs -mfpu=fpv4-sp-d16 -mfloat-abi=hard -mthumb -o "Drivers/STM32F4xx_HAL_Driver/Src/stm32f4xx_hal_rcc.o"
arm-none-eabi-gcc "../Drivers/STM32F4xx_HAL_Driver/Src/stm32f4xx_hal_rcc_ex.c" -mcpu=cortex-m4 -std=gnu11 -g3 -DDEBUG -DUSE_HAL_DRIVER -DSTM32F411xE -c -I../Core/Inc -I../Drivers/STM32F4xx_HAL_Driver/Inc -I../Drivers/STM32F4xx_HAL_Driver/Inc/Legacy -I../Drivers/CMSIS/Device/ST/STM32F4xx/Include -I../Drivers/CMSIS/Include -O0 -ffunction-sections -fdata-sections -Wall -fstack-usage -fcyclomatic-complexity -MMD -MP -MF"Drivers/STM32F4xx_HAL_Driver/Src/stm32f4xx_hal_rcc_ex.d" -MT"Drivers/STM32F4xx_HAL_Driver/Src/stm32f4xx_hal_rcc_ex.o" --specs=nano.specs -mfpu=fpv4-sp-d16 -mfloat-abi=hard -mthumb -o "Drivers/STM32F4xx_HAL_Driver/Src/stm32f4xx_hal_rcc_ex.o"
arm-none-eabi-gcc "../Drivers/STM32F4xx_HAL_Driver/Src/stm32f4xx_hal_tim.c" -mcpu=cortex-m4 -std=gnu11 -g3 -DDEBUG -DUSE_HAL_DRIVER -DSTM32F411xE -c -I../Core/Inc -I../Drivers/STM32F4xx_HAL_Driver/Inc -I../Drivers/STM32F4xx_HAL_Driver/Inc/Legacy -I../Drivers/CMSIS/Device/ST/STM32F4xx/Include -I../Drivers/CMSIS/Include -O0 -ffunction-sections -fdata-sections -Wall -fstack-usage -fcyclomatic-complexity -MMD -MP -MF"Drivers/STM32F4xx_HAL_Driver/Src/stm32f4xx_hal_tim.d" -MT"Drivers/STM32F4xx_HAL_Driver/Src/stm32f4xx_hal_tim.o" --specs=nano.specs -mfpu=fpv4-sp-d16 -mfloat-abi=hard -mthumb -o "Drivers/STM32F4xx_HAL_Driver/Src/stm32f4xx_hal_tim.o"
arm-none-eabi-gcc "../Drivers/STM32F4xx_HAL_Driver/Src/stm32f4xx_hal_tim_ex.c" -mcpu=cortex-m4 -std=gnu11 -g3 -DDEBUG -DUSE_HAL_DRIVER -DSTM32F411xE -c -I../Core/Inc -I../Drivers/STM32F4xx_HAL_Driver/Inc -I../Drivers/STM32F4xx_HAL_Driver/Inc/Legacy -I../Drivers/CMSIS/Device/ST/STM32F4xx/Include -I../Drivers/CMSIS/Include -O0 -ffunction-sections -fdata-sections -Wall -fstack-usage -fcyclomatic-complexity -MMD -MP -MF"Drivers/STM32F4xx_HAL_Driver/Src/stm32f4xx_hal_tim_ex.d" -MT"Drivers/STM32F4xx_HAL_Driver/Src/stm32f4xx_hal_tim_ex.o" --specs=nano.specs -mfpu=fpv4-sp-d16 -mfloat-abi=hard -mthumb -o "Drivers/STM32F4xx_HAL_Driver/Src/stm32f4xx_hal_tim_ex.o"
arm-none-eabi-gcc "../Drivers/STM32F4xx_HAL_Driver/Src/stm32f4xx_hal_uart.c" -mcpu=cortex-m4 -std=gnu11 -g3 -DDEBUG -DUSE_HAL_DRIVER -DSTM32F411xE -c -I../Core/Inc -I../Drivers/STM32F4xx_HAL_Driver/Inc -I../Drivers/STM32F4xx_HAL_Driver/Inc/Legacy -I../Drivers/CMSIS/Device/ST/STM32F4xx/Include -I../Drivers/CMSIS/Include -O0 -ffunction-sections -fdata-sections -Wall -fstack-usage -fcyclomatic-complexity -MMD -MP -MF"Drivers/STM32F4xx_HAL_Driver/Src/stm32f4xx_hal_uart.d" -MT"Drivers/STM32F4xx_HAL_Driver/Src/stm32f4xx_hal_uart.o" --specs=nano.specs -mfpu=fpv4-sp-d16 -mfloat-abi=hard -mthumb -o "Drivers/STM32F4xx_HAL_Driver/Src/stm32f4xx_hal_uart.o"
arm-none-eabi-gcc "../Drivers/STM32F4xx_HAL_Driver/Src/stm32f4xx_ll_adc.c" -mcpu=cortex-m4 -std=gnu11 -g3 -DDEBUG -DUSE_HAL_DRIVER -DSTM32F411xE -c -I../Core/Inc -I../Drivers/STM32F4xx_HAL_Driver/Inc -I../Drivers/STM32F4xx_HAL_Driver/Inc/Legacy -I../Drivers/CMSIS/Device/ST/STM32F4xx/Include -I../Drivers/CMSIS/Include -O0 -ffunction-sections -fdata-sections -Wall -fstack-usage -fcyclomatic-complexity -MMD -MP -MF"Drivers/STM32F4xx_HAL_Driver/Src/stm32f4xx_ll_adc.d" -MT"Drivers/STM32F4xx_HAL_Driver/Src/stm32f4xx_ll_adc.o" --specs=nano.specs -mfpu=fpv4-sp-d16 -mfloat-abi=hard -mthumb -o "Drivers/STM32F4xx_HAL_Driver/Src/stm32f4xx_ll_adc.o"
arm-none-eabi-gcc -mcpu=cortex-m4 -g3 -DDEBUG -c -x assembler-with-cpp -MMD -MP -MF"Core/Startup/startup_stm32f411ceux.d" -MT"Core/Startup/startup_stm32f411ceux.o" --specs=nano.specs -mfpu=fpv4-sp-d16 -mfloat-abi=hard -mthumb -o "Core/Startup/startup_stm32f411ceux.o" "../Core/Startup/startup_stm32f411ceux.s"
arm-none-eabi-gcc "../Core/Src/bluetooth.c" -mcpu=cortex-m4 -std=gnu11 -g3 -DDEBUG -DUSE_HAL_DRIVER -DSTM32F411xE -c -I../Core/Inc -I../Drivers/STM32F4xx_HAL_Driver/Inc -I../Drivers/STM32F4xx_HAL_Driver/Inc/Legacy -I../Drivers/CMSIS/Device/ST/STM32F4xx/Include -I../Drivers/CMSIS/Include -O0 -ffunction-sections -fdata-sections -Wall -fstack-usage -fcyclomatic-complexity -MMD -MP -MF"Core/Src/bluetooth.d" -MT"Core/Src/bluetooth.o" --specs=nano.specs -mfpu=fpv4-sp-d16 -mfloat-abi=hard -mthumb -o "Core/Src/bluetooth.o"
arm-none-eabi-gcc "../Core/Src/main.c" -mcpu=cortex-m4 -std=gnu11 -g3 -DDEBUG -DUSE_HAL_DRIVER -DSTM32F411xE -c -I../Core/Inc -I../Drivers/STM32F4xx_HAL_Driver/Inc -I../Drivers/STM32F4xx_HAL_Driver/Inc/Legacy -I../Drivers/CMSIS/Device/ST/STM32F4xx/Include -I../Drivers/CMSIS/Include -O0 -ffunction-sections -fdata-sections -Wall -fstack-usage -fcyclomatic-complexity -MMD -MP -MF"Core/Src/main.d" -MT"Core/Src/main.o" --specs=nano.specs -mfpu=fpv4-sp-d16 -mfloat-abi=hard -mthumb -o "Core/Src/main.o"
arm-none-eabi-gcc "../Core/Src/motor.c" -mcpu=cortex-m4 -std=gnu11 -g3 -DDEBUG -DUSE_HAL_DRIVER -DSTM32F411xE -c -I../Core/Inc -I../Drivers/STM32F4xx_HAL_Driver/Inc -I../Drivers/STM32F4xx_HAL_Driver/Inc/Legacy -I../Drivers/CMSIS/Device/ST/STM32F4xx/Include -I../Drivers/CMSIS/Include -O0 -ffunction-sections -fdata-sections -Wall -fstack-usage -fcyclomatic-complexity -MMD -MP -MF"Core/Src/motor.d" -MT"Core/Src/motor.o" --specs=nano.specs -mfpu=fpv4-sp-d16 -mfloat-abi=hard -mthumb -o "Core/Src/motor.o"
arm-none-eabi-gcc "../Core/Src/sensor_module.c" -mcpu=cortex-m4 -std=gnu11 -g3 -DDEBUG -DUSE_HAL_DRIVER -DSTM32F411xE -c -I../Core/Inc -I../Drivers/STM32F4xx_HAL_Driver/Inc -I../Drivers/STM32F4xx_HAL_Driver/Inc/Legacy -I../Drivers/CMSIS/Device/ST/STM32F4xx/Include -I../Drivers/CMSIS/Include -O0 -ffunction-sections -fdata-sections -Wall -fstack-usage -fcyclomatic-complexity -MMD -MP -MF"Core/Src/sensor_module.d" -MT"Core/Src/sensor_module.o" --specs=nano.specs -mfpu=fpv4-sp-d16 -mfloat-abi=hard -mthumb -o "Core/Src/sensor_module.o"
arm-none-eabi-gcc "../Core/Src/stm32f4xx_hal_msp.c" -mcpu=cortex-m4 -std=gnu11 -g3 -DDEBUG -DUSE_HAL_DRIVER -DSTM32F411xE -c -I../Core/Inc -I../Drivers/STM32F4xx_HAL_Driver/Inc -I../Drivers/STM32F4xx_HAL_Driver/Inc/Legacy -I../Drivers/CMSIS/Device/ST/STM32F4xx/Include -I../Drivers/CMSIS/Include -O0 -ffunction-sections -fdata-sections -Wall -fstack-usage -fcyclomatic-complexity -MMD -MP -MF"Core/Src/stm32f4xx_hal_msp.d" -MT"Core/Src/stm32f4xx_hal_msp.o" --specs=nano.specs -mfpu=fpv4-sp-d16 -mfloat-abi=hard -mthumb -o "Core/Src/stm32f4xx_hal_msp.o"
arm-none-eabi-gcc "../Core/Src/stm32f4xx_it.c" -mcpu=cortex-m4 -std=gnu11 -g3 -DDEBUG -DUSE_HAL_DRIVER -DSTM32F411xE -c -I../Core/Inc -I../Drivers/STM32F4xx_HAL_Driver/Inc -I../Drivers/STM32F4xx_HAL_Driver/Inc/Legacy -I../Drivers/CMSIS/Device/ST/STM32F4xx/Include -I../Drivers/CMSIS/Include -O0 -ffunction-sections -fdata-sections -Wall -fstack-usage -fcyclomatic-complexity -MMD -MP -MF"Core/Src/stm32f4xx_it.d" -MT"Core/Src/stm32f4xx_it.o" --specs=nano.specs -mfpu=fpv4-sp-d16 -mfloat-abi=hard -mthumb -o "Core/Src/stm32f4xx_it.o"
arm-none-eabi-gcc "../Core/Src/syscalls.c" -mcpu=cortex-m4 -std=gnu11 -g3 -DDEBUG -DUSE_HAL_DRIVER -DSTM32F411xE -c -I../Core/Inc -I../Drivers/STM32F4xx_HAL_Driver/Inc -I../Drivers/STM32F4xx_HAL_Driver/Inc/Legacy -I../Drivers/CMSIS/Device/ST/STM32F4xx/Include -I../Drivers/CMSIS/Include -O0 -ffunction-sections -fdata-sections -Wall -fstack-usage -fcyclomatic-complexity -MMD -MP -MF"Core/Src/syscalls.d" -MT"Core/Src/syscalls.o" --specs=nano.specs -mfpu=fpv4-sp-d16 -mfloat-abi=hard -mthumb -o "Core/Src/syscalls.o"
arm-none-eabi-gcc "../Core/Src/sysmem.c" -mcpu=cortex-m4 -std=gnu11 -g3 -DDEBUG -DUSE_HAL_DRIVER -DSTM32F411xE -c -I../Core/Inc -I../Drivers/STM32F4xx_HAL_Driver/Inc -I../Drivers/STM32F4xx_HAL_Driver/Inc/Legacy -I../Drivers/CMSIS/Device/ST/STM32F4xx/Include -I../Drivers/CMSIS/Include -O0 -ffunction-sections -fdata-sections -Wall -fstack-usage -fcyclomatic-complexity -MMD -MP -MF"Core/Src/sysmem.d" -MT"Core/Src/sysmem.o" --specs=nano.specs -mfpu=fpv4-sp-d16 -mfloat-abi=hard -mthumb -o "Core/Src/sysmem.o"
arm-none-eabi-gcc "../Core/Src/system_stm32f4xx.c" -mcpu=cortex-m4 -std=gnu11 -g3 -DDEBUG -DUSE_HAL_DRIVER -DSTM32F411xE -c -I../Core/Inc -I../Drivers/STM32F4xx_HAL_Driver/Inc -I../Drivers/STM32F4xx_HAL_Driver/Inc/Legacy -I../Drivers/CMSIS/Device/ST/STM32F4xx/Include -I../Drivers/CMSIS/Include -O0 -ffunction-sections -fdata-sections -Wall -fstack-usage -fcyclomatic-complexity -MMD -MP -MF"Core/Src/system_stm32f4xx.d" -MT"Core/Src/system_stm32f4xx.o" --specs=nano.specs -mfpu=fpv4-sp-d16 -mfloat-abi=hard -mthumb -o "Core/Src/system_stm32f4xx.o"
../Core/Src/sensor_module.c: In function 'detect_junction':
../Core/Src/sensor_module.c:89:13: warning: unused variable 'active' [-Wunused-variable]
   89 |         int active = count_active_sensors(sensor_array);
      |             ^~~~~~
arm-none-eabi-gcc "../Core/Src/utils.c" -mcpu=cortex-m4 -std=gnu11 -g3 -DDEBUG -DUSE_HAL_DRIVER -DSTM32F411xE -c -I../Core/Inc -I../Drivers/STM32F4xx_HAL_Driver/Inc -I../Drivers/STM32F4xx_HAL_Driver/Inc/Legacy -I../Drivers/CMSIS/Device/ST/STM32F4xx/Include -I../Drivers/CMSIS/Include -O0 -ffunction-sections -fdata-sections -Wall -fstack-usage -fcyclomatic-complexity -MMD -MP -MF"Core/Src/utils.d" -MT"Core/Src/utils.o" --specs=nano.specs -mfpu=fpv4-sp-d16 -mfloat-abi=hard -mthumb -o "Core/Src/utils.o"
arm-none-eabi-gcc -o "line_follower.elf" @"objects.list"   -mcpu=cortex-m4 -T"C:\Users\7_wick\flf_workspace\line_follower\STM32F411CEUX_FLASH.ld" --specs=nosys.specs -Wl,-Map="line_follower.map" -Wl,--gc-sections -static -u _scanf_float -u _printf_float --specs=nano.specs -mfpu=fpv4-sp-d16 -mfloat-abi=hard -mthumb -Wl,--start-group -lc -lm -Wl,--end-group
Finished building target: line_follower.elf
 
arm-none-eabi-size  line_follower.elf 
arm-none-eabi-objdump -h -S line_follower.elf  > "line_follower.list"
   text	   data	    bss	    dec	    hex	filename
  47020	    504	   2512	  50036	   c374	line_follower.elf
Finished building: default.size.stdout
 
Finished building: line_follower.list
 
18:47:09 **** Incremental Build of configuration Debug for project line_follower ****
make -j12 all 
arm-none-eabi-gcc "../Core/Src/main.c" -mcpu=cortex-m4 -std=gnu11 -g3 -DDEBUG -DUSE_HAL_DRIVER -DSTM32F411xE -c -I../Core/Inc -I../Drivers/STM32F4xx_HAL_Driver/Inc -I../Drivers/STM32F4xx_HAL_Driver/Inc/Legacy -I../Drivers/CMSIS/Device/ST/STM32F4xx/Include -I../Drivers/CMSIS/Include -O0 -ffunction-sections -fdata-sections -Wall -fstack-usage -fcyclomatic-complexity -MMD -MP -MF"Core/Src/main.d" -MT"Core/Src/main.o" --specs=nano.specs -mfpu=fpv4-sp-d16 -mfloat-abi=hard -mthumb -o "Core/Src/main.o"
arm-none-eabi-gcc -o "line_follower.elf" @"objects.list"   -mcpu=cortex-m4 -T"C:\Users\7_wick\flf_workspace\line_follower\STM32F411CEUX_FLASH.ld" --specs=nosys.specs -Wl,-Map="line_follower.map" -Wl,--gc-sections -static -u _scanf_float -u _printf_float --specs=nano.specs -mfpu=fpv4-sp-d16 -mfloat-abi=hard -mthumb -Wl,--start-group -lc -lm -Wl,--end-group
Finished building target: line_follower.elf
 
arm-none-eabi-size  line_follower.elf 
arm-none-eabi-objdump -h -S line_follower.elf  > "line_follower.list"
   text	   data	    bss	    dec	    hex	filename
  47020	    504	   2512	  50036	   c374	line_follower.elf
Finished building: default.size.stdout
 
Finished building: line_follower.list
 
18:52:11 **** Incremental Build of configuration Debug for project line_follower ****
make -j12 all 
arm-none-eabi-gcc "../Core/Src/main.c" -mcpu=cortex-m4 -std=gnu11 -g3 -DDEBUG -DUSE_HAL_DRIVER -DSTM32F411xE -c -I../Core/Inc -I../Drivers/STM32F4xx_HAL_Driver/Inc -I../Drivers/STM32F4xx_HAL_Driver/Inc/Legacy -I../Drivers/CMSIS/Device/ST/STM32F4xx/Include -I../Drivers/CMSIS/Include -O0 -ffunction-sections -fdata-sections -Wall -fstack-usage -fcyclomatic-complexity -MMD -MP -MF"Core/Src/main.d" -MT"Core/Src/main.o" --specs=nano.specs -mfpu=fpv4-sp-d16 -mfloat-abi=hard -mthumb -o "Core/Src/main.o"
arm-none-eabi-gcc -o "line_follower.elf" @"objects.list"   -mcpu=cortex-m4 -T"C:\Users\7_wick\flf_workspace\line_follower\STM32F411CEUX_FLASH.ld" --specs=nosys.specs -Wl,-Map="line_follower.map" -Wl,--gc-sections -static -u _scanf_float -u _printf_float --specs=nano.specs -mfpu=fpv4-sp-d16 -mfloat-abi=hard -mthumb -Wl,--start-group -lc -lm -Wl,--end-group
Finished building target: line_follower.elf
 
arm-none-eabi-size  line_follower.elf 
arm-none-eabi-objdump -h -S line_follower.elf  > "line_follower.list"
   text	   data	    bss	    dec	    hex	filename
  47020	    504	   2512	  50036	   c374	line_follower.elf
Finished building: default.size.stdout
 
Finished building: line_follower.list
 
19:25:01 **** Incremental Build of configuration Debug for project line_follower ****
make -j12 all 
arm-none-eabi-gcc "../Core/Src/main.c" -mcpu=cortex-m4 -std=gnu11 -g3 -DDEBUG -DUSE_HAL_DRIVER -DSTM32F411xE -c -I../Core/Inc -I../Drivers/STM32F4xx_HAL_Driver/Inc -I../Drivers/STM32F4xx_HAL_Driver/Inc/Legacy -I../Drivers/CMSIS/Device/ST/STM32F4xx/Include -I../Drivers/CMSIS/Include -O0 -ffunction-sections -fdata-sections -Wall -fstack-usage -fcyclomatic-complexity -MMD -MP -MF"Core/Src/main.d" -MT"Core/Src/main.o" --specs=nano.specs -mfpu=fpv4-sp-d16 -mfloat-abi=hard -mthumb -o "Core/Src/main.o"
arm-none-eabi-gcc "../Core/Src/sensor_module.c" -mcpu=cortex-m4 -std=gnu11 -g3 -DDEBUG -DUSE_HAL_DRIVER -DSTM32F411xE -c -I../Core/Inc -I../Drivers/STM32F4xx_HAL_Driver/Inc -I../Drivers/STM32F4xx_HAL_Driver/Inc/Legacy -I../Drivers/CMSIS/Device/ST/STM32F4xx/Include -I../Drivers/CMSIS/Include -O0 -ffunction-sections -fdata-sections -Wall -fstack-usage -fcyclomatic-complexity -MMD -MP -MF"Core/Src/sensor_module.d" -MT"Core/Src/sensor_module.o" --specs=nano.specs -mfpu=fpv4-sp-d16 -mfloat-abi=hard -mthumb -o "Core/Src/sensor_module.o"
../Core/Src/sensor_module.c: In function 'detect_junction':
../Core/Src/sensor_module.c:89:13: warning: unused variable 'active' [-Wunused-variable]
   89 |         int active = count_active_sensors(sensor_array);
      |             ^~~~~~
arm-none-eabi-gcc -o "line_follower.elf" @"objects.list"   -mcpu=cortex-m4 -T"C:\Users\7_wick\flf_workspace\line_follower\STM32F411CEUX_FLASH.ld" --specs=nosys.specs -Wl,-Map="line_follower.map" -Wl,--gc-sections -static -u _scanf_float -u _printf_float --specs=nano.specs -mfpu=fpv4-sp-d16 -mfloat-abi=hard -mthumb -Wl,--start-group -lc -lm -Wl,--end-group
Finished building target: line_follower.elf
 
arm-none-eabi-size  line_follower.elf 
arm-none-eabi-objdump -h -S line_follower.elf  > "line_follower.list"
   text	   data	    bss	    dec	    hex	filename
  46948	    504	   2512	  49964	   c32c	line_follower.elf
Finished building: default.size.stdout
 
Finished building: line_follower.list
 
19:25:27 **** Incremental Build of configuration Debug for project line_follower ****
make -j12 all 
arm-none-eabi-size  line_follower.elf 
   text	   data	    bss	    dec	    hex	filename
  46948	    504	   2512	  49964	   c32c	line_follower.elf
Finished building: default.size.stdout
 
19:25:55 **** Incremental Build of configuration Debug for project line_follower ****
make -j12 all 
arm-none-eabi-size  line_follower.elf 
   text	   data	    bss	    dec	    hex	filename
  46948	    504	   2512	  49964	   c32c	line_follower.elf
Finished building: default.size.stdout
 
19:26:45 **** Incremental Build of configuration Debug for project line_follower ****
make -j12 all 
arm-none-eabi-size  line_follower.elf 
   text	   data	    bss	    dec	    hex	filename
  46948	    504	   2512	  49964	   c32c	line_follower.elf
Finished building: default.size.stdout
 
20:04:08 **** Incremental Build of configuration Debug for project line_follower ****
make -j12 all 
arm-none-eabi-gcc "../Core/Src/main.c" -mcpu=cortex-m4 -std=gnu11 -g3 -DDEBUG -DUSE_HAL_DRIVER -DSTM32F411xE -c -I../Core/Inc -I../Drivers/STM32F4xx_HAL_Driver/Inc -I../Drivers/STM32F4xx_HAL_Driver/Inc/Legacy -I../Drivers/CMSIS/Device/ST/STM32F4xx/Include -I../Drivers/CMSIS/Include -O0 -ffunction-sections -fdata-sections -Wall -fstack-usage -fcyclomatic-complexity -MMD -MP -MF"Core/Src/main.d" -MT"Core/Src/main.o" --specs=nano.specs -mfpu=fpv4-sp-d16 -mfloat-abi=hard -mthumb -o "Core/Src/main.o"
arm-none-eabi-gcc "../Core/Src/sensor_module.c" -mcpu=cortex-m4 -std=gnu11 -g3 -DDEBUG -DUSE_HAL_DRIVER -DSTM32F411xE -c -I../Core/Inc -I../Drivers/STM32F4xx_HAL_Driver/Inc -I../Drivers/STM32F4xx_HAL_Driver/Inc/Legacy -I../Drivers/CMSIS/Device/ST/STM32F4xx/Include -I../Drivers/CMSIS/Include -O0 -ffunction-sections -fdata-sections -Wall -fstack-usage -fcyclomatic-complexity -MMD -MP -MF"Core/Src/sensor_module.d" -MT"Core/Src/sensor_module.o" --specs=nano.specs -mfpu=fpv4-sp-d16 -mfloat-abi=hard -mthumb -o "Core/Src/sensor_module.o"
../Core/Src/sensor_module.c: In function 'detect_junction':
../Core/Src/sensor_module.c:89:13: warning: unused variable 'active' [-Wunused-variable]
   89 |         int active = count_active_sensors(sensor_array);
      |             ^~~~~~
arm-none-eabi-gcc -o "line_follower.elf" @"objects.list"   -mcpu=cortex-m4 -T"C:\Users\7_wick\flf_workspace\line_follower\STM32F411CEUX_FLASH.ld" --specs=nosys.specs -Wl,-Map="line_follower.map" -Wl,--gc-sections -static -u _scanf_float -u _printf_float --specs=nano.specs -mfpu=fpv4-sp-d16 -mfloat-abi=hard -mthumb -Wl,--start-group -lc -lm -Wl,--end-group
Finished building target: line_follower.elf
 
arm-none-eabi-size  line_follower.elf 
arm-none-eabi-objdump -h -S line_follower.elf  > "line_follower.list"
   text	   data	    bss	    dec	    hex	filename
  47020	    504	   2512	  50036	   c374	line_follower.elf
Finished building: default.size.stdout
 
Finished building: line_follower.list
 
20:09:47 **** Incremental Build of configuration Debug for project line_follower ****
make -j12 all 
arm-none-eabi-gcc "../Core/Src/main.c" -mcpu=cortex-m4 -std=gnu11 -g3 -DDEBUG -DUSE_HAL_DRIVER -DSTM32F411xE -c -I../Core/Inc -I../Drivers/STM32F4xx_HAL_Driver/Inc -I../Drivers/STM32F4xx_HAL_Driver/Inc/Legacy -I../Drivers/CMSIS/Device/ST/STM32F4xx/Include -I../Drivers/CMSIS/Include -O0 -ffunction-sections -fdata-sections -Wall -fstack-usage -fcyclomatic-complexity -MMD -MP -MF"Core/Src/main.d" -MT"Core/Src/main.o" --specs=nano.specs -mfpu=fpv4-sp-d16 -mfloat-abi=hard -mthumb -o "Core/Src/main.o"
arm-none-eabi-gcc "../Core/Src/sensor_module.c" -mcpu=cortex-m4 -std=gnu11 -g3 -DDEBUG -DUSE_HAL_DRIVER -DSTM32F411xE -c -I../Core/Inc -I../Drivers/STM32F4xx_HAL_Driver/Inc -I../Drivers/STM32F4xx_HAL_Driver/Inc/Legacy -I../Drivers/CMSIS/Device/ST/STM32F4xx/Include -I../Drivers/CMSIS/Include -O0 -ffunction-sections -fdata-sections -Wall -fstack-usage -fcyclomatic-complexity -MMD -MP -MF"Core/Src/sensor_module.d" -MT"Core/Src/sensor_module.o" --specs=nano.specs -mfpu=fpv4-sp-d16 -mfloat-abi=hard -mthumb -o "Core/Src/sensor_module.o"
../Core/Src/sensor_module.c: In function 'detect_junction':
../Core/Src/sensor_module.c:89:13: warning: unused variable 'active' [-Wunused-variable]
   89 |         int active = count_active_sensors(sensor_array);
      |             ^~~~~~
arm-none-eabi-gcc -o "line_follower.elf" @"objects.list"   -mcpu=cortex-m4 -T"C:\Users\7_wick\flf_workspace\line_follower\STM32F411CEUX_FLASH.ld" --specs=nosys.specs -Wl,-Map="line_follower.map" -Wl,--gc-sections -static -u _scanf_float -u _printf_float --specs=nano.specs -mfpu=fpv4-sp-d16 -mfloat-abi=hard -mthumb -Wl,--start-group -lc -lm -Wl,--end-group
Finished building target: line_follower.elf
 
arm-none-eabi-size  line_follower.elf 
arm-none-eabi-objdump -h -S line_follower.elf  > "line_follower.list"
   text	   data	    bss	    dec	    hex	filename
  46964	    504	   2512	  49980	   c33c	line_follower.elf
Finished building: default.size.stdout
 
Finished building: line_follower.list
 
20:26:54 **** Incremental Build of configuration Debug for project line_follower ****
make -j12 all 
arm-none-eabi-gcc "../Core/Src/main.c" -mcpu=cortex-m4 -std=gnu11 -g3 -DDEBUG -DUSE_HAL_DRIVER -DSTM32F411xE -c -I../Core/Inc -I../Drivers/STM32F4xx_HAL_Driver/Inc -I../Drivers/STM32F4xx_HAL_Driver/Inc/Legacy -I../Drivers/CMSIS/Device/ST/STM32F4xx/Include -I../Drivers/CMSIS/Include -O0 -ffunction-sections -fdata-sections -Wall -fstack-usage -fcyclomatic-complexity -MMD -MP -MF"Core/Src/main.d" -MT"Core/Src/main.o" --specs=nano.specs -mfpu=fpv4-sp-d16 -mfloat-abi=hard -mthumb -o "Core/Src/main.o"
arm-none-eabi-gcc -o "line_follower.elf" @"objects.list"   -mcpu=cortex-m4 -T"C:\Users\7_wick\flf_workspace\line_follower\STM32F411CEUX_FLASH.ld" --specs=nosys.specs -Wl,-Map="line_follower.map" -Wl,--gc-sections -static -u _scanf_float -u _printf_float --specs=nano.specs -mfpu=fpv4-sp-d16 -mfloat-abi=hard -mthumb -Wl,--start-group -lc -lm -Wl,--end-group
Finished building target: line_follower.elf
 
arm-none-eabi-size  line_follower.elf 
arm-none-eabi-objdump -h -S line_follower.elf  > "line_follower.list"
   text	   data	    bss	    dec	    hex	filename
  47020	    504	   2512	  50036	   c374	line_follower.elf
Finished building: default.size.stdout
 
Finished building: line_follower.list
 
20:55:21 **** Incremental Build of configuration Debug for project line_follower ****
make -j12 all 
arm-none-eabi-gcc "../Core/Src/main.c" -mcpu=cortex-m4 -std=gnu11 -g3 -DDEBUG -DUSE_HAL_DRIVER -DSTM32F411xE -c -I../Core/Inc -I../Drivers/STM32F4xx_HAL_Driver/Inc -I../Drivers/STM32F4xx_HAL_Driver/Inc/Legacy -I../Drivers/CMSIS/Device/ST/STM32F4xx/Include -I../Drivers/CMSIS/Include -O0 -ffunction-sections -fdata-sections -Wall -fstack-usage -fcyclomatic-complexity -MMD -MP -MF"Core/Src/main.d" -MT"Core/Src/main.o" --specs=nano.specs -mfpu=fpv4-sp-d16 -mfloat-abi=hard -mthumb -o "Core/Src/main.o"
arm-none-eabi-gcc -o "line_follower.elf" @"objects.list"   -mcpu=cortex-m4 -T"C:\Users\7_wick\flf_workspace\line_follower\STM32F411CEUX_FLASH.ld" --specs=nosys.specs -Wl,-Map="line_follower.map" -Wl,--gc-sections -static -u _scanf_float -u _printf_float --specs=nano.specs -mfpu=fpv4-sp-d16 -mfloat-abi=hard -mthumb -Wl,--start-group -lc -lm -Wl,--end-group
Finished building target: line_follower.elf
 
arm-none-eabi-size  line_follower.elf 
arm-none-eabi-objdump -h -S line_follower.elf  > "line_follower.list"
   text	   data	    bss	    dec	    hex	filename
  47044	    504	   2512	  50060	   c38c	line_follower.elf
Finished building: default.size.stdout
 
Finished building: line_follower.list
 
21:19:53 **** Incremental Build of configuration Debug for project line_follower ****
make -j12 all 
arm-none-eabi-gcc "../Core/Src/main.c" -mcpu=cortex-m4 -std=gnu11 -g3 -DDEBUG -DUSE_HAL_DRIVER -DSTM32F411xE -c -I../Core/Inc -I../Drivers/STM32F4xx_HAL_Driver/Inc -I../Drivers/STM32F4xx_HAL_Driver/Inc/Legacy -I../Drivers/CMSIS/Device/ST/STM32F4xx/Include -I../Drivers/CMSIS/Include -O0 -ffunction-sections -fdata-sections -Wall -fstack-usage -fcyclomatic-complexity -MMD -MP -MF"Core/Src/main.d" -MT"Core/Src/main.o" --specs=nano.specs -mfpu=fpv4-sp-d16 -mfloat-abi=hard -mthumb -o "Core/Src/main.o"
arm-none-eabi-gcc -o "line_follower.elf" @"objects.list"   -mcpu=cortex-m4 -T"C:\Users\7_wick\flf_workspace\line_follower\STM32F411CEUX_FLASH.ld" --specs=nosys.specs -Wl,-Map="line_follower.map" -Wl,--gc-sections -static -u _scanf_float -u _printf_float --specs=nano.specs -mfpu=fpv4-sp-d16 -mfloat-abi=hard -mthumb -Wl,--start-group -lc -lm -Wl,--end-group
Finished building target: line_follower.elf
 
arm-none-eabi-size  line_follower.elf 
arm-none-eabi-objdump -h -S line_follower.elf  > "line_follower.list"
   text	   data	    bss	    dec	    hex	filename
  47044	    504	   2512	  50060	   c38c	line_follower.elf
Finished building: default.size.stdout
 
Finished building: line_follower.list
 
21:23:50 **** Incremental Build of configuration Debug for project line_follower ****
make -j12 all 
arm-none-eabi-gcc "../Core/Src/main.c" -mcpu=cortex-m4 -std=gnu11 -g3 -DDEBUG -DUSE_HAL_DRIVER -DSTM32F411xE -c -I../Core/Inc -I../Drivers/STM32F4xx_HAL_Driver/Inc -I../Drivers/STM32F4xx_HAL_Driver/Inc/Legacy -I../Drivers/CMSIS/Device/ST/STM32F4xx/Include -I../Drivers/CMSIS/Include -O0 -ffunction-sections -fdata-sections -Wall -fstack-usage -fcyclomatic-complexity -MMD -MP -MF"Core/Src/main.d" -MT"Core/Src/main.o" --specs=nano.specs -mfpu=fpv4-sp-d16 -mfloat-abi=hard -mthumb -o "Core/Src/main.o"
arm-none-eabi-gcc -o "line_follower.elf" @"objects.list"   -mcpu=cortex-m4 -T"C:\Users\7_wick\flf_workspace\line_follower\STM32F411CEUX_FLASH.ld" --specs=nosys.specs -Wl,-Map="line_follower.map" -Wl,--gc-sections -static -u _scanf_float -u _printf_float --specs=nano.specs -mfpu=fpv4-sp-d16 -mfloat-abi=hard -mthumb -Wl,--start-group -lc -lm -Wl,--end-group
Finished building target: line_follower.elf
 
arm-none-eabi-size  line_follower.elf 
arm-none-eabi-objdump -h -S line_follower.elf  > "line_follower.list"
   text	   data	    bss	    dec	    hex	filename
  47044	    504	   2512	  50060	   c38c	line_follower.elf
Finished building: default.size.stdout
 
Finished building: line_follower.list
 
21:29:20 **** Incremental Build of configuration Debug for project line_follower ****
make -j12 all 
arm-none-eabi-gcc "../Core/Src/main.c" -mcpu=cortex-m4 -std=gnu11 -g3 -DDEBUG -DUSE_HAL_DRIVER -DSTM32F411xE -c -I../Core/Inc -I../Drivers/STM32F4xx_HAL_Driver/Inc -I../Drivers/STM32F4xx_HAL_Driver/Inc/Legacy -I../Drivers/CMSIS/Device/ST/STM32F4xx/Include -I../Drivers/CMSIS/Include -O0 -ffunction-sections -fdata-sections -Wall -fstack-usage -fcyclomatic-complexity -MMD -MP -MF"Core/Src/main.d" -MT"Core/Src/main.o" --specs=nano.specs -mfpu=fpv4-sp-d16 -mfloat-abi=hard -mthumb -o "Core/Src/main.o"
../Core/Src/main.c: In function 'main':
../Core/Src/main.c:227:30: error: assignment to 'int *' from incompatible pointer type 'float *' [-Wincompatible-pointer-types]
  227 |         sensor_array.weights = sensor_weights;
      |                              ^
make: *** [Core/Src/subdir.mk:46: Core/Src/main.o] Error 1
"make -j12 all" terminated with exit code 2. Build might be incomplete.
21:30:25 **** Incremental Build of configuration Debug for project line_follower ****
make -j12 all 
arm-none-eabi-gcc "../Core/Src/bluetooth.c" -mcpu=cortex-m4 -std=gnu11 -g3 -DDEBUG -DUSE_HAL_DRIVER -DSTM32F411xE -c -I../Core/Inc -I../Drivers/STM32F4xx_HAL_Driver/Inc -I../Drivers/STM32F4xx_HAL_Driver/Inc/Legacy -I../Drivers/CMSIS/Device/ST/STM32F4xx/Include -I../Drivers/CMSIS/Include -O0 -ffunction-sections -fdata-sections -Wall -fstack-usage -fcyclomatic-complexity -MMD -MP -MF"Core/Src/bluetooth.d" -MT"Core/Src/bluetooth.o" --specs=nano.specs -mfpu=fpv4-sp-d16 -mfloat-abi=hard -mthumb -o "Core/Src/bluetooth.o"
arm-none-eabi-gcc "../Core/Src/main.c" -mcpu=cortex-m4 -std=gnu11 -g3 -DDEBUG -DUSE_HAL_DRIVER -DSTM32F411xE -c -I../Core/Inc -I../Drivers/STM32F4xx_HAL_Driver/Inc -I../Drivers/STM32F4xx_HAL_Driver/Inc/Legacy -I../Drivers/CMSIS/Device/ST/STM32F4xx/Include -I../Drivers/CMSIS/Include -O0 -ffunction-sections -fdata-sections -Wall -fstack-usage -fcyclomatic-complexity -MMD -MP -MF"Core/Src/main.d" -MT"Core/Src/main.o" --specs=nano.specs -mfpu=fpv4-sp-d16 -mfloat-abi=hard -mthumb -o "Core/Src/main.o"
arm-none-eabi-gcc "../Core/Src/motor.c" -mcpu=cortex-m4 -std=gnu11 -g3 -DDEBUG -DUSE_HAL_DRIVER -DSTM32F411xE -c -I../Core/Inc -I../Drivers/STM32F4xx_HAL_Driver/Inc -I../Drivers/STM32F4xx_HAL_Driver/Inc/Legacy -I../Drivers/CMSIS/Device/ST/STM32F4xx/Include -I../Drivers/CMSIS/Include -O0 -ffunction-sections -fdata-sections -Wall -fstack-usage -fcyclomatic-complexity -MMD -MP -MF"Core/Src/motor.d" -MT"Core/Src/motor.o" --specs=nano.specs -mfpu=fpv4-sp-d16 -mfloat-abi=hard -mthumb -o "Core/Src/motor.o"
arm-none-eabi-gcc "../Core/Src/sensor_module.c" -mcpu=cortex-m4 -std=gnu11 -g3 -DDEBUG -DUSE_HAL_DRIVER -DSTM32F411xE -c -I../Core/Inc -I../Drivers/STM32F4xx_HAL_Driver/Inc -I../Drivers/STM32F4xx_HAL_Driver/Inc/Legacy -I../Drivers/CMSIS/Device/ST/STM32F4xx/Include -I../Drivers/CMSIS/Include -O0 -ffunction-sections -fdata-sections -Wall -fstack-usage -fcyclomatic-complexity -MMD -MP -MF"Core/Src/sensor_module.d" -MT"Core/Src/sensor_module.o" --specs=nano.specs -mfpu=fpv4-sp-d16 -mfloat-abi=hard -mthumb -o "Core/Src/sensor_module.o"
arm-none-eabi-gcc "../Core/Src/utils.c" -mcpu=cortex-m4 -std=gnu11 -g3 -DDEBUG -DUSE_HAL_DRIVER -DSTM32F411xE -c -I../Core/Inc -I../Drivers/STM32F4xx_HAL_Driver/Inc -I../Drivers/STM32F4xx_HAL_Driver/Inc/Legacy -I../Drivers/CMSIS/Device/ST/STM32F4xx/Include -I../Drivers/CMSIS/Include -O0 -ffunction-sections -fdata-sections -Wall -fstack-usage -fcyclomatic-complexity -MMD -MP -MF"Core/Src/utils.d" -MT"Core/Src/utils.o" --specs=nano.specs -mfpu=fpv4-sp-d16 -mfloat-abi=hard -mthumb -o "Core/Src/utils.o"
../Core/Src/sensor_module.c: In function 'detect_junction':
../Core/Src/sensor_module.c:89:13: warning: unused variable 'active' [-Wunused-variable]
   89 |         int active = count_active_sensors(sensor_array);
      |             ^~~~~~
arm-none-eabi-gcc -o "line_follower.elf" @"objects.list"   -mcpu=cortex-m4 -T"C:\Users\7_wick\flf_workspace\line_follower\STM32F411CEUX_FLASH.ld" --specs=nosys.specs -Wl,-Map="line_follower.map" -Wl,--gc-sections -static -u _scanf_float -u _printf_float --specs=nano.specs -mfpu=fpv4-sp-d16 -mfloat-abi=hard -mthumb -Wl,--start-group -lc -lm -Wl,--end-group
Finished building target: line_follower.elf
 
arm-none-eabi-size  line_follower.elf 
arm-none-eabi-objdump -h -S line_follower.elf  > "line_follower.list"
   text	   data	    bss	    dec	    hex	filename
  47052	    504	   2512	  50068	   c394	line_follower.elf
Finished building: default.size.stdout
 
Finished building: line_follower.list
 
21:38:11 **** Incremental Build of configuration Debug for project line_follower ****
make -j12 all 
arm-none-eabi-gcc "../Core/Src/main.c" -mcpu=cortex-m4 -std=gnu11 -g3 -DDEBUG -DUSE_HAL_DRIVER -DSTM32F411xE -c -I../Core/Inc -I../Drivers/STM32F4xx_HAL_Driver/Inc -I../Drivers/STM32F4xx_HAL_Driver/Inc/Legacy -I../Drivers/CMSIS/Device/ST/STM32F4xx/Include -I../Drivers/CMSIS/Include -O0 -ffunction-sections -fdata-sections -Wall -fstack-usage -fcyclomatic-complexity -MMD -MP -MF"Core/Src/main.d" -MT"Core/Src/main.o" --specs=nano.specs -mfpu=fpv4-sp-d16 -mfloat-abi=hard -mthumb -o "Core/Src/main.o"
arm-none-eabi-gcc -o "line_follower.elf" @"objects.list"   -mcpu=cortex-m4 -T"C:\Users\7_wick\flf_workspace\line_follower\STM32F411CEUX_FLASH.ld" --specs=nosys.specs -Wl,-Map="line_follower.map" -Wl,--gc-sections -static -u _scanf_float -u _printf_float --specs=nano.specs -mfpu=fpv4-sp-d16 -mfloat-abi=hard -mthumb -Wl,--start-group -lc -lm -Wl,--end-group
Finished building target: line_follower.elf
 
arm-none-eabi-size  line_follower.elf 
arm-none-eabi-objdump -h -S line_follower.elf  > "line_follower.list"
   text	   data	    bss	    dec	    hex	filename
  47052	    504	   2512	  50068	   c394	line_follower.elf
Finished building: default.size.stdout
 
Finished building: line_follower.list
 
21:41:53 **** Incremental Build of configuration Debug for project line_follower ****
make -j12 all 
arm-none-eabi-gcc "../Core/Src/main.c" -mcpu=cortex-m4 -std=gnu11 -g3 -DDEBUG -DUSE_HAL_DRIVER -DSTM32F411xE -c -I../Core/Inc -I../Drivers/STM32F4xx_HAL_Driver/Inc -I../Drivers/STM32F4xx_HAL_Driver/Inc/Legacy -I../Drivers/CMSIS/Device/ST/STM32F4xx/Include -I../Drivers/CMSIS/Include -O0 -ffunction-sections -fdata-sections -Wall -fstack-usage -fcyclomatic-complexity -MMD -MP -MF"Core/Src/main.d" -MT"Core/Src/main.o" --specs=nano.specs -mfpu=fpv4-sp-d16 -mfloat-abi=hard -mthumb -o "Core/Src/main.o"
arm-none-eabi-gcc -o "line_follower.elf" @"objects.list"   -mcpu=cortex-m4 -T"C:\Users\7_wick\flf_workspace\line_follower\STM32F411CEUX_FLASH.ld" --specs=nosys.specs -Wl,-Map="line_follower.map" -Wl,--gc-sections -static -u _scanf_float -u _printf_float --specs=nano.specs -mfpu=fpv4-sp-d16 -mfloat-abi=hard -mthumb -Wl,--start-group -lc -lm -Wl,--end-group
Finished building target: line_follower.elf
 
arm-none-eabi-size  line_follower.elf 
arm-none-eabi-objdump -h -S line_follower.elf  > "line_follower.list"
   text	   data	    bss	    dec	    hex	filename
  47052	    504	   2512	  50068	   c394	line_follower.elf
Finished building: default.size.stdout
 
Finished building: line_follower.list
 
21:49:21 **** Incremental Build of configuration Debug for project line_follower ****
make -j12 all 
arm-none-eabi-gcc "../Core/Src/main.c" -mcpu=cortex-m4 -std=gnu11 -g3 -DDEBUG -DUSE_HAL_DRIVER -DSTM32F411xE -c -I../Core/Inc -I../Drivers/STM32F4xx_HAL_Driver/Inc -I../Drivers/STM32F4xx_HAL_Driver/Inc/Legacy -I../Drivers/CMSIS/Device/ST/STM32F4xx/Include -I../Drivers/CMSIS/Include -O0 -ffunction-sections -fdata-sections -Wall -fstack-usage -fcyclomatic-complexity -MMD -MP -MF"Core/Src/main.d" -MT"Core/Src/main.o" --specs=nano.specs -mfpu=fpv4-sp-d16 -mfloat-abi=hard -mthumb -o "Core/Src/main.o"
arm-none-eabi-gcc -o "line_follower.elf" @"objects.list"   -mcpu=cortex-m4 -T"C:\Users\7_wick\flf_workspace\line_follower\STM32F411CEUX_FLASH.ld" --specs=nosys.specs -Wl,-Map="line_follower.map" -Wl,--gc-sections -static -u _scanf_float -u _printf_float --specs=nano.specs -mfpu=fpv4-sp-d16 -mfloat-abi=hard -mthumb -Wl,--start-group -lc -lm -Wl,--end-group
Finished building target: line_follower.elf
 
arm-none-eabi-size  line_follower.elf 
arm-none-eabi-objdump -h -S line_follower.elf  > "line_follower.list"
   text	   data	    bss	    dec	    hex	filename
  47052	    504	   2512	  50068	   c394	line_follower.elf
Finished building: default.size.stdout
 
Finished building: line_follower.list
 
21:56:50 **** Incremental Build of configuration Debug for project line_follower ****
make -j12 all 
arm-none-eabi-gcc "../Core/Src/sensor_module.c" -mcpu=cortex-m4 -std=gnu11 -g3 -DDEBUG -DUSE_HAL_DRIVER -DSTM32F411xE -c -I../Core/Inc -I../Drivers/STM32F4xx_HAL_Driver/Inc -I../Drivers/STM32F4xx_HAL_Driver/Inc/Legacy -I../Drivers/CMSIS/Device/ST/STM32F4xx/Include -I../Drivers/CMSIS/Include -O0 -ffunction-sections -fdata-sections -Wall -fstack-usage -fcyclomatic-complexity -MMD -MP -MF"Core/Src/sensor_module.d" -MT"Core/Src/sensor_module.o" --specs=nano.specs -mfpu=fpv4-sp-d16 -mfloat-abi=hard -mthumb -o "Core/Src/sensor_module.o"
../Core/Src/sensor_module.c: In function 'detect_junction':
../Core/Src/sensor_module.c:89:13: warning: unused variable 'active' [-Wunused-variable]
   89 |         int active = count_active_sensors(sensor_array);
      |             ^~~~~~
arm-none-eabi-gcc -o "line_follower.elf" @"objects.list"   -mcpu=cortex-m4 -T"C:\Users\7_wick\flf_workspace\line_follower\STM32F411CEUX_FLASH.ld" --specs=nosys.specs -Wl,-Map="line_follower.map" -Wl,--gc-sections -static -u _scanf_float -u _printf_float --specs=nano.specs -mfpu=fpv4-sp-d16 -mfloat-abi=hard -mthumb -Wl,--start-group -lc -lm -Wl,--end-group
Finished building target: line_follower.elf
 
arm-none-eabi-size  line_follower.elf 
arm-none-eabi-objdump -h -S line_follower.elf  > "line_follower.list"
   text	   data	    bss	    dec	    hex	filename
  47052	    504	   2512	  50068	   c394	line_follower.elf
Finished building: default.size.stdout
 
Finished building: line_follower.list
 
21:58:35 **** Incremental Build of configuration Debug for project line_follower ****
make -j12 all 
arm-none-eabi-gcc "../Core/Src/sensor_module.c" -mcpu=cortex-m4 -std=gnu11 -g3 -DDEBUG -DUSE_HAL_DRIVER -DSTM32F411xE -c -I../Core/Inc -I../Drivers/STM32F4xx_HAL_Driver/Inc -I../Drivers/STM32F4xx_HAL_Driver/Inc/Legacy -I../Drivers/CMSIS/Device/ST/STM32F4xx/Include -I../Drivers/CMSIS/Include -O0 -ffunction-sections -fdata-sections -Wall -fstack-usage -fcyclomatic-complexity -MMD -MP -MF"Core/Src/sensor_module.d" -MT"Core/Src/sensor_module.o" --specs=nano.specs -mfpu=fpv4-sp-d16 -mfloat-abi=hard -mthumb -o "Core/Src/sensor_module.o"
../Core/Src/sensor_module.c: In function 'detect_junction':
../Core/Src/sensor_module.c:89:13: warning: unused variable 'active' [-Wunused-variable]
   89 |         int active = count_active_sensors(sensor_array);
      |             ^~~~~~
arm-none-eabi-gcc -o "line_follower.elf" @"objects.list"   -mcpu=cortex-m4 -T"C:\Users\7_wick\flf_workspace\line_follower\STM32F411CEUX_FLASH.ld" --specs=nosys.specs -Wl,-Map="line_follower.map" -Wl,--gc-sections -static -u _scanf_float -u _printf_float --specs=nano.specs -mfpu=fpv4-sp-d16 -mfloat-abi=hard -mthumb -Wl,--start-group -lc -lm -Wl,--end-group
Finished building target: line_follower.elf
 
arm-none-eabi-size  line_follower.elf 
arm-none-eabi-objdump -h -S line_follower.elf  > "line_follower.list"
   text	   data	    bss	    dec	    hex	filename
  47052	    504	   2512	  50068	   c394	line_follower.elf
Finished building: default.size.stdout
 
Finished building: line_follower.list
 
22:00:59 **** Incremental Build of configuration Debug for project line_follower ****
make -j12 all 
arm-none-eabi-gcc "../Core/Src/sensor_module.c" -mcpu=cortex-m4 -std=gnu11 -g3 -DDEBUG -DUSE_HAL_DRIVER -DSTM32F411xE -c -I../Core/Inc -I../Drivers/STM32F4xx_HAL_Driver/Inc -I../Drivers/STM32F4xx_HAL_Driver/Inc/Legacy -I../Drivers/CMSIS/Device/ST/STM32F4xx/Include -I../Drivers/CMSIS/Include -O0 -ffunction-sections -fdata-sections -Wall -fstack-usage -fcyclomatic-complexity -MMD -MP -MF"Core/Src/sensor_module.d" -MT"Core/Src/sensor_module.o" --specs=nano.specs -mfpu=fpv4-sp-d16 -mfloat-abi=hard -mthumb -o "Core/Src/sensor_module.o"
../Core/Src/sensor_module.c: In function 'detect_junction':
../Core/Src/sensor_module.c:89:13: warning: unused variable 'active' [-Wunused-variable]
   89 |         int active = count_active_sensors(sensor_array);
      |             ^~~~~~
arm-none-eabi-gcc -o "line_follower.elf" @"objects.list"   -mcpu=cortex-m4 -T"C:\Users\7_wick\flf_workspace\line_follower\STM32F411CEUX_FLASH.ld" --specs=nosys.specs -Wl,-Map="line_follower.map" -Wl,--gc-sections -static -u _scanf_float -u _printf_float --specs=nano.specs -mfpu=fpv4-sp-d16 -mfloat-abi=hard -mthumb -Wl,--start-group -lc -lm -Wl,--end-group
Finished building target: line_follower.elf
 
arm-none-eabi-size  line_follower.elf 
arm-none-eabi-objdump -h -S line_follower.elf  > "line_follower.list"
   text	   data	    bss	    dec	    hex	filename
  47052	    504	   2512	  50068	   c394	line_follower.elf
Finished building: default.size.stdout
 
Finished building: line_follower.list
 
22:01:26 **** Incremental Build of configuration Debug for project line_follower ****
make -j12 all 
arm-none-eabi-gcc "../Core/Src/main.c" -mcpu=cortex-m4 -std=gnu11 -g3 -DDEBUG -DUSE_HAL_DRIVER -DSTM32F411xE -c -I../Core/Inc -I../Drivers/STM32F4xx_HAL_Driver/Inc -I../Drivers/STM32F4xx_HAL_Driver/Inc/Legacy -I../Drivers/CMSIS/Device/ST/STM32F4xx/Include -I../Drivers/CMSIS/Include -O0 -ffunction-sections -fdata-sections -Wall -fstack-usage -fcyclomatic-complexity -MMD -MP -MF"Core/Src/main.d" -MT"Core/Src/main.o" --specs=nano.specs -mfpu=fpv4-sp-d16 -mfloat-abi=hard -mthumb -o "Core/Src/main.o"
arm-none-eabi-gcc -o "line_follower.elf" @"objects.list"   -mcpu=cortex-m4 -T"C:\Users\7_wick\flf_workspace\line_follower\STM32F411CEUX_FLASH.ld" --specs=nosys.specs -Wl,-Map="line_follower.map" -Wl,--gc-sections -static -u _scanf_float -u _printf_float --specs=nano.specs -mfpu=fpv4-sp-d16 -mfloat-abi=hard -mthumb -Wl,--start-group -lc -lm -Wl,--end-group
Finished building target: line_follower.elf
 
arm-none-eabi-size  line_follower.elf 
arm-none-eabi-objdump -h -S line_follower.elf  > "line_follower.list"
   text	   data	    bss	    dec	    hex	filename
  47052	    504	   2512	  50068	   c394	line_follower.elf
Finished building: default.size.stdout
 
Finished building: line_follower.list
 
22:03:04 **** Incremental Build of configuration Debug for project line_follower ****
make -j12 all 
arm-none-eabi-gcc "../Core/Src/main.c" -mcpu=cortex-m4 -std=gnu11 -g3 -DDEBUG -DUSE_HAL_DRIVER -DSTM32F411xE -c -I../Core/Inc -I../Drivers/STM32F4xx_HAL_Driver/Inc -I../Drivers/STM32F4xx_HAL_Driver/Inc/Legacy -I../Drivers/CMSIS/Device/ST/STM32F4xx/Include -I../Drivers/CMSIS/Include -O0 -ffunction-sections -fdata-sections -Wall -fstack-usage -fcyclomatic-complexity -MMD -MP -MF"Core/Src/main.d" -MT"Core/Src/main.o" --specs=nano.specs -mfpu=fpv4-sp-d16 -mfloat-abi=hard -mthumb -o "Core/Src/main.o"
arm-none-eabi-gcc -o "line_follower.elf" @"objects.list"   -mcpu=cortex-m4 -T"C:\Users\7_wick\flf_workspace\line_follower\STM32F411CEUX_FLASH.ld" --specs=nosys.specs -Wl,-Map="line_follower.map" -Wl,--gc-sections -static -u _scanf_float -u _printf_float --specs=nano.specs -mfpu=fpv4-sp-d16 -mfloat-abi=hard -mthumb -Wl,--start-group -lc -lm -Wl,--end-group
Finished building target: line_follower.elf
 
arm-none-eabi-size  line_follower.elf 
arm-none-eabi-objdump -h -S line_follower.elf  > "line_follower.list"
   text	   data	    bss	    dec	    hex	filename
  47052	    504	   2512	  50068	   c394	line_follower.elf
Finished building: default.size.stdout
 
Finished building: line_follower.list
 
22:09:24 **** Incremental Build of configuration Debug for project line_follower ****
make -j12 all 
arm-none-eabi-gcc "../Core/Src/main.c" -mcpu=cortex-m4 -std=gnu11 -g3 -DDEBUG -DUSE_HAL_DRIVER -DSTM32F411xE -c -I../Core/Inc -I../Drivers/STM32F4xx_HAL_Driver/Inc -I../Drivers/STM32F4xx_HAL_Driver/Inc/Legacy -I../Drivers/CMSIS/Device/ST/STM32F4xx/Include -I../Drivers/CMSIS/Include -O0 -ffunction-sections -fdata-sections -Wall -fstack-usage -fcyclomatic-complexity -MMD -MP -MF"Core/Src/main.d" -MT"Core/Src/main.o" --specs=nano.specs -mfpu=fpv4-sp-d16 -mfloat-abi=hard -mthumb -o "Core/Src/main.o"
arm-none-eabi-gcc -o "line_follower.elf" @"objects.list"   -mcpu=cortex-m4 -T"C:\Users\7_wick\flf_workspace\line_follower\STM32F411CEUX_FLASH.ld" --specs=nosys.specs -Wl,-Map="line_follower.map" -Wl,--gc-sections -static -u _scanf_float -u _printf_float --specs=nano.specs -mfpu=fpv4-sp-d16 -mfloat-abi=hard -mthumb -Wl,--start-group -lc -lm -Wl,--end-group
Finished building target: line_follower.elf
 
arm-none-eabi-size  line_follower.elf 
arm-none-eabi-objdump -h -S line_follower.elf  > "line_follower.list"
   text	   data	    bss	    dec	    hex	filename
  47052	    504	   2512	  50068	   c394	line_follower.elf
Finished building: default.size.stdout
 
Finished building: line_follower.list
 
22:13:32 **** Incremental Build of configuration Debug for project line_follower ****
make -j12 all 
arm-none-eabi-gcc "../Core/Src/main.c" -mcpu=cortex-m4 -std=gnu11 -g3 -DDEBUG -DUSE_HAL_DRIVER -DSTM32F411xE -c -I../Core/Inc -I../Drivers/STM32F4xx_HAL_Driver/Inc -I../Drivers/STM32F4xx_HAL_Driver/Inc/Legacy -I../Drivers/CMSIS/Device/ST/STM32F4xx/Include -I../Drivers/CMSIS/Include -O0 -ffunction-sections -fdata-sections -Wall -fstack-usage -fcyclomatic-complexity -MMD -MP -MF"Core/Src/main.d" -MT"Core/Src/main.o" --specs=nano.specs -mfpu=fpv4-sp-d16 -mfloat-abi=hard -mthumb -o "Core/Src/main.o"
arm-none-eabi-gcc "../Core/Src/sensor_module.c" -mcpu=cortex-m4 -std=gnu11 -g3 -DDEBUG -DUSE_HAL_DRIVER -DSTM32F411xE -c -I../Core/Inc -I../Drivers/STM32F4xx_HAL_Driver/Inc -I../Drivers/STM32F4xx_HAL_Driver/Inc/Legacy -I../Drivers/CMSIS/Device/ST/STM32F4xx/Include -I../Drivers/CMSIS/Include -O0 -ffunction-sections -fdata-sections -Wall -fstack-usage -fcyclomatic-complexity -MMD -MP -MF"Core/Src/sensor_module.d" -MT"Core/Src/sensor_module.o" --specs=nano.specs -mfpu=fpv4-sp-d16 -mfloat-abi=hard -mthumb -o "Core/Src/sensor_module.o"
../Core/Src/sensor_module.c: In function 'detect_junction':
../Core/Src/sensor_module.c:89:13: warning: unused variable 'active' [-Wunused-variable]
   89 |         int active = count_active_sensors(sensor_array);
      |             ^~~~~~
arm-none-eabi-gcc -o "line_follower.elf" @"objects.list"   -mcpu=cortex-m4 -T"C:\Users\7_wick\flf_workspace\line_follower\STM32F411CEUX_FLASH.ld" --specs=nosys.specs -Wl,-Map="line_follower.map" -Wl,--gc-sections -static -u _scanf_float -u _printf_float --specs=nano.specs -mfpu=fpv4-sp-d16 -mfloat-abi=hard -mthumb -Wl,--start-group -lc -lm -Wl,--end-group
Finished building target: line_follower.elf
 
arm-none-eabi-size  line_follower.elf 
arm-none-eabi-objdump -h -S line_follower.elf  > "line_follower.list"
   text	   data	    bss	    dec	    hex	filename
  47052	    504	   2512	  50068	   c394	line_follower.elf
Finished building: default.size.stdout
 
Finished building: line_follower.list
 
10:31:21 **** Incremental Build of configuration Debug for project line_follower ****
make -j12 all 
arm-none-eabi-gcc "../Core/Src/sensor_module.c" -mcpu=cortex-m4 -std=gnu11 -g3 -DDEBUG -DUSE_HAL_DRIVER -DSTM32F411xE -c -I../Core/Inc -I../Drivers/STM32F4xx_HAL_Driver/Inc -I../Drivers/STM32F4xx_HAL_Driver/Inc/Legacy -I../Drivers/CMSIS/Device/ST/STM32F4xx/Include -I../Drivers/CMSIS/Include -O0 -ffunction-sections -fdata-sections -Wall -fstack-usage -fcyclomatic-complexity -MMD -MP -MF"Core/Src/sensor_module.d" -MT"Core/Src/sensor_module.o" --specs=nano.specs -mfpu=fpv4-sp-d16 -mfloat-abi=hard -mthumb -o "Core/Src/sensor_module.o"
arm-none-eabi-gcc -o "line_follower.elf" @"objects.list"   -mcpu=cortex-m4 -T"C:\Users\7_wick\flf_workspace\line_follower\STM32F411CEUX_FLASH.ld" --specs=nosys.specs -Wl,-Map="line_follower.map" -Wl,--gc-sections -static -u _scanf_float -u _printf_float --specs=nano.specs -mfpu=fpv4-sp-d16 -mfloat-abi=hard -mthumb -Wl,--start-group -lc -lm -Wl,--end-group
Finished building target: line_follower.elf
 
arm-none-eabi-size  line_follower.elf 
arm-none-eabi-objdump -h -S line_follower.elf  > "line_follower.list"
   text	   data	    bss	    dec	    hex	filename
  46932	    504	   2512	  49948	   c31c	line_follower.elf
Finished building: default.size.stdout
 
Finished building: line_follower.list
 
11:21:22 **** Incremental Build of configuration Debug for project line_follower ****
make -j12 all 
arm-none-eabi-gcc "../Core/Src/bluetooth.c" -mcpu=cortex-m4 -std=gnu11 -g3 -DDEBUG -DUSE_HAL_DRIVER -DSTM32F411xE -c -I../Core/Inc -I../Drivers/STM32F4xx_HAL_Driver/Inc -I../Drivers/STM32F4xx_HAL_Driver/Inc/Legacy -I../Drivers/CMSIS/Device/ST/STM32F4xx/Include -I../Drivers/CMSIS/Include -O0 -ffunction-sections -fdata-sections -Wall -fstack-usage -fcyclomatic-complexity -MMD -MP -MF"Core/Src/bluetooth.d" -MT"Core/Src/bluetooth.o" --specs=nano.specs -mfpu=fpv4-sp-d16 -mfloat-abi=hard -mthumb -o "Core/Src/bluetooth.o"
arm-none-eabi-gcc "../Core/Src/main.c" -mcpu=cortex-m4 -std=gnu11 -g3 -DDEBUG -DUSE_HAL_DRIVER -DSTM32F411xE -c -I../Core/Inc -I../Drivers/STM32F4xx_HAL_Driver/Inc -I../Drivers/STM32F4xx_HAL_Driver/Inc/Legacy -I../Drivers/CMSIS/Device/ST/STM32F4xx/Include -I../Drivers/CMSIS/Include -O0 -ffunction-sections -fdata-sections -Wall -fstack-usage -fcyclomatic-complexity -MMD -MP -MF"Core/Src/main.d" -MT"Core/Src/main.o" --specs=nano.specs -mfpu=fpv4-sp-d16 -mfloat-abi=hard -mthumb -o "Core/Src/main.o"
arm-none-eabi-gcc "../Core/Src/motor.c" -mcpu=cortex-m4 -std=gnu11 -g3 -DDEBUG -DUSE_HAL_DRIVER -DSTM32F411xE -c -I../Core/Inc -I../Drivers/STM32F4xx_HAL_Driver/Inc -I../Drivers/STM32F4xx_HAL_Driver/Inc/Legacy -I../Drivers/CMSIS/Device/ST/STM32F4xx/Include -I../Drivers/CMSIS/Include -O0 -ffunction-sections -fdata-sections -Wall -fstack-usage -fcyclomatic-complexity -MMD -MP -MF"Core/Src/motor.d" -MT"Core/Src/motor.o" --specs=nano.specs -mfpu=fpv4-sp-d16 -mfloat-abi=hard -mthumb -o "Core/Src/motor.o"
arm-none-eabi-gcc "../Core/Src/sensor_module.c" -mcpu=cortex-m4 -std=gnu11 -g3 -DDEBUG -DUSE_HAL_DRIVER -DSTM32F411xE -c -I../Core/Inc -I../Drivers/STM32F4xx_HAL_Driver/Inc -I../Drivers/STM32F4xx_HAL_Driver/Inc/Legacy -I../Drivers/CMSIS/Device/ST/STM32F4xx/Include -I../Drivers/CMSIS/Include -O0 -ffunction-sections -fdata-sections -Wall -fstack-usage -fcyclomatic-complexity -MMD -MP -MF"Core/Src/sensor_module.d" -MT"Core/Src/sensor_module.o" --specs=nano.specs -mfpu=fpv4-sp-d16 -mfloat-abi=hard -mthumb -o "Core/Src/sensor_module.o"
arm-none-eabi-gcc "../Core/Src/stm32f4xx_hal_msp.c" -mcpu=cortex-m4 -std=gnu11 -g3 -DDEBUG -DUSE_HAL_DRIVER -DSTM32F411xE -c -I../Core/Inc -I../Drivers/STM32F4xx_HAL_Driver/Inc -I../Drivers/STM32F4xx_HAL_Driver/Inc/Legacy -I../Drivers/CMSIS/Device/ST/STM32F4xx/Include -I../Drivers/CMSIS/Include -O0 -ffunction-sections -fdata-sections -Wall -fstack-usage -fcyclomatic-complexity -MMD -MP -MF"Core/Src/stm32f4xx_hal_msp.d" -MT"Core/Src/stm32f4xx_hal_msp.o" --specs=nano.specs -mfpu=fpv4-sp-d16 -mfloat-abi=hard -mthumb -o "Core/Src/stm32f4xx_hal_msp.o"
arm-none-eabi-gcc "../Core/Src/stm32f4xx_it.c" -mcpu=cortex-m4 -std=gnu11 -g3 -DDEBUG -DUSE_HAL_DRIVER -DSTM32F411xE -c -I../Core/Inc -I../Drivers/STM32F4xx_HAL_Driver/Inc -I../Drivers/STM32F4xx_HAL_Driver/Inc/Legacy -I../Drivers/CMSIS/Device/ST/STM32F4xx/Include -I../Drivers/CMSIS/Include -O0 -ffunction-sections -fdata-sections -Wall -fstack-usage -fcyclomatic-complexity -MMD -MP -MF"Core/Src/stm32f4xx_it.d" -MT"Core/Src/stm32f4xx_it.o" --specs=nano.specs -mfpu=fpv4-sp-d16 -mfloat-abi=hard -mthumb -o "Core/Src/stm32f4xx_it.o"
arm-none-eabi-gcc "../Core/Src/utils.c" -mcpu=cortex-m4 -std=gnu11 -g3 -DDEBUG -DUSE_HAL_DRIVER -DSTM32F411xE -c -I../Core/Inc -I../Drivers/STM32F4xx_HAL_Driver/Inc -I../Drivers/STM32F4xx_HAL_Driver/Inc/Legacy -I../Drivers/CMSIS/Device/ST/STM32F4xx/Include -I../Drivers/CMSIS/Include -O0 -ffunction-sections -fdata-sections -Wall -fstack-usage -fcyclomatic-complexity -MMD -MP -MF"Core/Src/utils.d" -MT"Core/Src/utils.o" --specs=nano.specs -mfpu=fpv4-sp-d16 -mfloat-abi=hard -mthumb -o "Core/Src/utils.o"
arm-none-eabi-gcc -o "line_follower.elf" @"objects.list"   -mcpu=cortex-m4 -T"C:\Users\7_wick\flf_workspace\line_follower\STM32F411CEUX_FLASH.ld" --specs=nosys.specs -Wl,-Map="line_follower.map" -Wl,--gc-sections -static -u _scanf_float -u _printf_float --specs=nano.specs -mfpu=fpv4-sp-d16 -mfloat-abi=hard -mthumb -Wl,--start-group -lc -lm -Wl,--end-group
Finished building target: line_follower.elf
 
arm-none-eabi-size  line_follower.elf 
arm-none-eabi-objdump -h -S line_follower.elf  > "line_follower.list"
   text	   data	    bss	    dec	    hex	filename
  46932	    504	   2512	  49948	   c31c	line_follower.elf
Finished building: default.size.stdout
 
Finished building: line_follower.list
 
11:21:58 **** Incremental Build of configuration Debug for project line_follower ****
make -j12 all 
arm-none-eabi-size  line_follower.elf 
   text	   data	    bss	    dec	    hex	filename
  46932	    504	   2512	  49948	   c31c	line_follower.elf
Finished building: default.size.stdout
 
11:23:18 **** Incremental Build of configuration Debug for project line_follower ****
make -j12 all 
arm-none-eabi-gcc "../Core/Src/sensor_module.c" -mcpu=cortex-m4 -std=gnu11 -g3 -DDEBUG -DUSE_HAL_DRIVER -DSTM32F411xE -c -I../Core/Inc -I../Drivers/STM32F4xx_HAL_Driver/Inc -I../Drivers/STM32F4xx_HAL_Driver/Inc/Legacy -I../Drivers/CMSIS/Device/ST/STM32F4xx/Include -I../Drivers/CMSIS/Include -O0 -ffunction-sections -fdata-sections -Wall -fstack-usage -fcyclomatic-complexity -MMD -MP -MF"Core/Src/sensor_module.d" -MT"Core/Src/sensor_module.o" --specs=nano.specs -mfpu=fpv4-sp-d16 -mfloat-abi=hard -mthumb -o "Core/Src/sensor_module.o"
arm-none-eabi-gcc -o "line_follower.elf" @"objects.list"   -mcpu=cortex-m4 -T"C:\Users\7_wick\flf_workspace\line_follower\STM32F411CEUX_FLASH.ld" --specs=nosys.specs -Wl,-Map="line_follower.map" -Wl,--gc-sections -static -u _scanf_float -u _printf_float --specs=nano.specs -mfpu=fpv4-sp-d16 -mfloat-abi=hard -mthumb -Wl,--start-group -lc -lm -Wl,--end-group
Finished building target: line_follower.elf
 
arm-none-eabi-size  line_follower.elf 
arm-none-eabi-objdump -h -S line_follower.elf  > "line_follower.list"
   text	   data	    bss	    dec	    hex	filename
  46932	    504	   2512	  49948	   c31c	line_follower.elf
Finished building: default.size.stdout
 
Finished building: line_follower.list
 
11:25:32 **** Incremental Build of configuration Debug for project line_follower ****
make -j12 all 
arm-none-eabi-gcc "../Core/Src/sensor_module.c" -mcpu=cortex-m4 -std=gnu11 -g3 -DDEBUG -DUSE_HAL_DRIVER -DSTM32F411xE -c -I../Core/Inc -I../Drivers/STM32F4xx_HAL_Driver/Inc -I../Drivers/STM32F4xx_HAL_Driver/Inc/Legacy -I../Drivers/CMSIS/Device/ST/STM32F4xx/Include -I../Drivers/CMSIS/Include -O0 -ffunction-sections -fdata-sections -Wall -fstack-usage -fcyclomatic-complexity -MMD -MP -MF"Core/Src/sensor_module.d" -MT"Core/Src/sensor_module.o" --specs=nano.specs -mfpu=fpv4-sp-d16 -mfloat-abi=hard -mthumb -o "Core/Src/sensor_module.o"
arm-none-eabi-gcc -o "line_follower.elf" @"objects.list"   -mcpu=cortex-m4 -T"C:\Users\7_wick\flf_workspace\line_follower\STM32F411CEUX_FLASH.ld" --specs=nosys.specs -Wl,-Map="line_follower.map" -Wl,--gc-sections -static -u _scanf_float -u _printf_float --specs=nano.specs -mfpu=fpv4-sp-d16 -mfloat-abi=hard -mthumb -Wl,--start-group -lc -lm -Wl,--end-group
Finished building target: line_follower.elf
 
arm-none-eabi-size  line_follower.elf 
arm-none-eabi-objdump -h -S line_follower.elf  > "line_follower.list"
   text	   data	    bss	    dec	    hex	filename
  46924	    504	   2512	  49940	   c314	line_follower.elf
Finished building: default.size.stdout
 
Finished building: line_follower.list
 
13:25:41 **** Incremental Build of configuration Debug for project line_follower ****
make -j12 all 
arm-none-eabi-gcc "../Core/Src/bluetooth.c" -mcpu=cortex-m4 -std=gnu11 -g3 -DDEBUG -DUSE_HAL_DRIVER -DSTM32F411xE -c -I../Core/Inc -I../Drivers/STM32F4xx_HAL_Driver/Inc -I../Drivers/STM32F4xx_HAL_Driver/Inc/Legacy -I../Drivers/CMSIS/Device/ST/STM32F4xx/Include -I../Drivers/CMSIS/Include -O0 -ffunction-sections -fdata-sections -Wall -fstack-usage -fcyclomatic-complexity -MMD -MP -MF"Core/Src/bluetooth.d" -MT"Core/Src/bluetooth.o" --specs=nano.specs -mfpu=fpv4-sp-d16 -mfloat-abi=hard -mthumb -o "Core/Src/bluetooth.o"
arm-none-eabi-gcc "../Core/Src/main.c" -mcpu=cortex-m4 -std=gnu11 -g3 -DDEBUG -DUSE_HAL_DRIVER -DSTM32F411xE -c -I../Core/Inc -I../Drivers/STM32F4xx_HAL_Driver/Inc -I../Drivers/STM32F4xx_HAL_Driver/Inc/Legacy -I../Drivers/CMSIS/Device/ST/STM32F4xx/Include -I../Drivers/CMSIS/Include -O0 -ffunction-sections -fdata-sections -Wall -fstack-usage -fcyclomatic-complexity -MMD -MP -MF"Core/Src/main.d" -MT"Core/Src/main.o" --specs=nano.specs -mfpu=fpv4-sp-d16 -mfloat-abi=hard -mthumb -o "Core/Src/main.o"
arm-none-eabi-gcc "../Core/Src/motor.c" -mcpu=cortex-m4 -std=gnu11 -g3 -DDEBUG -DUSE_HAL_DRIVER -DSTM32F411xE -c -I../Core/Inc -I../Drivers/STM32F4xx_HAL_Driver/Inc -I../Drivers/STM32F4xx_HAL_Driver/Inc/Legacy -I../Drivers/CMSIS/Device/ST/STM32F4xx/Include -I../Drivers/CMSIS/Include -O0 -ffunction-sections -fdata-sections -Wall -fstack-usage -fcyclomatic-complexity -MMD -MP -MF"Core/Src/motor.d" -MT"Core/Src/motor.o" --specs=nano.specs -mfpu=fpv4-sp-d16 -mfloat-abi=hard -mthumb -o "Core/Src/motor.o"
arm-none-eabi-gcc "../Core/Src/sensor_module.c" -mcpu=cortex-m4 -std=gnu11 -g3 -DDEBUG -DUSE_HAL_DRIVER -DSTM32F411xE -c -I../Core/Inc -I../Drivers/STM32F4xx_HAL_Driver/Inc -I../Drivers/STM32F4xx_HAL_Driver/Inc/Legacy -I../Drivers/CMSIS/Device/ST/STM32F4xx/Include -I../Drivers/CMSIS/Include -O0 -ffunction-sections -fdata-sections -Wall -fstack-usage -fcyclomatic-complexity -MMD -MP -MF"Core/Src/sensor_module.d" -MT"Core/Src/sensor_module.o" --specs=nano.specs -mfpu=fpv4-sp-d16 -mfloat-abi=hard -mthumb -o "Core/Src/sensor_module.o"
arm-none-eabi-gcc "../Core/Src/stm32f4xx_hal_msp.c" -mcpu=cortex-m4 -std=gnu11 -g3 -DDEBUG -DUSE_HAL_DRIVER -DSTM32F411xE -c -I../Core/Inc -I../Drivers/STM32F4xx_HAL_Driver/Inc -I../Drivers/STM32F4xx_HAL_Driver/Inc/Legacy -I../Drivers/CMSIS/Device/ST/STM32F4xx/Include -I../Drivers/CMSIS/Include -O0 -ffunction-sections -fdata-sections -Wall -fstack-usage -fcyclomatic-complexity -MMD -MP -MF"Core/Src/stm32f4xx_hal_msp.d" -MT"Core/Src/stm32f4xx_hal_msp.o" --specs=nano.specs -mfpu=fpv4-sp-d16 -mfloat-abi=hard -mthumb -o "Core/Src/stm32f4xx_hal_msp.o"
arm-none-eabi-gcc "../Core/Src/stm32f4xx_it.c" -mcpu=cortex-m4 -std=gnu11 -g3 -DDEBUG -DUSE_HAL_DRIVER -DSTM32F411xE -c -I../Core/Inc -I../Drivers/STM32F4xx_HAL_Driver/Inc -I../Drivers/STM32F4xx_HAL_Driver/Inc/Legacy -I../Drivers/CMSIS/Device/ST/STM32F4xx/Include -I../Drivers/CMSIS/Include -O0 -ffunction-sections -fdata-sections -Wall -fstack-usage -fcyclomatic-complexity -MMD -MP -MF"Core/Src/stm32f4xx_it.d" -MT"Core/Src/stm32f4xx_it.o" --specs=nano.specs -mfpu=fpv4-sp-d16 -mfloat-abi=hard -mthumb -o "Core/Src/stm32f4xx_it.o"
arm-none-eabi-gcc "../Core/Src/utils.c" -mcpu=cortex-m4 -std=gnu11 -g3 -DDEBUG -DUSE_HAL_DRIVER -DSTM32F411xE -c -I../Core/Inc -I../Drivers/STM32F4xx_HAL_Driver/Inc -I../Drivers/STM32F4xx_HAL_Driver/Inc/Legacy -I../Drivers/CMSIS/Device/ST/STM32F4xx/Include -I../Drivers/CMSIS/Include -O0 -ffunction-sections -fdata-sections -Wall -fstack-usage -fcyclomatic-complexity -MMD -MP -MF"Core/Src/utils.d" -MT"Core/Src/utils.o" --specs=nano.specs -mfpu=fpv4-sp-d16 -mfloat-abi=hard -mthumb -o "Core/Src/utils.o"
arm-none-eabi-gcc -o "line_follower.elf" @"objects.list"   -mcpu=cortex-m4 -T"C:\Users\7_wick\flf_workspace\line_follower\STM32F411CEUX_FLASH.ld" --specs=nosys.specs -Wl,-Map="line_follower.map" -Wl,--gc-sections -static -u _scanf_float -u _printf_float --specs=nano.specs -mfpu=fpv4-sp-d16 -mfloat-abi=hard -mthumb -Wl,--start-group -lc -lm -Wl,--end-group
C:/Users/7_wick/OneDrive/Desktop/STM32CubeIDE_2.2.0/STM32CubeIDE/plugins/com.st.stm32cube.ide.mcu.externaltools.gnu-tools-for-stm32.14.3.rel1.win32_1.0.100.202602081740/tools/bin/../lib/gcc/arm-none-eabi/14.3.1/../../../../arm-none-eabi/bin/ld.exe: ./Core/Src/main.o: in function `main':
C:/Users/7_wick/flf_workspace/line_follower/Debug/../Core/Src/main.c:260:(.text.main+0xf0): undefined reference to `binarizeSensors'
C:/Users/7_wick/OneDrive/Desktop/STM32CubeIDE_2.2.0/STM32CubeIDE/plugins/com.st.stm32cube.ide.mcu.externaltools.gnu-tools-for-stm32.14.3.rel1.win32_1.0.100.202602081740/tools/bin/../lib/gcc/arm-none-eabi/14.3.1/../../../../arm-none-eabi/bin/ld.exe: (binarizeSensors): Unknown destination type (ARM/Thumb) in ./Core/Src/main.o
C:/Users/7_wick/flf_workspace/line_follower/Debug/../Core/Src/main.c:260:(.text.main+0xf0): dangerous relocation: unsupported relocation
collect2.exe: error: ld returned 1 exit status
make: *** [makefile:64: line_follower.elf] Error 1
"make -j12 all" terminated with exit code 2. Build might be incomplete.
13:27:01 **** Incremental Build of configuration Debug for project line_follower ****
make -j12 all 
arm-none-eabi-gcc "../Core/Src/main.c" -mcpu=cortex-m4 -std=gnu11 -g3 -DDEBUG -DUSE_HAL_DRIVER -DSTM32F411xE -c -I../Core/Inc -I../Drivers/STM32F4xx_HAL_Driver/Inc -I../Drivers/STM32F4xx_HAL_Driver/Inc/Legacy -I../Drivers/CMSIS/Device/ST/STM32F4xx/Include -I../Drivers/CMSIS/Include -O0 -ffunction-sections -fdata-sections -Wall -fstack-usage -fcyclomatic-complexity -MMD -MP -MF"Core/Src/main.d" -MT"Core/Src/main.o" --specs=nano.specs -mfpu=fpv4-sp-d16 -mfloat-abi=hard -mthumb -o "Core/Src/main.o"
arm-none-eabi-gcc "../Core/Src/motor.c" -mcpu=cortex-m4 -std=gnu11 -g3 -DDEBUG -DUSE_HAL_DRIVER -DSTM32F411xE -c -I../Core/Inc -I../Drivers/STM32F4xx_HAL_Driver/Inc -I../Drivers/STM32F4xx_HAL_Driver/Inc/Legacy -I../Drivers/CMSIS/Device/ST/STM32F4xx/Include -I../Drivers/CMSIS/Include -O0 -ffunction-sections -fdata-sections -Wall -fstack-usage -fcyclomatic-complexity -MMD -MP -MF"Core/Src/motor.d" -MT"Core/Src/motor.o" --specs=nano.specs -mfpu=fpv4-sp-d16 -mfloat-abi=hard -mthumb -o "Core/Src/motor.o"
arm-none-eabi-gcc "../Core/Src/sensor_module.c" -mcpu=cortex-m4 -std=gnu11 -g3 -DDEBUG -DUSE_HAL_DRIVER -DSTM32F411xE -c -I../Core/Inc -I../Drivers/STM32F4xx_HAL_Driver/Inc -I../Drivers/STM32F4xx_HAL_Driver/Inc/Legacy -I../Drivers/CMSIS/Device/ST/STM32F4xx/Include -I../Drivers/CMSIS/Include -O0 -ffunction-sections -fdata-sections -Wall -fstack-usage -fcyclomatic-complexity -MMD -MP -MF"Core/Src/sensor_module.d" -MT"Core/Src/sensor_module.o" --specs=nano.specs -mfpu=fpv4-sp-d16 -mfloat-abi=hard -mthumb -o "Core/Src/sensor_module.o"
arm-none-eabi-gcc "../Core/Src/utils.c" -mcpu=cortex-m4 -std=gnu11 -g3 -DDEBUG -DUSE_HAL_DRIVER -DSTM32F411xE -c -I../Core/Inc -I../Drivers/STM32F4xx_HAL_Driver/Inc -I../Drivers/STM32F4xx_HAL_Driver/Inc/Legacy -I../Drivers/CMSIS/Device/ST/STM32F4xx/Include -I../Drivers/CMSIS/Include -O0 -ffunction-sections -fdata-sections -Wall -fstack-usage -fcyclomatic-complexity -MMD -MP -MF"Core/Src/utils.d" -MT"Core/Src/utils.o" --specs=nano.specs -mfpu=fpv4-sp-d16 -mfloat-abi=hard -mthumb -o "Core/Src/utils.o"
../Core/Src/main.c: In function 'main':
../Core/Src/main.c:260:33: error: implicit declaration of function 'binarizeSensors' [-Wimplicit-function-declaration]
  260 |                                 binarizeSensors(&sensor_array);
      |                                 ^~~~~~~~~~~~~~~
make: *** [Core/Src/subdir.mk:46: Core/Src/main.o] Error 1
make: *** Waiting for unfinished jobs....
"make -j12 all" terminated with exit code 2. Build might be incomplete.
13:27:24 **** Incremental Build of configuration Debug for project line_follower ****
make -j12 all 
arm-none-eabi-gcc "../Core/Src/main.c" -mcpu=cortex-m4 -std=gnu11 -g3 -DDEBUG -DUSE_HAL_DRIVER -DSTM32F411xE -c -I../Core/Inc -I../Drivers/STM32F4xx_HAL_Driver/Inc -I../Drivers/STM32F4xx_HAL_Driver/Inc/Legacy -I../Drivers/CMSIS/Device/ST/STM32F4xx/Include -I../Drivers/CMSIS/Include -O0 -ffunction-sections -fdata-sections -Wall -fstack-usage -fcyclomatic-complexity -MMD -MP -MF"Core/Src/main.d" -MT"Core/Src/main.o" --specs=nano.specs -mfpu=fpv4-sp-d16 -mfloat-abi=hard -mthumb -o "Core/Src/main.o"
arm-none-eabi-gcc -o "line_follower.elf" @"objects.list"   -mcpu=cortex-m4 -T"C:\Users\7_wick\flf_workspace\line_follower\STM32F411CEUX_FLASH.ld" --specs=nosys.specs -Wl,-Map="line_follower.map" -Wl,--gc-sections -static -u _scanf_float -u _printf_float --specs=nano.specs -mfpu=fpv4-sp-d16 -mfloat-abi=hard -mthumb -Wl,--start-group -lc -lm -Wl,--end-group
Finished building target: line_follower.elf
 
arm-none-eabi-size  line_follower.elf 
arm-none-eabi-objdump -h -S line_follower.elf  > "line_follower.list"
   text	   data	    bss	    dec	    hex	filename
  46748	    504	   2512	  49764	   c264	line_follower.elf
Finished building: default.size.stdout
 
Finished building: line_follower.list
 
13:27:52 **** Incremental Build of configuration Debug for project line_follower ****
make -j12 all 
arm-none-eabi-size  line_follower.elf 
   text	   data	    bss	    dec	    hex	filename
  46748	    504	   2512	  49764	   c264	line_follower.elf
Finished building: default.size.stdout
 
13:31:12 **** Incremental Build of configuration Debug for project line_follower ****
make -j12 all 
arm-none-eabi-gcc "../Core/Src/sensor_module.c" -mcpu=cortex-m4 -std=gnu11 -g3 -DDEBUG -DUSE_HAL_DRIVER -DSTM32F411xE -c -I../Core/Inc -I../Drivers/STM32F4xx_HAL_Driver/Inc -I../Drivers/STM32F4xx_HAL_Driver/Inc/Legacy -I../Drivers/CMSIS/Device/ST/STM32F4xx/Include -I../Drivers/CMSIS/Include -O0 -ffunction-sections -fdata-sections -Wall -fstack-usage -fcyclomatic-complexity -MMD -MP -MF"Core/Src/sensor_module.d" -MT"Core/Src/sensor_module.o" --specs=nano.specs -mfpu=fpv4-sp-d16 -mfloat-abi=hard -mthumb -o "Core/Src/sensor_module.o"
arm-none-eabi-gcc -o "line_follower.elf" @"objects.list"   -mcpu=cortex-m4 -T"C:\Users\7_wick\flf_workspace\line_follower\STM32F411CEUX_FLASH.ld" --specs=nosys.specs -Wl,-Map="line_follower.map" -Wl,--gc-sections -static -u _scanf_float -u _printf_float --specs=nano.specs -mfpu=fpv4-sp-d16 -mfloat-abi=hard -mthumb -Wl,--start-group -lc -lm -Wl,--end-group
Finished building target: line_follower.elf
 
arm-none-eabi-size  line_follower.elf 
arm-none-eabi-objdump -h -S line_follower.elf  > "line_follower.list"
   text	   data	    bss	    dec	    hex	filename
  46756	    504	   2512	  49772	   c26c	line_follower.elf
Finished building: default.size.stdout
 
Finished building: line_follower.list
 
13:35:14 **** Incremental Build of configuration Debug for project line_follower ****
make -j12 all 
arm-none-eabi-gcc "../Core/Src/sensor_module.c" -mcpu=cortex-m4 -std=gnu11 -g3 -DDEBUG -DUSE_HAL_DRIVER -DSTM32F411xE -c -I../Core/Inc -I../Drivers/STM32F4xx_HAL_Driver/Inc -I../Drivers/STM32F4xx_HAL_Driver/Inc/Legacy -I../Drivers/CMSIS/Device/ST/STM32F4xx/Include -I../Drivers/CMSIS/Include -O0 -ffunction-sections -fdata-sections -Wall -fstack-usage -fcyclomatic-complexity -MMD -MP -MF"Core/Src/sensor_module.d" -MT"Core/Src/sensor_module.o" --specs=nano.specs -mfpu=fpv4-sp-d16 -mfloat-abi=hard -mthumb -o "Core/Src/sensor_module.o"
arm-none-eabi-gcc -o "line_follower.elf" @"objects.list"   -mcpu=cortex-m4 -T"C:\Users\7_wick\flf_workspace\line_follower\STM32F411CEUX_FLASH.ld" --specs=nosys.specs -Wl,-Map="line_follower.map" -Wl,--gc-sections -static -u _scanf_float -u _printf_float --specs=nano.specs -mfpu=fpv4-sp-d16 -mfloat-abi=hard -mthumb -Wl,--start-group -lc -lm -Wl,--end-group
Finished building target: line_follower.elf
 
arm-none-eabi-size  line_follower.elf 
arm-none-eabi-objdump -h -S line_follower.elf  > "line_follower.list"
   text	   data	    bss	    dec	    hex	filename
  46756	    504	   2512	  49772	   c26c	line_follower.elf
Finished building: default.size.stdout
 
Finished building: line_follower.list
 
17:40:57 **** Incremental Build of configuration Debug for project line_follower ****
make -j12 all 
arm-none-eabi-gcc "../Core/Src/main.c" -mcpu=cortex-m4 -std=gnu11 -g3 -DDEBUG -DUSE_HAL_DRIVER -DSTM32F411xE -c -I../Core/Inc -I../Drivers/STM32F4xx_HAL_Driver/Inc -I../Drivers/STM32F4xx_HAL_Driver/Inc/Legacy -I../Drivers/CMSIS/Device/ST/STM32F4xx/Include -I../Drivers/CMSIS/Include -O0 -ffunction-sections -fdata-sections -Wall -fstack-usage -fcyclomatic-complexity -MMD -MP -MF"Core/Src/main.d" -MT"Core/Src/main.o" --specs=nano.specs -mfpu=fpv4-sp-d16 -mfloat-abi=hard -mthumb -o "Core/Src/main.o"
arm-none-eabi-gcc "../Core/Src/sensor_module.c" -mcpu=cortex-m4 -std=gnu11 -g3 -DDEBUG -DUSE_HAL_DRIVER -DSTM32F411xE -c -I../Core/Inc -I../Drivers/STM32F4xx_HAL_Driver/Inc -I../Drivers/STM32F4xx_HAL_Driver/Inc/Legacy -I../Drivers/CMSIS/Device/ST/STM32F4xx/Include -I../Drivers/CMSIS/Include -O0 -ffunction-sections -fdata-sections -Wall -fstack-usage -fcyclomatic-complexity -MMD -MP -MF"Core/Src/sensor_module.d" -MT"Core/Src/sensor_module.o" --specs=nano.specs -mfpu=fpv4-sp-d16 -mfloat-abi=hard -mthumb -o "Core/Src/sensor_module.o"
../Core/Src/main.c: In function 'main':
../Core/Src/main.c:227:30: error: assignment to 'float *' from incompatible pointer type 'int *' [-Wincompatible-pointer-types]
  227 |         sensor_array.weights = sensor_weights;
      |                              ^
make: *** [Core/Src/subdir.mk:46: Core/Src/main.o] Error 1
make: *** Waiting for unfinished jobs....
"make -j12 all" terminated with exit code 2. Build might be incomplete.
17:41:49 **** Incremental Build of configuration Debug for project line_follower ****
make -j12 all 
arm-none-eabi-gcc "../Core/Src/bluetooth.c" -mcpu=cortex-m4 -std=gnu11 -g3 -DDEBUG -DUSE_HAL_DRIVER -DSTM32F411xE -c -I../Core/Inc -I../Drivers/STM32F4xx_HAL_Driver/Inc -I../Drivers/STM32F4xx_HAL_Driver/Inc/Legacy -I../Drivers/CMSIS/Device/ST/STM32F4xx/Include -I../Drivers/CMSIS/Include -O0 -ffunction-sections -fdata-sections -Wall -fstack-usage -fcyclomatic-complexity -MMD -MP -MF"Core/Src/bluetooth.d" -MT"Core/Src/bluetooth.o" --specs=nano.specs -mfpu=fpv4-sp-d16 -mfloat-abi=hard -mthumb -o "Core/Src/bluetooth.o"
arm-none-eabi-gcc "../Core/Src/main.c" -mcpu=cortex-m4 -std=gnu11 -g3 -DDEBUG -DUSE_HAL_DRIVER -DSTM32F411xE -c -I../Core/Inc -I../Drivers/STM32F4xx_HAL_Driver/Inc -I../Drivers/STM32F4xx_HAL_Driver/Inc/Legacy -I../Drivers/CMSIS/Device/ST/STM32F4xx/Include -I../Drivers/CMSIS/Include -O0 -ffunction-sections -fdata-sections -Wall -fstack-usage -fcyclomatic-complexity -MMD -MP -MF"Core/Src/main.d" -MT"Core/Src/main.o" --specs=nano.specs -mfpu=fpv4-sp-d16 -mfloat-abi=hard -mthumb -o "Core/Src/main.o"
arm-none-eabi-gcc "../Core/Src/motor.c" -mcpu=cortex-m4 -std=gnu11 -g3 -DDEBUG -DUSE_HAL_DRIVER -DSTM32F411xE -c -I../Core/Inc -I../Drivers/STM32F4xx_HAL_Driver/Inc -I../Drivers/STM32F4xx_HAL_Driver/Inc/Legacy -I../Drivers/CMSIS/Device/ST/STM32F4xx/Include -I../Drivers/CMSIS/Include -O0 -ffunction-sections -fdata-sections -Wall -fstack-usage -fcyclomatic-complexity -MMD -MP -MF"Core/Src/motor.d" -MT"Core/Src/motor.o" --specs=nano.specs -mfpu=fpv4-sp-d16 -mfloat-abi=hard -mthumb -o "Core/Src/motor.o"
arm-none-eabi-gcc "../Core/Src/sensor_module.c" -mcpu=cortex-m4 -std=gnu11 -g3 -DDEBUG -DUSE_HAL_DRIVER -DSTM32F411xE -c -I../Core/Inc -I../Drivers/STM32F4xx_HAL_Driver/Inc -I../Drivers/STM32F4xx_HAL_Driver/Inc/Legacy -I../Drivers/CMSIS/Device/ST/STM32F4xx/Include -I../Drivers/CMSIS/Include -O0 -ffunction-sections -fdata-sections -Wall -fstack-usage -fcyclomatic-complexity -MMD -MP -MF"Core/Src/sensor_module.d" -MT"Core/Src/sensor_module.o" --specs=nano.specs -mfpu=fpv4-sp-d16 -mfloat-abi=hard -mthumb -o "Core/Src/sensor_module.o"
arm-none-eabi-gcc "../Core/Src/utils.c" -mcpu=cortex-m4 -std=gnu11 -g3 -DDEBUG -DUSE_HAL_DRIVER -DSTM32F411xE -c -I../Core/Inc -I../Drivers/STM32F4xx_HAL_Driver/Inc -I../Drivers/STM32F4xx_HAL_Driver/Inc/Legacy -I../Drivers/CMSIS/Device/ST/STM32F4xx/Include -I../Drivers/CMSIS/Include -O0 -ffunction-sections -fdata-sections -Wall -fstack-usage -fcyclomatic-complexity -MMD -MP -MF"Core/Src/utils.d" -MT"Core/Src/utils.o" --specs=nano.specs -mfpu=fpv4-sp-d16 -mfloat-abi=hard -mthumb -o "Core/Src/utils.o"
arm-none-eabi-gcc -o "line_follower.elf" @"objects.list"   -mcpu=cortex-m4 -T"C:\Users\7_wick\flf_workspace\line_follower\STM32F411CEUX_FLASH.ld" --specs=nosys.specs -Wl,-Map="line_follower.map" -Wl,--gc-sections -static -u _scanf_float -u _printf_float --specs=nano.specs -mfpu=fpv4-sp-d16 -mfloat-abi=hard -mthumb -Wl,--start-group -lc -lm -Wl,--end-group
Finished building target: line_follower.elf
 
arm-none-eabi-size  line_follower.elf 
arm-none-eabi-objdump -h -S line_follower.elf  > "line_follower.list"
   text	   data	    bss	    dec	    hex	filename
  46788	    504	   2512	  49804	   c28c	line_follower.elf
Finished building: default.size.stdout
 
Finished building: line_follower.list
 
17:42:28 **** Incremental Build of configuration Debug for project line_follower ****
make -j12 all 
arm-none-eabi-size  line_follower.elf 
   text	   data	    bss	    dec	    hex	filename
  46788	    504	   2512	  49804	   c28c	line_follower.elf
Finished building: default.size.stdout
 
17:42:52 **** Incremental Build of configuration Debug for project line_follower ****
make -j12 all 
arm-none-eabi-size  line_follower.elf 
   text	   data	    bss	    dec	    hex	filename
  46788	    504	   2512	  49804	   c28c	line_follower.elf
Finished building: default.size.stdout
 
17:53:41 **** Incremental Build of configuration Debug for project line_follower ****
make -j12 all 
arm-none-eabi-gcc "../Core/Src/main.c" -mcpu=cortex-m4 -std=gnu11 -g3 -DDEBUG -DUSE_HAL_DRIVER -DSTM32F411xE -c -I../Core/Inc -I../Drivers/STM32F4xx_HAL_Driver/Inc -I../Drivers/STM32F4xx_HAL_Driver/Inc/Legacy -I../Drivers/CMSIS/Device/ST/STM32F4xx/Include -I../Drivers/CMSIS/Include -O0 -ffunction-sections -fdata-sections -Wall -fstack-usage -fcyclomatic-complexity -MMD -MP -MF"Core/Src/main.d" -MT"Core/Src/main.o" --specs=nano.specs -mfpu=fpv4-sp-d16 -mfloat-abi=hard -mthumb -o "Core/Src/main.o"
arm-none-eabi-gcc -o "line_follower.elf" @"objects.list"   -mcpu=cortex-m4 -T"C:\Users\7_wick\flf_workspace\line_follower\STM32F411CEUX_FLASH.ld" --specs=nosys.specs -Wl,-Map="line_follower.map" -Wl,--gc-sections -static -u _scanf_float -u _printf_float --specs=nano.specs -mfpu=fpv4-sp-d16 -mfloat-abi=hard -mthumb -Wl,--start-group -lc -lm -Wl,--end-group
Finished building target: line_follower.elf
 
arm-none-eabi-size  line_follower.elf 
arm-none-eabi-objdump -h -S line_follower.elf  > "line_follower.list"
   text	   data	    bss	    dec	    hex	filename
  46788	    504	   2512	  49804	   c28c	line_follower.elf
Finished building: default.size.stdout
 
Finished building: line_follower.list
 
18:35:38 **** Incremental Build of configuration Debug for project line_follower ****
make -j12 all 
arm-none-eabi-gcc "../Core/Src/main.c" -mcpu=cortex-m4 -std=gnu11 -g3 -DDEBUG -DUSE_HAL_DRIVER -DSTM32F411xE -c -I../Core/Inc -I../Drivers/STM32F4xx_HAL_Driver/Inc -I../Drivers/STM32F4xx_HAL_Driver/Inc/Legacy -I../Drivers/CMSIS/Device/ST/STM32F4xx/Include -I../Drivers/CMSIS/Include -O0 -ffunction-sections -fdata-sections -Wall -fstack-usage -fcyclomatic-complexity -MMD -MP -MF"Core/Src/main.d" -MT"Core/Src/main.o" --specs=nano.specs -mfpu=fpv4-sp-d16 -mfloat-abi=hard -mthumb -o "Core/Src/main.o"
arm-none-eabi-gcc "../Core/Src/sensor_module.c" -mcpu=cortex-m4 -std=gnu11 -g3 -DDEBUG -DUSE_HAL_DRIVER -DSTM32F411xE -c -I../Core/Inc -I../Drivers/STM32F4xx_HAL_Driver/Inc -I../Drivers/STM32F4xx_HAL_Driver/Inc/Legacy -I../Drivers/CMSIS/Device/ST/STM32F4xx/Include -I../Drivers/CMSIS/Include -O0 -ffunction-sections -fdata-sections -Wall -fstack-usage -fcyclomatic-complexity -MMD -MP -MF"Core/Src/sensor_module.d" -MT"Core/Src/sensor_module.o" --specs=nano.specs -mfpu=fpv4-sp-d16 -mfloat-abi=hard -mthumb -o "Core/Src/sensor_module.o"
arm-none-eabi-gcc -o "line_follower.elf" @"objects.list"   -mcpu=cortex-m4 -T"C:\Users\7_wick\flf_workspace\line_follower\STM32F411CEUX_FLASH.ld" --specs=nosys.specs -Wl,-Map="line_follower.map" -Wl,--gc-sections -static -u _scanf_float -u _printf_float --specs=nano.specs -mfpu=fpv4-sp-d16 -mfloat-abi=hard -mthumb -Wl,--start-group -lc -lm -Wl,--end-group
Finished building target: line_follower.elf
 
arm-none-eabi-size  line_follower.elf 
arm-none-eabi-objdump -h -S line_follower.elf  > "line_follower.list"
   text	   data	    bss	    dec	    hex	filename
  46748	    504	   2512	  49764	   c264	line_follower.elf
Finished building: default.size.stdout
 
Finished building: line_follower.list
 
18:50:26 **** Incremental Build of configuration Debug for project line_follower ****
make -j12 all 
arm-none-eabi-gcc "../Core/Src/main.c" -mcpu=cortex-m4 -std=gnu11 -g3 -DDEBUG -DUSE_HAL_DRIVER -DSTM32F411xE -c -I../Core/Inc -I../Drivers/STM32F4xx_HAL_Driver/Inc -I../Drivers/STM32F4xx_HAL_Driver/Inc/Legacy -I../Drivers/CMSIS/Device/ST/STM32F4xx/Include -I../Drivers/CMSIS/Include -O0 -ffunction-sections -fdata-sections -Wall -fstack-usage -fcyclomatic-complexity -MMD -MP -MF"Core/Src/main.d" -MT"Core/Src/main.o" --specs=nano.specs -mfpu=fpv4-sp-d16 -mfloat-abi=hard -mthumb -o "Core/Src/main.o"
arm-none-eabi-gcc -o "line_follower.elf" @"objects.list"   -mcpu=cortex-m4 -T"C:\Users\7_wick\flf_workspace\line_follower\STM32F411CEUX_FLASH.ld" --specs=nosys.specs -Wl,-Map="line_follower.map" -Wl,--gc-sections -static -u _scanf_float -u _printf_float --specs=nano.specs -mfpu=fpv4-sp-d16 -mfloat-abi=hard -mthumb -Wl,--start-group -lc -lm -Wl,--end-group
Finished building target: line_follower.elf
 
arm-none-eabi-size  line_follower.elf 
arm-none-eabi-objdump -h -S line_follower.elf  > "line_follower.list"
   text	   data	    bss	    dec	    hex	filename
  46716	    504	   2512	  49732	   c244	line_follower.elf
Finished building: default.size.stdout
 
Finished building: line_follower.list
 
19:19:24 **** Incremental Build of configuration Debug for project line_follower ****
make -j12 all 
arm-none-eabi-gcc "../Core/Src/main.c" -mcpu=cortex-m4 -std=gnu11 -g3 -DDEBUG -DUSE_HAL_DRIVER -DSTM32F411xE -c -I../Core/Inc -I../Drivers/STM32F4xx_HAL_Driver/Inc -I../Drivers/STM32F4xx_HAL_Driver/Inc/Legacy -I../Drivers/CMSIS/Device/ST/STM32F4xx/Include -I../Drivers/CMSIS/Include -O0 -ffunction-sections -fdata-sections -Wall -fstack-usage -fcyclomatic-complexity -MMD -MP -MF"Core/Src/main.d" -MT"Core/Src/main.o" --specs=nano.specs -mfpu=fpv4-sp-d16 -mfloat-abi=hard -mthumb -o "Core/Src/main.o"
arm-none-eabi-gcc -o "line_follower.elf" @"objects.list"   -mcpu=cortex-m4 -T"C:\Users\7_wick\flf_workspace\line_follower\STM32F411CEUX_FLASH.ld" --specs=nosys.specs -Wl,-Map="line_follower.map" -Wl,--gc-sections -static -u _scanf_float -u _printf_float --specs=nano.specs -mfpu=fpv4-sp-d16 -mfloat-abi=hard -mthumb -Wl,--start-group -lc -lm -Wl,--end-group
Finished building target: line_follower.elf
 
arm-none-eabi-size  line_follower.elf 
arm-none-eabi-objdump -h -S line_follower.elf  > "line_follower.list"
   text	   data	    bss	    dec	    hex	filename
  46716	    504	   2512	  49732	   c244	line_follower.elf
Finished building: default.size.stdout
 
Finished building: line_follower.list
 
19:56:57 **** Incremental Build of configuration Debug for project line_follower ****
make -j12 all 
arm-none-eabi-gcc "../Core/Src/main.c" -mcpu=cortex-m4 -std=gnu11 -g3 -DDEBUG -DUSE_HAL_DRIVER -DSTM32F411xE -c -I../Core/Inc -I../Drivers/STM32F4xx_HAL_Driver/Inc -I../Drivers/STM32F4xx_HAL_Driver/Inc/Legacy -I../Drivers/CMSIS/Device/ST/STM32F4xx/Include -I../Drivers/CMSIS/Include -O0 -ffunction-sections -fdata-sections -Wall -fstack-usage -fcyclomatic-complexity -MMD -MP -MF"Core/Src/main.d" -MT"Core/Src/main.o" --specs=nano.specs -mfpu=fpv4-sp-d16 -mfloat-abi=hard -mthumb -o "Core/Src/main.o"
arm-none-eabi-gcc "../Core/Src/sensor_module.c" -mcpu=cortex-m4 -std=gnu11 -g3 -DDEBUG -DUSE_HAL_DRIVER -DSTM32F411xE -c -I../Core/Inc -I../Drivers/STM32F4xx_HAL_Driver/Inc -I../Drivers/STM32F4xx_HAL_Driver/Inc/Legacy -I../Drivers/CMSIS/Device/ST/STM32F4xx/Include -I../Drivers/CMSIS/Include -O0 -ffunction-sections -fdata-sections -Wall -fstack-usage -fcyclomatic-complexity -MMD -MP -MF"Core/Src/sensor_module.d" -MT"Core/Src/sensor_module.o" --specs=nano.specs -mfpu=fpv4-sp-d16 -mfloat-abi=hard -mthumb -o "Core/Src/sensor_module.o"
../Core/Src/sensor_module.c:54:5: error: conflicting types for 'detect_junction'; have 'int(Sensor_Array *)'
   54 | int detect_junction(Sensor_Array *sa) {
      |     ^~~~~~~~~~~~~~~
In file included from ../Core/Src/sensor_module.c:4:
../Core/Inc/sensor_module.h:27:14: note: previous declaration of 'detect_junction' with type 'JunctionType(Sensor_Array *)'
   27 | JunctionType detect_junction(Sensor_Array *sensor_array);
      |              ^~~~~~~~~~~~~~~
make: *** [Core/Src/subdir.mk:46: Core/Src/sensor_module.o] Error 1
make: *** Waiting for unfinished jobs....
../Core/Src/main.c: In function 'main':
../Core/Src/main.c:271:65: error: 'speed' undeclared (first use in this function)
  271 |                                                 set_motor_speed(speed, -speed, battery_voltage(dma_buffer));
      |                                                                 ^~~~~
../Core/Src/main.c:271:65: note: each undeclared identifier is reported only once for each function it appears in
make: *** [Core/Src/subdir.mk:46: Core/Src/main.o] Error 1
"make -j12 all" terminated with exit code 2. Build might be incomplete.
20:06:41 **** Incremental Build of configuration Debug for project line_follower ****
make -j12 all 
arm-none-eabi-gcc "../Core/Src/main.c" -mcpu=cortex-m4 -std=gnu11 -g3 -DDEBUG -DUSE_HAL_DRIVER -DSTM32F411xE -c -I../Core/Inc -I../Drivers/STM32F4xx_HAL_Driver/Inc -I../Drivers/STM32F4xx_HAL_Driver/Inc/Legacy -I../Drivers/CMSIS/Device/ST/STM32F4xx/Include -I../Drivers/CMSIS/Include -O0 -ffunction-sections -fdata-sections -Wall -fstack-usage -fcyclomatic-complexity -MMD -MP -MF"Core/Src/main.d" -MT"Core/Src/main.o" --specs=nano.specs -mfpu=fpv4-sp-d16 -mfloat-abi=hard -mthumb -o "Core/Src/main.o"
arm-none-eabi-gcc "../Core/Src/motor.c" -mcpu=cortex-m4 -std=gnu11 -g3 -DDEBUG -DUSE_HAL_DRIVER -DSTM32F411xE -c -I../Core/Inc -I../Drivers/STM32F4xx_HAL_Driver/Inc -I../Drivers/STM32F4xx_HAL_Driver/Inc/Legacy -I../Drivers/CMSIS/Device/ST/STM32F4xx/Include -I../Drivers/CMSIS/Include -O0 -ffunction-sections -fdata-sections -Wall -fstack-usage -fcyclomatic-complexity -MMD -MP -MF"Core/Src/motor.d" -MT"Core/Src/motor.o" --specs=nano.specs -mfpu=fpv4-sp-d16 -mfloat-abi=hard -mthumb -o "Core/Src/motor.o"
arm-none-eabi-gcc "../Core/Src/sensor_module.c" -mcpu=cortex-m4 -std=gnu11 -g3 -DDEBUG -DUSE_HAL_DRIVER -DSTM32F411xE -c -I../Core/Inc -I../Drivers/STM32F4xx_HAL_Driver/Inc -I../Drivers/STM32F4xx_HAL_Driver/Inc/Legacy -I../Drivers/CMSIS/Device/ST/STM32F4xx/Include -I../Drivers/CMSIS/Include -O0 -ffunction-sections -fdata-sections -Wall -fstack-usage -fcyclomatic-complexity -MMD -MP -MF"Core/Src/sensor_module.d" -MT"Core/Src/sensor_module.o" --specs=nano.specs -mfpu=fpv4-sp-d16 -mfloat-abi=hard -mthumb -o "Core/Src/sensor_module.o"
arm-none-eabi-gcc "../Core/Src/utils.c" -mcpu=cortex-m4 -std=gnu11 -g3 -DDEBUG -DUSE_HAL_DRIVER -DSTM32F411xE -c -I../Core/Inc -I../Drivers/STM32F4xx_HAL_Driver/Inc -I../Drivers/STM32F4xx_HAL_Driver/Inc/Legacy -I../Drivers/CMSIS/Device/ST/STM32F4xx/Include -I../Drivers/CMSIS/Include -O0 -ffunction-sections -fdata-sections -Wall -fstack-usage -fcyclomatic-complexity -MMD -MP -MF"Core/Src/utils.d" -MT"Core/Src/utils.o" --specs=nano.specs -mfpu=fpv4-sp-d16 -mfloat-abi=hard -mthumb -o "Core/Src/utils.o"
arm-none-eabi-gcc -o "line_follower.elf" @"objects.list"   -mcpu=cortex-m4 -T"C:\Users\7_wick\flf_workspace\line_follower\STM32F411CEUX_FLASH.ld" --specs=nosys.specs -Wl,-Map="line_follower.map" -Wl,--gc-sections -static -u _scanf_float -u _printf_float --specs=nano.specs -mfpu=fpv4-sp-d16 -mfloat-abi=hard -mthumb -Wl,--start-group -lc -lm -Wl,--end-group
Finished building target: line_follower.elf
 
arm-none-eabi-size  line_follower.elf 
arm-none-eabi-objdump -h -S line_follower.elf  > "line_follower.list"
   text	   data	    bss	    dec	    hex	filename
  46860	    504	   2512	  49876	   c2d4	line_follower.elf
Finished building: default.size.stdout
 
Finished building: line_follower.list
 
20:10:16 **** Incremental Build of configuration Debug for project line_follower ****
make -j12 all 
arm-none-eabi-gcc "../Core/Src/sensor_module.c" -mcpu=cortex-m4 -std=gnu11 -g3 -DDEBUG -DUSE_HAL_DRIVER -DSTM32F411xE -c -I../Core/Inc -I../Drivers/STM32F4xx_HAL_Driver/Inc -I../Drivers/STM32F4xx_HAL_Driver/Inc/Legacy -I../Drivers/CMSIS/Device/ST/STM32F4xx/Include -I../Drivers/CMSIS/Include -O0 -ffunction-sections -fdata-sections -Wall -fstack-usage -fcyclomatic-complexity -MMD -MP -MF"Core/Src/sensor_module.d" -MT"Core/Src/sensor_module.o" --specs=nano.specs -mfpu=fpv4-sp-d16 -mfloat-abi=hard -mthumb -o "Core/Src/sensor_module.o"
arm-none-eabi-gcc -o "line_follower.elf" @"objects.list"   -mcpu=cortex-m4 -T"C:\Users\7_wick\flf_workspace\line_follower\STM32F411CEUX_FLASH.ld" --specs=nosys.specs -Wl,-Map="line_follower.map" -Wl,--gc-sections -static -u _scanf_float -u _printf_float --specs=nano.specs -mfpu=fpv4-sp-d16 -mfloat-abi=hard -mthumb -Wl,--start-group -lc -lm -Wl,--end-group
Finished building target: line_follower.elf
 
arm-none-eabi-size  line_follower.elf 
arm-none-eabi-objdump -h -S line_follower.elf  > "line_follower.list"
   text	   data	    bss	    dec	    hex	filename
  46860	    504	   2512	  49876	   c2d4	line_follower.elf
Finished building: default.size.stdout
 
Finished building: line_follower.list
 
20:15:12 **** Incremental Build of configuration Debug for project line_follower ****
make -j12 all 
arm-none-eabi-gcc "../Core/Src/main.c" -mcpu=cortex-m4 -std=gnu11 -g3 -DDEBUG -DUSE_HAL_DRIVER -DSTM32F411xE -c -I../Core/Inc -I../Drivers/STM32F4xx_HAL_Driver/Inc -I../Drivers/STM32F4xx_HAL_Driver/Inc/Legacy -I../Drivers/CMSIS/Device/ST/STM32F4xx/Include -I../Drivers/CMSIS/Include -O0 -ffunction-sections -fdata-sections -Wall -fstack-usage -fcyclomatic-complexity -MMD -MP -MF"Core/Src/main.d" -MT"Core/Src/main.o" --specs=nano.specs -mfpu=fpv4-sp-d16 -mfloat-abi=hard -mthumb -o "Core/Src/main.o"
arm-none-eabi-gcc "../Core/Src/sensor_module.c" -mcpu=cortex-m4 -std=gnu11 -g3 -DDEBUG -DUSE_HAL_DRIVER -DSTM32F411xE -c -I../Core/Inc -I../Drivers/STM32F4xx_HAL_Driver/Inc -I../Drivers/STM32F4xx_HAL_Driver/Inc/Legacy -I../Drivers/CMSIS/Device/ST/STM32F4xx/Include -I../Drivers/CMSIS/Include -O0 -ffunction-sections -fdata-sections -Wall -fstack-usage -fcyclomatic-complexity -MMD -MP -MF"Core/Src/sensor_module.d" -MT"Core/Src/sensor_module.o" --specs=nano.specs -mfpu=fpv4-sp-d16 -mfloat-abi=hard -mthumb -o "Core/Src/sensor_module.o"
arm-none-eabi-gcc -o "line_follower.elf" @"objects.list"   -mcpu=cortex-m4 -T"C:\Users\7_wick\flf_workspace\line_follower\STM32F411CEUX_FLASH.ld" --specs=nosys.specs -Wl,-Map="line_follower.map" -Wl,--gc-sections -static -u _scanf_float -u _printf_float --specs=nano.specs -mfpu=fpv4-sp-d16 -mfloat-abi=hard -mthumb -Wl,--start-group -lc -lm -Wl,--end-group
Finished building target: line_follower.elf
 
arm-none-eabi-size  line_follower.elf 
arm-none-eabi-objdump -h -S line_follower.elf  > "line_follower.list"
   text	   data	    bss	    dec	    hex	filename
  46860	    504	   2512	  49876	   c2d4	line_follower.elf
Finished building: default.size.stdout
 
Finished building: line_follower.list
 
20:18:30 **** Incremental Build of configuration Debug for project line_follower ****
make -j12 all 
arm-none-eabi-gcc "../Core/Src/main.c" -mcpu=cortex-m4 -std=gnu11 -g3 -DDEBUG -DUSE_HAL_DRIVER -DSTM32F411xE -c -I../Core/Inc -I../Drivers/STM32F4xx_HAL_Driver/Inc -I../Drivers/STM32F4xx_HAL_Driver/Inc/Legacy -I../Drivers/CMSIS/Device/ST/STM32F4xx/Include -I../Drivers/CMSIS/Include -O0 -ffunction-sections -fdata-sections -Wall -fstack-usage -fcyclomatic-complexity -MMD -MP -MF"Core/Src/main.d" -MT"Core/Src/main.o" --specs=nano.specs -mfpu=fpv4-sp-d16 -mfloat-abi=hard -mthumb -o "Core/Src/main.o"
arm-none-eabi-gcc "../Core/Src/sensor_module.c" -mcpu=cortex-m4 -std=gnu11 -g3 -DDEBUG -DUSE_HAL_DRIVER -DSTM32F411xE -c -I../Core/Inc -I../Drivers/STM32F4xx_HAL_Driver/Inc -I../Drivers/STM32F4xx_HAL_Driver/Inc/Legacy -I../Drivers/CMSIS/Device/ST/STM32F4xx/Include -I../Drivers/CMSIS/Include -O0 -ffunction-sections -fdata-sections -Wall -fstack-usage -fcyclomatic-complexity -MMD -MP -MF"Core/Src/sensor_module.d" -MT"Core/Src/sensor_module.o" --specs=nano.specs -mfpu=fpv4-sp-d16 -mfloat-abi=hard -mthumb -o "Core/Src/sensor_module.o"
arm-none-eabi-gcc -o "line_follower.elf" @"objects.list"   -mcpu=cortex-m4 -T"C:\Users\7_wick\flf_workspace\line_follower\STM32F411CEUX_FLASH.ld" --specs=nosys.specs -Wl,-Map="line_follower.map" -Wl,--gc-sections -static -u _scanf_float -u _printf_float --specs=nano.specs -mfpu=fpv4-sp-d16 -mfloat-abi=hard -mthumb -Wl,--start-group -lc -lm -Wl,--end-group
Finished building target: line_follower.elf
 
arm-none-eabi-size  line_follower.elf 
arm-none-eabi-objdump -h -S line_follower.elf  > "line_follower.list"
   text	   data	    bss	    dec	    hex	filename
  46860	    504	   2512	  49876	   c2d4	line_follower.elf
Finished building: default.size.stdout
 
Finished building: line_follower.list
 
20:21:23 **** Incremental Build of configuration Debug for project line_follower ****
make -j12 all 
arm-none-eabi-gcc "../Core/Src/main.c" -mcpu=cortex-m4 -std=gnu11 -g3 -DDEBUG -DUSE_HAL_DRIVER -DSTM32F411xE -c -I../Core/Inc -I../Drivers/STM32F4xx_HAL_Driver/Inc -I../Drivers/STM32F4xx_HAL_Driver/Inc/Legacy -I../Drivers/CMSIS/Device/ST/STM32F4xx/Include -I../Drivers/CMSIS/Include -O0 -ffunction-sections -fdata-sections -Wall -fstack-usage -fcyclomatic-complexity -MMD -MP -MF"Core/Src/main.d" -MT"Core/Src/main.o" --specs=nano.specs -mfpu=fpv4-sp-d16 -mfloat-abi=hard -mthumb -o "Core/Src/main.o"
arm-none-eabi-gcc -o "line_follower.elf" @"objects.list"   -mcpu=cortex-m4 -T"C:\Users\7_wick\flf_workspace\line_follower\STM32F411CEUX_FLASH.ld" --specs=nosys.specs -Wl,-Map="line_follower.map" -Wl,--gc-sections -static -u _scanf_float -u _printf_float --specs=nano.specs -mfpu=fpv4-sp-d16 -mfloat-abi=hard -mthumb -Wl,--start-group -lc -lm -Wl,--end-group
Finished building target: line_follower.elf
 
arm-none-eabi-size  line_follower.elf 
arm-none-eabi-objdump -h -S line_follower.elf  > "line_follower.list"
   text	   data	    bss	    dec	    hex	filename
  46860	    504	   2512	  49876	   c2d4	line_follower.elf
Finished building: default.size.stdout
 
Finished building: line_follower.list
 
20:24:35 **** Incremental Build of configuration Debug for project line_follower ****
make -j12 all 
arm-none-eabi-gcc "../Core/Src/main.c" -mcpu=cortex-m4 -std=gnu11 -g3 -DDEBUG -DUSE_HAL_DRIVER -DSTM32F411xE -c -I../Core/Inc -I../Drivers/STM32F4xx_HAL_Driver/Inc -I../Drivers/STM32F4xx_HAL_Driver/Inc/Legacy -I../Drivers/CMSIS/Device/ST/STM32F4xx/Include -I../Drivers/CMSIS/Include -O0 -ffunction-sections -fdata-sections -Wall -fstack-usage -fcyclomatic-complexity -MMD -MP -MF"Core/Src/main.d" -MT"Core/Src/main.o" --specs=nano.specs -mfpu=fpv4-sp-d16 -mfloat-abi=hard -mthumb -o "Core/Src/main.o"
arm-none-eabi-gcc -o "line_follower.elf" @"objects.list"   -mcpu=cortex-m4 -T"C:\Users\7_wick\flf_workspace\line_follower\STM32F411CEUX_FLASH.ld" --specs=nosys.specs -Wl,-Map="line_follower.map" -Wl,--gc-sections -static -u _scanf_float -u _printf_float --specs=nano.specs -mfpu=fpv4-sp-d16 -mfloat-abi=hard -mthumb -Wl,--start-group -lc -lm -Wl,--end-group
Finished building target: line_follower.elf
 
arm-none-eabi-size  line_follower.elf 
arm-none-eabi-objdump -h -S line_follower.elf  > "line_follower.list"
   text	   data	    bss	    dec	    hex	filename
  46860	    504	   2512	  49876	   c2d4	line_follower.elf
Finished building: default.size.stdout
 
Finished building: line_follower.list
 
20:29:48 **** Incremental Build of configuration Debug for project line_follower ****
make -j12 all 
arm-none-eabi-gcc "../Core/Src/sensor_module.c" -mcpu=cortex-m4 -std=gnu11 -g3 -DDEBUG -DUSE_HAL_DRIVER -DSTM32F411xE -c -I../Core/Inc -I../Drivers/STM32F4xx_HAL_Driver/Inc -I../Drivers/STM32F4xx_HAL_Driver/Inc/Legacy -I../Drivers/CMSIS/Device/ST/STM32F4xx/Include -I../Drivers/CMSIS/Include -O0 -ffunction-sections -fdata-sections -Wall -fstack-usage -fcyclomatic-complexity -MMD -MP -MF"Core/Src/sensor_module.d" -MT"Core/Src/sensor_module.o" --specs=nano.specs -mfpu=fpv4-sp-d16 -mfloat-abi=hard -mthumb -o "Core/Src/sensor_module.o"
arm-none-eabi-gcc -o "line_follower.elf" @"objects.list"   -mcpu=cortex-m4 -T"C:\Users\7_wick\flf_workspace\line_follower\STM32F411CEUX_FLASH.ld" --specs=nosys.specs -Wl,-Map="line_follower.map" -Wl,--gc-sections -static -u _scanf_float -u _printf_float --specs=nano.specs -mfpu=fpv4-sp-d16 -mfloat-abi=hard -mthumb -Wl,--start-group -lc -lm -Wl,--end-group
Finished building target: line_follower.elf
 
arm-none-eabi-size  line_follower.elf 
arm-none-eabi-objdump -h -S line_follower.elf  > "line_follower.list"
   text	   data	    bss	    dec	    hex	filename
  46932	    504	   2512	  49948	   c31c	line_follower.elf
Finished building: default.size.stdout
 
Finished building: line_follower.list
 
20:43:05 **** Incremental Build of configuration Debug for project line_follower ****
make -j12 all 
arm-none-eabi-gcc "../Core/Src/main.c" -mcpu=cortex-m4 -std=gnu11 -g3 -DDEBUG -DUSE_HAL_DRIVER -DSTM32F411xE -c -I../Core/Inc -I../Drivers/STM32F4xx_HAL_Driver/Inc -I../Drivers/STM32F4xx_HAL_Driver/Inc/Legacy -I../Drivers/CMSIS/Device/ST/STM32F4xx/Include -I../Drivers/CMSIS/Include -O0 -ffunction-sections -fdata-sections -Wall -fstack-usage -fcyclomatic-complexity -MMD -MP -MF"Core/Src/main.d" -MT"Core/Src/main.o" --specs=nano.specs -mfpu=fpv4-sp-d16 -mfloat-abi=hard -mthumb -o "Core/Src/main.o"
arm-none-eabi-gcc -o "line_follower.elf" @"objects.list"   -mcpu=cortex-m4 -T"C:\Users\7_wick\flf_workspace\line_follower\STM32F411CEUX_FLASH.ld" --specs=nosys.specs -Wl,-Map="line_follower.map" -Wl,--gc-sections -static -u _scanf_float -u _printf_float --specs=nano.specs -mfpu=fpv4-sp-d16 -mfloat-abi=hard -mthumb -Wl,--start-group -lc -lm -Wl,--end-group
Finished building target: line_follower.elf
 
arm-none-eabi-size  line_follower.elf 
arm-none-eabi-objdump -h -S line_follower.elf  > "line_follower.list"
   text	   data	    bss	    dec	    hex	filename
  46932	    504	   2512	  49948	   c31c	line_follower.elf
Finished building: default.size.stdout
 
Finished building: line_follower.list
 
21:09:22 **** Incremental Build of configuration Debug for project line_follower ****
make -j12 all 
arm-none-eabi-gcc "../Core/Src/main.c" -mcpu=cortex-m4 -std=gnu11 -g3 -DDEBUG -DUSE_HAL_DRIVER -DSTM32F411xE -c -I../Core/Inc -I../Drivers/STM32F4xx_HAL_Driver/Inc -I../Drivers/STM32F4xx_HAL_Driver/Inc/Legacy -I../Drivers/CMSIS/Device/ST/STM32F4xx/Include -I../Drivers/CMSIS/Include -O0 -ffunction-sections -fdata-sections -Wall -fstack-usage -fcyclomatic-complexity -MMD -MP -MF"Core/Src/main.d" -MT"Core/Src/main.o" --specs=nano.specs -mfpu=fpv4-sp-d16 -mfloat-abi=hard -mthumb -o "Core/Src/main.o"
arm-none-eabi-gcc "../Core/Src/motor.c" -mcpu=cortex-m4 -std=gnu11 -g3 -DDEBUG -DUSE_HAL_DRIVER -DSTM32F411xE -c -I../Core/Inc -I../Drivers/STM32F4xx_HAL_Driver/Inc -I../Drivers/STM32F4xx_HAL_Driver/Inc/Legacy -I../Drivers/CMSIS/Device/ST/STM32F4xx/Include -I../Drivers/CMSIS/Include -O0 -ffunction-sections -fdata-sections -Wall -fstack-usage -fcyclomatic-complexity -MMD -MP -MF"Core/Src/motor.d" -MT"Core/Src/motor.o" --specs=nano.specs -mfpu=fpv4-sp-d16 -mfloat-abi=hard -mthumb -o "Core/Src/motor.o"
arm-none-eabi-gcc -o "line_follower.elf" @"objects.list"   -mcpu=cortex-m4 -T"C:\Users\7_wick\flf_workspace\line_follower\STM32F411CEUX_FLASH.ld" --specs=nosys.specs -Wl,-Map="line_follower.map" -Wl,--gc-sections -static -u _scanf_float -u _printf_float --specs=nano.specs -mfpu=fpv4-sp-d16 -mfloat-abi=hard -mthumb -Wl,--start-group -lc -lm -Wl,--end-group
Finished building target: line_follower.elf
 
arm-none-eabi-size  line_follower.elf 
arm-none-eabi-objdump -h -S line_follower.elf  > "line_follower.list"
   text	   data	    bss	    dec	    hex	filename
  46948	    504	   2512	  49964	   c32c	line_follower.elf
Finished building: default.size.stdout
 
Finished building: line_follower.list
 
21:11:10 **** Incremental Build of configuration Debug for project line_follower ****
make -j12 all 
arm-none-eabi-gcc "../Core/Src/motor.c" -mcpu=cortex-m4 -std=gnu11 -g3 -DDEBUG -DUSE_HAL_DRIVER -DSTM32F411xE -c -I../Core/Inc -I../Drivers/STM32F4xx_HAL_Driver/Inc -I../Drivers/STM32F4xx_HAL_Driver/Inc/Legacy -I../Drivers/CMSIS/Device/ST/STM32F4xx/Include -I../Drivers/CMSIS/Include -O0 -ffunction-sections -fdata-sections -Wall -fstack-usage -fcyclomatic-complexity -MMD -MP -MF"Core/Src/motor.d" -MT"Core/Src/motor.o" --specs=nano.specs -mfpu=fpv4-sp-d16 -mfloat-abi=hard -mthumb -o "Core/Src/motor.o"
arm-none-eabi-gcc -o "line_follower.elf" @"objects.list"   -mcpu=cortex-m4 -T"C:\Users\7_wick\flf_workspace\line_follower\STM32F411CEUX_FLASH.ld" --specs=nosys.specs -Wl,-Map="line_follower.map" -Wl,--gc-sections -static -u _scanf_float -u _printf_float --specs=nano.specs -mfpu=fpv4-sp-d16 -mfloat-abi=hard -mthumb -Wl,--start-group -lc -lm -Wl,--end-group
Finished building target: line_follower.elf
 
arm-none-eabi-size  line_follower.elf 
arm-none-eabi-objdump -h -S line_follower.elf  > "line_follower.list"
   text	   data	    bss	    dec	    hex	filename
  46940	    504	   2512	  49956	   c324	line_follower.elf
Finished building: default.size.stdout
 
Finished building: line_follower.list
 
21:11:50 **** Incremental Build of configuration Debug for project line_follower ****
make -j12 all 
arm-none-eabi-gcc "../Core/Src/main.c" -mcpu=cortex-m4 -std=gnu11 -g3 -DDEBUG -DUSE_HAL_DRIVER -DSTM32F411xE -c -I../Core/Inc -I../Drivers/STM32F4xx_HAL_Driver/Inc -I../Drivers/STM32F4xx_HAL_Driver/Inc/Legacy -I../Drivers/CMSIS/Device/ST/STM32F4xx/Include -I../Drivers/CMSIS/Include -O0 -ffunction-sections -fdata-sections -Wall -fstack-usage -fcyclomatic-complexity -MMD -MP -MF"Core/Src/main.d" -MT"Core/Src/main.o" --specs=nano.specs -mfpu=fpv4-sp-d16 -mfloat-abi=hard -mthumb -o "Core/Src/main.o"
arm-none-eabi-gcc -o "line_follower.elf" @"objects.list"   -mcpu=cortex-m4 -T"C:\Users\7_wick\flf_workspace\line_follower\STM32F411CEUX_FLASH.ld" --specs=nosys.specs -Wl,-Map="line_follower.map" -Wl,--gc-sections -static -u _scanf_float -u _printf_float --specs=nano.specs -mfpu=fpv4-sp-d16 -mfloat-abi=hard -mthumb -Wl,--start-group -lc -lm -Wl,--end-group
Finished building target: line_follower.elf
 
arm-none-eabi-size  line_follower.elf 
arm-none-eabi-objdump -h -S line_follower.elf  > "line_follower.list"
   text	   data	    bss	    dec	    hex	filename
  46940	    504	   2512	  49956	   c324	line_follower.elf
Finished building: default.size.stdout
 
Finished building: line_follower.list
 
21:17:14 **** Incremental Build of configuration Debug for project line_follower ****
make -j12 all 
arm-none-eabi-gcc "../Core/Src/main.c" -mcpu=cortex-m4 -std=gnu11 -g3 -DDEBUG -DUSE_HAL_DRIVER -DSTM32F411xE -c -I../Core/Inc -I../Drivers/STM32F4xx_HAL_Driver/Inc -I../Drivers/STM32F4xx_HAL_Driver/Inc/Legacy -I../Drivers/CMSIS/Device/ST/STM32F4xx/Include -I../Drivers/CMSIS/Include -O0 -ffunction-sections -fdata-sections -Wall -fstack-usage -fcyclomatic-complexity -MMD -MP -MF"Core/Src/main.d" -MT"Core/Src/main.o" --specs=nano.specs -mfpu=fpv4-sp-d16 -mfloat-abi=hard -mthumb -o "Core/Src/main.o"
arm-none-eabi-gcc "../Core/Src/motor.c" -mcpu=cortex-m4 -std=gnu11 -g3 -DDEBUG -DUSE_HAL_DRIVER -DSTM32F411xE -c -I../Core/Inc -I../Drivers/STM32F4xx_HAL_Driver/Inc -I../Drivers/STM32F4xx_HAL_Driver/Inc/Legacy -I../Drivers/CMSIS/Device/ST/STM32F4xx/Include -I../Drivers/CMSIS/Include -O0 -ffunction-sections -fdata-sections -Wall -fstack-usage -fcyclomatic-complexity -MMD -MP -MF"Core/Src/motor.d" -MT"Core/Src/motor.o" --specs=nano.specs -mfpu=fpv4-sp-d16 -mfloat-abi=hard -mthumb -o "Core/Src/motor.o"
arm-none-eabi-gcc "../Core/Src/sensor_module.c" -mcpu=cortex-m4 -std=gnu11 -g3 -DDEBUG -DUSE_HAL_DRIVER -DSTM32F411xE -c -I../Core/Inc -I../Drivers/STM32F4xx_HAL_Driver/Inc -I../Drivers/STM32F4xx_HAL_Driver/Inc/Legacy -I../Drivers/CMSIS/Device/ST/STM32F4xx/Include -I../Drivers/CMSIS/Include -O0 -ffunction-sections -fdata-sections -Wall -fstack-usage -fcyclomatic-complexity -MMD -MP -MF"Core/Src/sensor_module.d" -MT"Core/Src/sensor_module.o" --specs=nano.specs -mfpu=fpv4-sp-d16 -mfloat-abi=hard -mthumb -o "Core/Src/sensor_module.o"
arm-none-eabi-gcc -o "line_follower.elf" @"objects.list"   -mcpu=cortex-m4 -T"C:\Users\7_wick\flf_workspace\line_follower\STM32F411CEUX_FLASH.ld" --specs=nosys.specs -Wl,-Map="line_follower.map" -Wl,--gc-sections -static -u _scanf_float -u _printf_float --specs=nano.specs -mfpu=fpv4-sp-d16 -mfloat-abi=hard -mthumb -Wl,--start-group -lc -lm -Wl,--end-group
Finished building target: line_follower.elf
 
arm-none-eabi-size  line_follower.elf 
arm-none-eabi-objdump -h -S line_follower.elf  > "line_follower.list"
   text	   data	    bss	    dec	    hex	filename
  46932	    504	   2512	  49948	   c31c	line_follower.elf
Finished building: default.size.stdout
 
Finished building: line_follower.list
 
21:23:31 **** Incremental Build of configuration Debug for project line_follower ****
make -j12 all 
arm-none-eabi-gcc "../Core/Src/main.c" -mcpu=cortex-m4 -std=gnu11 -g3 -DDEBUG -DUSE_HAL_DRIVER -DSTM32F411xE -c -I../Core/Inc -I../Drivers/STM32F4xx_HAL_Driver/Inc -I../Drivers/STM32F4xx_HAL_Driver/Inc/Legacy -I../Drivers/CMSIS/Device/ST/STM32F4xx/Include -I../Drivers/CMSIS/Include -O0 -ffunction-sections -fdata-sections -Wall -fstack-usage -fcyclomatic-complexity -MMD -MP -MF"Core/Src/main.d" -MT"Core/Src/main.o" --specs=nano.specs -mfpu=fpv4-sp-d16 -mfloat-abi=hard -mthumb -o "Core/Src/main.o"
arm-none-eabi-gcc -o "line_follower.elf" @"objects.list"   -mcpu=cortex-m4 -T"C:\Users\7_wick\flf_workspace\line_follower\STM32F411CEUX_FLASH.ld" --specs=nosys.specs -Wl,-Map="line_follower.map" -Wl,--gc-sections -static -u _scanf_float -u _printf_float --specs=nano.specs -mfpu=fpv4-sp-d16 -mfloat-abi=hard -mthumb -Wl,--start-group -lc -lm -Wl,--end-group
Finished building target: line_follower.elf
 
arm-none-eabi-size  line_follower.elf 
arm-none-eabi-objdump -h -S line_follower.elf  > "line_follower.list"
   text	   data	    bss	    dec	    hex	filename
  46932	    504	   2512	  49948	   c31c	line_follower.elf
Finished building: default.size.stdout
 
Finished building: line_follower.list
 
21:24:02 **** Incremental Build of configuration Debug for project line_follower ****
make -j12 all 
arm-none-eabi-size  line_follower.elf 
   text	   data	    bss	    dec	    hex	filename
  46932	    504	   2512	  49948	   c31c	line_follower.elf
Finished building: default.size.stdout
 
21:25:24 **** Incremental Build of configuration Debug for project line_follower ****
make -j12 all 
arm-none-eabi-size  line_follower.elf 
   text	   data	    bss	    dec	    hex	filename
  46932	    504	   2512	  49948	   c31c	line_follower.elf
Finished building: default.size.stdout
 
21:32:42 **** Incremental Build of configuration Debug for project line_follower ****
make -j12 all 
arm-none-eabi-gcc "../Core/Src/main.c" -mcpu=cortex-m4 -std=gnu11 -g3 -DDEBUG -DUSE_HAL_DRIVER -DSTM32F411xE -c -I../Core/Inc -I../Drivers/STM32F4xx_HAL_Driver/Inc -I../Drivers/STM32F4xx_HAL_Driver/Inc/Legacy -I../Drivers/CMSIS/Device/ST/STM32F4xx/Include -I../Drivers/CMSIS/Include -O0 -ffunction-sections -fdata-sections -Wall -fstack-usage -fcyclomatic-complexity -MMD -MP -MF"Core/Src/main.d" -MT"Core/Src/main.o" --specs=nano.specs -mfpu=fpv4-sp-d16 -mfloat-abi=hard -mthumb -o "Core/Src/main.o"
arm-none-eabi-gcc "../Core/Src/sensor_module.c" -mcpu=cortex-m4 -std=gnu11 -g3 -DDEBUG -DUSE_HAL_DRIVER -DSTM32F411xE -c -I../Core/Inc -I../Drivers/STM32F4xx_HAL_Driver/Inc -I../Drivers/STM32F4xx_HAL_Driver/Inc/Legacy -I../Drivers/CMSIS/Device/ST/STM32F4xx/Include -I../Drivers/CMSIS/Include -O0 -ffunction-sections -fdata-sections -Wall -fstack-usage -fcyclomatic-complexity -MMD -MP -MF"Core/Src/sensor_module.d" -MT"Core/Src/sensor_module.o" --specs=nano.specs -mfpu=fpv4-sp-d16 -mfloat-abi=hard -mthumb -o "Core/Src/sensor_module.o"
arm-none-eabi-gcc -o "line_follower.elf" @"objects.list"   -mcpu=cortex-m4 -T"C:\Users\7_wick\flf_workspace\line_follower\STM32F411CEUX_FLASH.ld" --specs=nosys.specs -Wl,-Map="line_follower.map" -Wl,--gc-sections -static -u _scanf_float -u _printf_float --specs=nano.specs -mfpu=fpv4-sp-d16 -mfloat-abi=hard -mthumb -Wl,--start-group -lc -lm -Wl,--end-group
Finished building target: line_follower.elf
 
arm-none-eabi-size  line_follower.elf 
arm-none-eabi-objdump -h -S line_follower.elf  > "line_follower.list"
   text	   data	    bss	    dec	    hex	filename
  46932	    504	   2512	  49948	   c31c	line_follower.elf
Finished building: default.size.stdout
 
Finished building: line_follower.list
 
21:38:41 **** Incremental Build of configuration Debug for project line_follower ****
make -j12 all 
arm-none-eabi-gcc "../Core/Src/sensor_module.c" -mcpu=cortex-m4 -std=gnu11 -g3 -DDEBUG -DUSE_HAL_DRIVER -DSTM32F411xE -c -I../Core/Inc -I../Drivers/STM32F4xx_HAL_Driver/Inc -I../Drivers/STM32F4xx_HAL_Driver/Inc/Legacy -I../Drivers/CMSIS/Device/ST/STM32F4xx/Include -I../Drivers/CMSIS/Include -O0 -ffunction-sections -fdata-sections -Wall -fstack-usage -fcyclomatic-complexity -MMD -MP -MF"Core/Src/sensor_module.d" -MT"Core/Src/sensor_module.o" --specs=nano.specs -mfpu=fpv4-sp-d16 -mfloat-abi=hard -mthumb -o "Core/Src/sensor_module.o"
arm-none-eabi-gcc -o "line_follower.elf" @"objects.list"   -mcpu=cortex-m4 -T"C:\Users\7_wick\flf_workspace\line_follower\STM32F411CEUX_FLASH.ld" --specs=nosys.specs -Wl,-Map="line_follower.map" -Wl,--gc-sections -static -u _scanf_float -u _printf_float --specs=nano.specs -mfpu=fpv4-sp-d16 -mfloat-abi=hard -mthumb -Wl,--start-group -lc -lm -Wl,--end-group
Finished building target: line_follower.elf
 
arm-none-eabi-size  line_follower.elf 
arm-none-eabi-objdump -h -S line_follower.elf  > "line_follower.list"
   text	   data	    bss	    dec	    hex	filename
  46932	    504	   2512	  49948	   c31c	line_follower.elf
Finished building: default.size.stdout
 
Finished building: line_follower.list
 
22:01:09 **** Incremental Build of configuration Debug for project line_follower ****
make -j12 all 
arm-none-eabi-gcc "../Core/Src/main.c" -mcpu=cortex-m4 -std=gnu11 -g3 -DDEBUG -DUSE_HAL_DRIVER -DSTM32F411xE -c -I../Core/Inc -I../Drivers/STM32F4xx_HAL_Driver/Inc -I../Drivers/STM32F4xx_HAL_Driver/Inc/Legacy -I../Drivers/CMSIS/Device/ST/STM32F4xx/Include -I../Drivers/CMSIS/Include -O0 -ffunction-sections -fdata-sections -Wall -fstack-usage -fcyclomatic-complexity -MMD -MP -MF"Core/Src/main.d" -MT"Core/Src/main.o" --specs=nano.specs -mfpu=fpv4-sp-d16 -mfloat-abi=hard -mthumb -o "Core/Src/main.o"
arm-none-eabi-gcc "../Core/Src/sensor_module.c" -mcpu=cortex-m4 -std=gnu11 -g3 -DDEBUG -DUSE_HAL_DRIVER -DSTM32F411xE -c -I../Core/Inc -I../Drivers/STM32F4xx_HAL_Driver/Inc -I../Drivers/STM32F4xx_HAL_Driver/Inc/Legacy -I../Drivers/CMSIS/Device/ST/STM32F4xx/Include -I../Drivers/CMSIS/Include -O0 -ffunction-sections -fdata-sections -Wall -fstack-usage -fcyclomatic-complexity -MMD -MP -MF"Core/Src/sensor_module.d" -MT"Core/Src/sensor_module.o" --specs=nano.specs -mfpu=fpv4-sp-d16 -mfloat-abi=hard -mthumb -o "Core/Src/sensor_module.o"
arm-none-eabi-gcc -o "line_follower.elf" @"objects.list"   -mcpu=cortex-m4 -T"C:\Users\7_wick\flf_workspace\line_follower\STM32F411CEUX_FLASH.ld" --specs=nosys.specs -Wl,-Map="line_follower.map" -Wl,--gc-sections -static -u _scanf_float -u _printf_float --specs=nano.specs -mfpu=fpv4-sp-d16 -mfloat-abi=hard -mthumb -Wl,--start-group -lc -lm -Wl,--end-group
Finished building target: line_follower.elf
 
arm-none-eabi-size  line_follower.elf 
arm-none-eabi-objdump -h -S line_follower.elf  > "line_follower.list"
   text	   data	    bss	    dec	    hex	filename
  46932	    504	   2512	  49948	   c31c	line_follower.elf
Finished building: default.size.stdout
 
Finished building: line_follower.list
 
22:27:16 **** Incremental Build of configuration Debug for project line_follower ****
make -j12 all 
arm-none-eabi-gcc "../Core/Src/main.c" -mcpu=cortex-m4 -std=gnu11 -g3 -DDEBUG -DUSE_HAL_DRIVER -DSTM32F411xE -c -I../Core/Inc -I../Drivers/STM32F4xx_HAL_Driver/Inc -I../Drivers/STM32F4xx_HAL_Driver/Inc/Legacy -I../Drivers/CMSIS/Device/ST/STM32F4xx/Include -I../Drivers/CMSIS/Include -O0 -ffunction-sections -fdata-sections -Wall -fstack-usage -fcyclomatic-complexity -MMD -MP -MF"Core/Src/main.d" -MT"Core/Src/main.o" --specs=nano.specs -mfpu=fpv4-sp-d16 -mfloat-abi=hard -mthumb -o "Core/Src/main.o"
arm-none-eabi-gcc "../Core/Src/motor.c" -mcpu=cortex-m4 -std=gnu11 -g3 -DDEBUG -DUSE_HAL_DRIVER -DSTM32F411xE -c -I../Core/Inc -I../Drivers/STM32F4xx_HAL_Driver/Inc -I../Drivers/STM32F4xx_HAL_Driver/Inc/Legacy -I../Drivers/CMSIS/Device/ST/STM32F4xx/Include -I../Drivers/CMSIS/Include -O0 -ffunction-sections -fdata-sections -Wall -fstack-usage -fcyclomatic-complexity -MMD -MP -MF"Core/Src/motor.d" -MT"Core/Src/motor.o" --specs=nano.specs -mfpu=fpv4-sp-d16 -mfloat-abi=hard -mthumb -o "Core/Src/motor.o"
../Core/Src/main.c: In function 'main':
../Core/Src/main.c:273:49: error: implicit declaration of function 'turn_jugaad' [-Wimplicit-function-declaration]
  273 |                                                 turn_jugaad(correction,sensor_array.base_speed);
      |                                                 ^~~~~~~~~~~
make: *** [Core/Src/subdir.mk:46: Core/Src/main.o] Error 1
make: *** Waiting for unfinished jobs....
"make -j12 all" terminated with exit code 2. Build might be incomplete.
22:28:55 **** Incremental Build of configuration Debug for project line_follower ****
make -j12 all 
arm-none-eabi-gcc "../Core/Src/main.c" -mcpu=cortex-m4 -std=gnu11 -g3 -DDEBUG -DUSE_HAL_DRIVER -DSTM32F411xE -c -I../Core/Inc -I../Drivers/STM32F4xx_HAL_Driver/Inc -I../Drivers/STM32F4xx_HAL_Driver/Inc/Legacy -I../Drivers/CMSIS/Device/ST/STM32F4xx/Include -I../Drivers/CMSIS/Include -O0 -ffunction-sections -fdata-sections -Wall -fstack-usage -fcyclomatic-complexity -MMD -MP -MF"Core/Src/main.d" -MT"Core/Src/main.o" --specs=nano.specs -mfpu=fpv4-sp-d16 -mfloat-abi=hard -mthumb -o "Core/Src/main.o"
arm-none-eabi-gcc "../Core/Src/motor.c" -mcpu=cortex-m4 -std=gnu11 -g3 -DDEBUG -DUSE_HAL_DRIVER -DSTM32F411xE -c -I../Core/Inc -I../Drivers/STM32F4xx_HAL_Driver/Inc -I../Drivers/STM32F4xx_HAL_Driver/Inc/Legacy -I../Drivers/CMSIS/Device/ST/STM32F4xx/Include -I../Drivers/CMSIS/Include -O0 -ffunction-sections -fdata-sections -Wall -fstack-usage -fcyclomatic-complexity -MMD -MP -MF"Core/Src/motor.d" -MT"Core/Src/motor.o" --specs=nano.specs -mfpu=fpv4-sp-d16 -mfloat-abi=hard -mthumb -o "Core/Src/motor.o"
arm-none-eabi-gcc "../Core/Src/sensor_module.c" -mcpu=cortex-m4 -std=gnu11 -g3 -DDEBUG -DUSE_HAL_DRIVER -DSTM32F411xE -c -I../Core/Inc -I../Drivers/STM32F4xx_HAL_Driver/Inc -I../Drivers/STM32F4xx_HAL_Driver/Inc/Legacy -I../Drivers/CMSIS/Device/ST/STM32F4xx/Include -I../Drivers/CMSIS/Include -O0 -ffunction-sections -fdata-sections -Wall -fstack-usage -fcyclomatic-complexity -MMD -MP -MF"Core/Src/sensor_module.d" -MT"Core/Src/sensor_module.o" --specs=nano.specs -mfpu=fpv4-sp-d16 -mfloat-abi=hard -mthumb -o "Core/Src/sensor_module.o"
In file included from ../Core/Src/main.c:30:
../Core/Inc/motor.h:15:49: error: expected ';', ',' or ')' before '.' token
   15 | void turn_jugaad(int correction,int sensor_array.base_speed);
      |                                                 ^
../Core/Src/main.c: In function 'main':
../Core/Src/main.c:273:49: error: implicit declaration of function 'turn_jugaad' [-Wimplicit-function-declaration]
  273 |                                                 turn_jugaad(correction,sensor_array.base_speed);
      |                                                 ^~~~~~~~~~~
In file included from ../Core/Src/motor.c:5:
../Core/Inc/motor.h:15:49: error: expected ';', ',' or ')' before '.' token
   15 | void turn_jugaad(int correction,int sensor_array.base_speed);
      |                                                 ^
make: *** [Core/Src/subdir.mk:46: Core/Src/main.o] Error 1
make: *** Waiting for unfinished jobs....
make: *** [Core/Src/subdir.mk:46: Core/Src/motor.o] Error 1
In file included from ../Core/Src/sensor_module.c:3:
../Core/Inc/motor.h:15:49: error: expected ';', ',' or ')' before '.' token
   15 | void turn_jugaad(int correction,int sensor_array.base_speed);
      |                                                 ^
make: *** [Core/Src/subdir.mk:46: Core/Src/sensor_module.o] Error 1
"make -j12 all" terminated with exit code 2. Build might be incomplete.
22:29:35 **** Incremental Build of configuration Debug for project line_follower ****
make -j12 all 
arm-none-eabi-gcc "../Core/Src/main.c" -mcpu=cortex-m4 -std=gnu11 -g3 -DDEBUG -DUSE_HAL_DRIVER -DSTM32F411xE -c -I../Core/Inc -I../Drivers/STM32F4xx_HAL_Driver/Inc -I../Drivers/STM32F4xx_HAL_Driver/Inc/Legacy -I../Drivers/CMSIS/Device/ST/STM32F4xx/Include -I../Drivers/CMSIS/Include -O0 -ffunction-sections -fdata-sections -Wall -fstack-usage -fcyclomatic-complexity -MMD -MP -MF"Core/Src/main.d" -MT"Core/Src/main.o" --specs=nano.specs -mfpu=fpv4-sp-d16 -mfloat-abi=hard -mthumb -o "Core/Src/main.o"
arm-none-eabi-gcc "../Core/Src/motor.c" -mcpu=cortex-m4 -std=gnu11 -g3 -DDEBUG -DUSE_HAL_DRIVER -DSTM32F411xE -c -I../Core/Inc -I../Drivers/STM32F4xx_HAL_Driver/Inc -I../Drivers/STM32F4xx_HAL_Driver/Inc/Legacy -I../Drivers/CMSIS/Device/ST/STM32F4xx/Include -I../Drivers/CMSIS/Include -O0 -ffunction-sections -fdata-sections -Wall -fstack-usage -fcyclomatic-complexity -MMD -MP -MF"Core/Src/motor.d" -MT"Core/Src/motor.o" --specs=nano.specs -mfpu=fpv4-sp-d16 -mfloat-abi=hard -mthumb -o "Core/Src/motor.o"
arm-none-eabi-gcc "../Core/Src/sensor_module.c" -mcpu=cortex-m4 -std=gnu11 -g3 -DDEBUG -DUSE_HAL_DRIVER -DSTM32F411xE -c -I../Core/Inc -I../Drivers/STM32F4xx_HAL_Driver/Inc -I../Drivers/STM32F4xx_HAL_Driver/Inc/Legacy -I../Drivers/CMSIS/Device/ST/STM32F4xx/Include -I../Drivers/CMSIS/Include -O0 -ffunction-sections -fdata-sections -Wall -fstack-usage -fcyclomatic-complexity -MMD -MP -MF"Core/Src/sensor_module.d" -MT"Core/Src/sensor_module.o" --specs=nano.specs -mfpu=fpv4-sp-d16 -mfloat-abi=hard -mthumb -o "Core/Src/sensor_module.o"
arm-none-eabi-gcc -o "line_follower.elf" @"objects.list"   -mcpu=cortex-m4 -T"C:\Users\7_wick\flf_workspace\line_follower\STM32F411CEUX_FLASH.ld" --specs=nosys.specs -Wl,-Map="line_follower.map" -Wl,--gc-sections -static -u _scanf_float -u _printf_float --specs=nano.specs -mfpu=fpv4-sp-d16 -mfloat-abi=hard -mthumb -Wl,--start-group -lc -lm -Wl,--end-group
Finished building target: line_follower.elf
 
arm-none-eabi-size  line_follower.elf 
arm-none-eabi-objdump -h -S line_follower.elf  > "line_follower.list"
   text	   data	    bss	    dec	    hex	filename
  47076	    504	   2512	  50092	   c3ac	line_follower.elf
Finished building: default.size.stdout
 
Finished building: line_follower.list
 
22:30:05 **** Incremental Build of configuration Debug for project line_follower ****
make -j12 all 
arm-none-eabi-size  line_follower.elf 
   text	   data	    bss	    dec	    hex	filename
  47076	    504	   2512	  50092	   c3ac	line_follower.elf
Finished building: default.size.stdout
 
23:31:28 **** Incremental Build of configuration Debug for project line_follower ****
make -j12 all 
arm-none-eabi-size  line_follower.elf 
   text	   data	    bss	    dec	    hex	filename
  47076	    504	   2512	  50092	   c3ac	line_follower.elf
Finished building: default.size.stdout
 
00:10:11 **** Incremental Build of configuration Debug for project line_follower ****
make -j12 all 
arm-none-eabi-gcc "../Core/Src/sensor_module.c" -mcpu=cortex-m4 -std=gnu11 -g3 -DDEBUG -DUSE_HAL_DRIVER -DSTM32F411xE -c -I../Core/Inc -I../Drivers/STM32F4xx_HAL_Driver/Inc -I../Drivers/STM32F4xx_HAL_Driver/Inc/Legacy -I../Drivers/CMSIS/Device/ST/STM32F4xx/Include -I../Drivers/CMSIS/Include -O0 -ffunction-sections -fdata-sections -Wall -fstack-usage -fcyclomatic-complexity -MMD -MP -MF"Core/Src/sensor_module.d" -MT"Core/Src/sensor_module.o" --specs=nano.specs -mfpu=fpv4-sp-d16 -mfloat-abi=hard -mthumb -o "Core/Src/sensor_module.o"
arm-none-eabi-gcc -o "line_follower.elf" @"objects.list"   -mcpu=cortex-m4 -T"C:\Users\7_wick\flf_workspace\line_follower\STM32F411CEUX_FLASH.ld" --specs=nosys.specs -Wl,-Map="line_follower.map" -Wl,--gc-sections -static -u _scanf_float -u _printf_float --specs=nano.specs -mfpu=fpv4-sp-d16 -mfloat-abi=hard -mthumb -Wl,--start-group -lc -lm -Wl,--end-group
Finished building target: line_follower.elf
 
arm-none-eabi-size  line_follower.elf 
arm-none-eabi-objdump -h -S line_follower.elf  > "line_follower.list"
   text	   data	    bss	    dec	    hex	filename
  47004	    504	   2512	  50020	   c364	line_follower.elf
Finished building: default.size.stdout
 
Finished building: line_follower.list
 
00:23:59 **** Incremental Build of configuration Debug for project line_follower ****
make -j12 all 
arm-none-eabi-gcc "../Core/Src/sensor_module.c" -mcpu=cortex-m4 -std=gnu11 -g3 -DDEBUG -DUSE_HAL_DRIVER -DSTM32F411xE -c -I../Core/Inc -I../Drivers/STM32F4xx_HAL_Driver/Inc -I../Drivers/STM32F4xx_HAL_Driver/Inc/Legacy -I../Drivers/CMSIS/Device/ST/STM32F4xx/Include -I../Drivers/CMSIS/Include -O0 -ffunction-sections -fdata-sections -Wall -fstack-usage -fcyclomatic-complexity -MMD -MP -MF"Core/Src/sensor_module.d" -MT"Core/Src/sensor_module.o" --specs=nano.specs -mfpu=fpv4-sp-d16 -mfloat-abi=hard -mthumb -o "Core/Src/sensor_module.o"
arm-none-eabi-gcc -o "line_follower.elf" @"objects.list"   -mcpu=cortex-m4 -T"C:\Users\7_wick\flf_workspace\line_follower\STM32F411CEUX_FLASH.ld" --specs=nosys.specs -Wl,-Map="line_follower.map" -Wl,--gc-sections -static -u _scanf_float -u _printf_float --specs=nano.specs -mfpu=fpv4-sp-d16 -mfloat-abi=hard -mthumb -Wl,--start-group -lc -lm -Wl,--end-group
Finished building target: line_follower.elf
 
arm-none-eabi-size  line_follower.elf 
arm-none-eabi-objdump -h -S line_follower.elf  > "line_follower.list"
   text	   data	    bss	    dec	    hex	filename
  47076	    504	   2512	  50092	   c3ac	line_follower.elf
Finished building: default.size.stdout
 
Finished building: line_follower.list
 
00:39:42 **** Incremental Build of configuration Debug for project line_follower ****
make -j12 all 
arm-none-eabi-gcc "../Core/Src/motor.c" -mcpu=cortex-m4 -std=gnu11 -g3 -DDEBUG -DUSE_HAL_DRIVER -DSTM32F411xE -c -I../Core/Inc -I../Drivers/STM32F4xx_HAL_Driver/Inc -I../Drivers/STM32F4xx_HAL_Driver/Inc/Legacy -I../Drivers/CMSIS/Device/ST/STM32F4xx/Include -I../Drivers/CMSIS/Include -O0 -ffunction-sections -fdata-sections -Wall -fstack-usage -fcyclomatic-complexity -MMD -MP -MF"Core/Src/motor.d" -MT"Core/Src/motor.o" --specs=nano.specs -mfpu=fpv4-sp-d16 -mfloat-abi=hard -mthumb -o "Core/Src/motor.o"
arm-none-eabi-gcc -o "line_follower.elf" @"objects.list"   -mcpu=cortex-m4 -T"C:\Users\7_wick\flf_workspace\line_follower\STM32F411CEUX_FLASH.ld" --specs=nosys.specs -Wl,-Map="line_follower.map" -Wl,--gc-sections -static -u _scanf_float -u _printf_float --specs=nano.specs -mfpu=fpv4-sp-d16 -mfloat-abi=hard -mthumb -Wl,--start-group -lc -lm -Wl,--end-group
Finished building target: line_follower.elf
 
arm-none-eabi-size  line_follower.elf 
arm-none-eabi-objdump -h -S line_follower.elf  > "line_follower.list"
   text	   data	    bss	    dec	    hex	filename
  47076	    504	   2512	  50092	   c3ac	line_follower.elf
Finished building: default.size.stdout
 
Finished building: line_follower.list
 
00:42:53 **** Incremental Build of configuration Debug for project line_follower ****
make -j12 all 
arm-none-eabi-gcc "../Core/Src/main.c" -mcpu=cortex-m4 -std=gnu11 -g3 -DDEBUG -DUSE_HAL_DRIVER -DSTM32F411xE -c -I../Core/Inc -I../Drivers/STM32F4xx_HAL_Driver/Inc -I../Drivers/STM32F4xx_HAL_Driver/Inc/Legacy -I../Drivers/CMSIS/Device/ST/STM32F4xx/Include -I../Drivers/CMSIS/Include -O0 -ffunction-sections -fdata-sections -Wall -fstack-usage -fcyclomatic-complexity -MMD -MP -MF"Core/Src/main.d" -MT"Core/Src/main.o" --specs=nano.specs -mfpu=fpv4-sp-d16 -mfloat-abi=hard -mthumb -o "Core/Src/main.o"
arm-none-eabi-gcc "../Core/Src/motor.c" -mcpu=cortex-m4 -std=gnu11 -g3 -DDEBUG -DUSE_HAL_DRIVER -DSTM32F411xE -c -I../Core/Inc -I../Drivers/STM32F4xx_HAL_Driver/Inc -I../Drivers/STM32F4xx_HAL_Driver/Inc/Legacy -I../Drivers/CMSIS/Device/ST/STM32F4xx/Include -I../Drivers/CMSIS/Include -O0 -ffunction-sections -fdata-sections -Wall -fstack-usage -fcyclomatic-complexity -MMD -MP -MF"Core/Src/motor.d" -MT"Core/Src/motor.o" --specs=nano.specs -mfpu=fpv4-sp-d16 -mfloat-abi=hard -mthumb -o "Core/Src/motor.o"
arm-none-eabi-gcc -o "line_follower.elf" @"objects.list"   -mcpu=cortex-m4 -T"C:\Users\7_wick\flf_workspace\line_follower\STM32F411CEUX_FLASH.ld" --specs=nosys.specs -Wl,-Map="line_follower.map" -Wl,--gc-sections -static -u _scanf_float -u _printf_float --specs=nano.specs -mfpu=fpv4-sp-d16 -mfloat-abi=hard -mthumb -Wl,--start-group -lc -lm -Wl,--end-group
Finished building target: line_follower.elf
 
arm-none-eabi-size  line_follower.elf 
arm-none-eabi-objdump -h -S line_follower.elf  > "line_follower.list"
   text	   data	    bss	    dec	    hex	filename
  47060	    504	   2512	  50076	   c39c	line_follower.elf
Finished building: default.size.stdout
 
Finished building: line_follower.list
 
00:51:22 **** Incremental Build of configuration Debug for project line_follower ****
make -j12 all 
arm-none-eabi-gcc "../Core/Src/main.c" -mcpu=cortex-m4 -std=gnu11 -g3 -DDEBUG -DUSE_HAL_DRIVER -DSTM32F411xE -c -I../Core/Inc -I../Drivers/STM32F4xx_HAL_Driver/Inc -I../Drivers/STM32F4xx_HAL_Driver/Inc/Legacy -I../Drivers/CMSIS/Device/ST/STM32F4xx/Include -I../Drivers/CMSIS/Include -O0 -ffunction-sections -fdata-sections -Wall -fstack-usage -fcyclomatic-complexity -MMD -MP -MF"Core/Src/main.d" -MT"Core/Src/main.o" --specs=nano.specs -mfpu=fpv4-sp-d16 -mfloat-abi=hard -mthumb -o "Core/Src/main.o"
arm-none-eabi-gcc -o "line_follower.elf" @"objects.list"   -mcpu=cortex-m4 -T"C:\Users\7_wick\flf_workspace\line_follower\STM32F411CEUX_FLASH.ld" --specs=nosys.specs -Wl,-Map="line_follower.map" -Wl,--gc-sections -static -u _scanf_float -u _printf_float --specs=nano.specs -mfpu=fpv4-sp-d16 -mfloat-abi=hard -mthumb -Wl,--start-group -lc -lm -Wl,--end-group
Finished building target: line_follower.elf
 
arm-none-eabi-size  line_follower.elf 
arm-none-eabi-objdump -h -S line_follower.elf  > "line_follower.list"
   text	   data	    bss	    dec	    hex	filename
  47060	    504	   2512	  50076	   c39c	line_follower.elf
Finished building: default.size.stdout
 
Finished building: line_follower.list
 
00:52:02 **** Incremental Build of configuration Debug for project line_follower ****
make -j12 all 
arm-none-eabi-size  line_follower.elf 
   text	   data	    bss	    dec	    hex	filename
  47060	    504	   2512	  50076	   c39c	line_follower.elf
Finished building: default.size.stdout
 
00:52:24 **** Incremental Build of configuration Debug for project line_follower ****
make -j12 all 
arm-none-eabi-size  line_follower.elf 
   text	   data	    bss	    dec	    hex	filename
  47060	    504	   2512	  50076	   c39c	line_follower.elf
Finished building: default.size.stdout
 
00:52:38 **** Incremental Build of configuration Debug for project line_follower ****
make -j12 all 
arm-none-eabi-size  line_follower.elf 
   text	   data	    bss	    dec	    hex	filename
  47060	    504	   2512	  50076	   c39c	line_follower.elf
Finished building: default.size.stdout
 
00:52:57 **** Incremental Build of configuration Debug for project line_follower ****
make -j12 all 
arm-none-eabi-size  line_follower.elf 
   text	   data	    bss	    dec	    hex	filename
  47060	    504	   2512	  50076	   c39c	line_follower.elf
Finished building: default.size.stdout
 
00:53:15 **** Incremental Build of configuration Debug for project line_follower ****
make -j12 all 
arm-none-eabi-size  line_follower.elf 
   text	   data	    bss	    dec	    hex	filename
  47060	    504	   2512	  50076	   c39c	line_follower.elf
Finished building: default.size.stdout
 
00:53:30 **** Incremental Build of configuration Debug for project line_follower ****
make -j12 all 
arm-none-eabi-size  line_follower.elf 
   text	   data	    bss	    dec	    hex	filename
  47060	    504	   2512	  50076	   c39c	line_follower.elf
Finished building: default.size.stdout
 
00:53:54 **** Incremental Build of configuration Debug for project line_follower ****
make -j12 all 
arm-none-eabi-size  line_follower.elf 
   text	   data	    bss	    dec	    hex	filename
  47060	    504	   2512	  50076	   c39c	line_follower.elf
Finished building: default.size.stdout
 
00:54:22 **** Incremental Build of configuration Debug for project line_follower ****
make -j12 all 
arm-none-eabi-size  line_follower.elf 
   text	   data	    bss	    dec	    hex	filename
  47060	    504	   2512	  50076	   c39c	line_follower.elf
Finished building: default.size.stdout
 
10:52:11 **** Incremental Build of configuration Debug for project line_follower ****
make -j12 all 
arm-none-eabi-gcc "../Core/Src/bluetooth.c" -mcpu=cortex-m4 -std=gnu11 -g3 -DDEBUG -DUSE_HAL_DRIVER -DSTM32F411xE -c -I../Core/Inc -I../Drivers/STM32F4xx_HAL_Driver/Inc -I../Drivers/STM32F4xx_HAL_Driver/Inc/Legacy -I../Drivers/CMSIS/Device/ST/STM32F4xx/Include -I../Drivers/CMSIS/Include -O0 -ffunction-sections -fdata-sections -Wall -fstack-usage -fcyclomatic-complexity -MMD -MP -MF"Core/Src/bluetooth.d" -MT"Core/Src/bluetooth.o" --specs=nano.specs -mfpu=fpv4-sp-d16 -mfloat-abi=hard -mthumb -o "Core/Src/bluetooth.o"
arm-none-eabi-gcc "../Core/Src/main.c" -mcpu=cortex-m4 -std=gnu11 -g3 -DDEBUG -DUSE_HAL_DRIVER -DSTM32F411xE -c -I../Core/Inc -I../Drivers/STM32F4xx_HAL_Driver/Inc -I../Drivers/STM32F4xx_HAL_Driver/Inc/Legacy -I../Drivers/CMSIS/Device/ST/STM32F4xx/Include -I../Drivers/CMSIS/Include -O0 -ffunction-sections -fdata-sections -Wall -fstack-usage -fcyclomatic-complexity -MMD -MP -MF"Core/Src/main.d" -MT"Core/Src/main.o" --specs=nano.specs -mfpu=fpv4-sp-d16 -mfloat-abi=hard -mthumb -o "Core/Src/main.o"
arm-none-eabi-gcc "../Core/Src/motor.c" -mcpu=cortex-m4 -std=gnu11 -g3 -DDEBUG -DUSE_HAL_DRIVER -DSTM32F411xE -c -I../Core/Inc -I../Drivers/STM32F4xx_HAL_Driver/Inc -I../Drivers/STM32F4xx_HAL_Driver/Inc/Legacy -I../Drivers/CMSIS/Device/ST/STM32F4xx/Include -I../Drivers/CMSIS/Include -O0 -ffunction-sections -fdata-sections -Wall -fstack-usage -fcyclomatic-complexity -MMD -MP -MF"Core/Src/motor.d" -MT"Core/Src/motor.o" --specs=nano.specs -mfpu=fpv4-sp-d16 -mfloat-abi=hard -mthumb -o "Core/Src/motor.o"
arm-none-eabi-gcc "../Core/Src/sensor_module.c" -mcpu=cortex-m4 -std=gnu11 -g3 -DDEBUG -DUSE_HAL_DRIVER -DSTM32F411xE -c -I../Core/Inc -I../Drivers/STM32F4xx_HAL_Driver/Inc -I../Drivers/STM32F4xx_HAL_Driver/Inc/Legacy -I../Drivers/CMSIS/Device/ST/STM32F4xx/Include -I../Drivers/CMSIS/Include -O0 -ffunction-sections -fdata-sections -Wall -fstack-usage -fcyclomatic-complexity -MMD -MP -MF"Core/Src/sensor_module.d" -MT"Core/Src/sensor_module.o" --specs=nano.specs -mfpu=fpv4-sp-d16 -mfloat-abi=hard -mthumb -o "Core/Src/sensor_module.o"
arm-none-eabi-gcc "../Core/Src/utils.c" -mcpu=cortex-m4 -std=gnu11 -g3 -DDEBUG -DUSE_HAL_DRIVER -DSTM32F411xE -c -I../Core/Inc -I../Drivers/STM32F4xx_HAL_Driver/Inc -I../Drivers/STM32F4xx_HAL_Driver/Inc/Legacy -I../Drivers/CMSIS/Device/ST/STM32F4xx/Include -I../Drivers/CMSIS/Include -O0 -ffunction-sections -fdata-sections -Wall -fstack-usage -fcyclomatic-complexity -MMD -MP -MF"Core/Src/utils.d" -MT"Core/Src/utils.o" --specs=nano.specs -mfpu=fpv4-sp-d16 -mfloat-abi=hard -mthumb -o "Core/Src/utils.o"
arm-none-eabi-gcc -o "line_follower.elf" @"objects.list"   -mcpu=cortex-m4 -T"C:\Users\7_wick\flf_workspace\line_follower\STM32F411CEUX_FLASH.ld" --specs=nosys.specs -Wl,-Map="line_follower.map" -Wl,--gc-sections -static -u _scanf_float -u _printf_float --specs=nano.specs -mfpu=fpv4-sp-d16 -mfloat-abi=hard -mthumb -Wl,--start-group -lc -lm -Wl,--end-group
Finished building target: line_follower.elf
 
arm-none-eabi-size  line_follower.elf 
arm-none-eabi-objdump -h -S line_follower.elf  > "line_follower.list"
   text	   data	    bss	    dec	    hex	filename
  47100	    504	   2512	  50116	   c3c4	line_follower.elf
Finished building: default.size.stdout
 
Finished building: line_follower.list
 
10:57:31 **** Incremental Build of configuration Debug for project line_follower ****
make -j12 all 
arm-none-eabi-gcc "../Core/Src/main.c" -mcpu=cortex-m4 -std=gnu11 -g3 -DDEBUG -DUSE_HAL_DRIVER -DSTM32F411xE -c -I../Core/Inc -I../Drivers/STM32F4xx_HAL_Driver/Inc -I../Drivers/STM32F4xx_HAL_Driver/Inc/Legacy -I../Drivers/CMSIS/Device/ST/STM32F4xx/Include -I../Drivers/CMSIS/Include -O0 -ffunction-sections -fdata-sections -Wall -fstack-usage -fcyclomatic-complexity -MMD -MP -MF"Core/Src/main.d" -MT"Core/Src/main.o" --specs=nano.specs -mfpu=fpv4-sp-d16 -mfloat-abi=hard -mthumb -o "Core/Src/main.o"
arm-none-eabi-gcc -o "line_follower.elf" @"objects.list"   -mcpu=cortex-m4 -T"C:\Users\7_wick\flf_workspace\line_follower\STM32F411CEUX_FLASH.ld" --specs=nosys.specs -Wl,-Map="line_follower.map" -Wl,--gc-sections -static -u _scanf_float -u _printf_float --specs=nano.specs -mfpu=fpv4-sp-d16 -mfloat-abi=hard -mthumb -Wl,--start-group -lc -lm -Wl,--end-group
Finished building target: line_follower.elf
 
arm-none-eabi-size  line_follower.elf 
arm-none-eabi-objdump -h -S line_follower.elf  > "line_follower.list"
   text	   data	    bss	    dec	    hex	filename
  47076	    504	   2512	  50092	   c3ac	line_follower.elf
Finished building: default.size.stdout
 
Finished building: line_follower.list
 
11:11:28 **** Incremental Build of configuration Debug for project line_follower ****
make -j12 all 
arm-none-eabi-gcc "../Core/Src/main.c" -mcpu=cortex-m4 -std=gnu11 -g3 -DDEBUG -DUSE_HAL_DRIVER -DSTM32F411xE -c -I../Core/Inc -I../Drivers/STM32F4xx_HAL_Driver/Inc -I../Drivers/STM32F4xx_HAL_Driver/Inc/Legacy -I../Drivers/CMSIS/Device/ST/STM32F4xx/Include -I../Drivers/CMSIS/Include -O0 -ffunction-sections -fdata-sections -Wall -fstack-usage -fcyclomatic-complexity -MMD -MP -MF"Core/Src/main.d" -MT"Core/Src/main.o" --specs=nano.specs -mfpu=fpv4-sp-d16 -mfloat-abi=hard -mthumb -o "Core/Src/main.o"
arm-none-eabi-gcc -o "line_follower.elf" @"objects.list"   -mcpu=cortex-m4 -T"C:\Users\7_wick\flf_workspace\line_follower\STM32F411CEUX_FLASH.ld" --specs=nosys.specs -Wl,-Map="line_follower.map" -Wl,--gc-sections -static -u _scanf_float -u _printf_float --specs=nano.specs -mfpu=fpv4-sp-d16 -mfloat-abi=hard -mthumb -Wl,--start-group -lc -lm -Wl,--end-group
Finished building target: line_follower.elf
 
arm-none-eabi-size  line_follower.elf 
arm-none-eabi-objdump -h -S line_follower.elf  > "line_follower.list"
   text	   data	    bss	    dec	    hex	filename
  47076	    504	   2512	  50092	   c3ac	line_follower.elf
Finished building: default.size.stdout
 
Finished building: line_follower.list
 
11:13:45 **** Incremental Build of configuration Debug for project line_follower ****
make -j12 all 
arm-none-eabi-gcc "../Core/Src/main.c" -mcpu=cortex-m4 -std=gnu11 -g3 -DDEBUG -DUSE_HAL_DRIVER -DSTM32F411xE -c -I../Core/Inc -I../Drivers/STM32F4xx_HAL_Driver/Inc -I../Drivers/STM32F4xx_HAL_Driver/Inc/Legacy -I../Drivers/CMSIS/Device/ST/STM32F4xx/Include -I../Drivers/CMSIS/Include -O0 -ffunction-sections -fdata-sections -Wall -fstack-usage -fcyclomatic-complexity -MMD -MP -MF"Core/Src/main.d" -MT"Core/Src/main.o" --specs=nano.specs -mfpu=fpv4-sp-d16 -mfloat-abi=hard -mthumb -o "Core/Src/main.o"
arm-none-eabi-gcc -o "line_follower.elf" @"objects.list"   -mcpu=cortex-m4 -T"C:\Users\7_wick\flf_workspace\line_follower\STM32F411CEUX_FLASH.ld" --specs=nosys.specs -Wl,-Map="line_follower.map" -Wl,--gc-sections -static -u _scanf_float -u _printf_float --specs=nano.specs -mfpu=fpv4-sp-d16 -mfloat-abi=hard -mthumb -Wl,--start-group -lc -lm -Wl,--end-group
Finished building target: line_follower.elf
 
arm-none-eabi-size  line_follower.elf 
arm-none-eabi-objdump -h -S line_follower.elf  > "line_follower.list"
   text	   data	    bss	    dec	    hex	filename
  47076	    504	   2512	  50092	   c3ac	line_follower.elf
Finished building: default.size.stdout
 
Finished building: line_follower.list
 
11:15:35 **** Incremental Build of configuration Debug for project line_follower ****
make -j12 all 
arm-none-eabi-gcc "../Core/Src/main.c" -mcpu=cortex-m4 -std=gnu11 -g3 -DDEBUG -DUSE_HAL_DRIVER -DSTM32F411xE -c -I../Core/Inc -I../Drivers/STM32F4xx_HAL_Driver/Inc -I../Drivers/STM32F4xx_HAL_Driver/Inc/Legacy -I../Drivers/CMSIS/Device/ST/STM32F4xx/Include -I../Drivers/CMSIS/Include -O0 -ffunction-sections -fdata-sections -Wall -fstack-usage -fcyclomatic-complexity -MMD -MP -MF"Core/Src/main.d" -MT"Core/Src/main.o" --specs=nano.specs -mfpu=fpv4-sp-d16 -mfloat-abi=hard -mthumb -o "Core/Src/main.o"
arm-none-eabi-gcc -o "line_follower.elf" @"objects.list"   -mcpu=cortex-m4 -T"C:\Users\7_wick\flf_workspace\line_follower\STM32F411CEUX_FLASH.ld" --specs=nosys.specs -Wl,-Map="line_follower.map" -Wl,--gc-sections -static -u _scanf_float -u _printf_float --specs=nano.specs -mfpu=fpv4-sp-d16 -mfloat-abi=hard -mthumb -Wl,--start-group -lc -lm -Wl,--end-group
Finished building target: line_follower.elf
 
arm-none-eabi-size  line_follower.elf 
arm-none-eabi-objdump -h -S line_follower.elf  > "line_follower.list"
   text	   data	    bss	    dec	    hex	filename
  47076	    504	   2512	  50092	   c3ac	line_follower.elf
Finished building: default.size.stdout
 
Finished building: line_follower.list
 
11:26:44 **** Incremental Build of configuration Debug for project line_follower ****
make -j12 all 
arm-none-eabi-gcc "../Core/Src/main.c" -mcpu=cortex-m4 -std=gnu11 -g3 -DDEBUG -DUSE_HAL_DRIVER -DSTM32F411xE -c -I../Core/Inc -I../Drivers/STM32F4xx_HAL_Driver/Inc -I../Drivers/STM32F4xx_HAL_Driver/Inc/Legacy -I../Drivers/CMSIS/Device/ST/STM32F4xx/Include -I../Drivers/CMSIS/Include -O0 -ffunction-sections -fdata-sections -Wall -fstack-usage -fcyclomatic-complexity -MMD -MP -MF"Core/Src/main.d" -MT"Core/Src/main.o" --specs=nano.specs -mfpu=fpv4-sp-d16 -mfloat-abi=hard -mthumb -o "Core/Src/main.o"
arm-none-eabi-gcc "../Core/Src/motor.c" -mcpu=cortex-m4 -std=gnu11 -g3 -DDEBUG -DUSE_HAL_DRIVER -DSTM32F411xE -c -I../Core/Inc -I../Drivers/STM32F4xx_HAL_Driver/Inc -I../Drivers/STM32F4xx_HAL_Driver/Inc/Legacy -I../Drivers/CMSIS/Device/ST/STM32F4xx/Include -I../Drivers/CMSIS/Include -O0 -ffunction-sections -fdata-sections -Wall -fstack-usage -fcyclomatic-complexity -MMD -MP -MF"Core/Src/motor.d" -MT"Core/Src/motor.o" --specs=nano.specs -mfpu=fpv4-sp-d16 -mfloat-abi=hard -mthumb -o "Core/Src/motor.o"
arm-none-eabi-gcc -o "line_follower.elf" @"objects.list"   -mcpu=cortex-m4 -T"C:\Users\7_wick\flf_workspace\line_follower\STM32F411CEUX_FLASH.ld" --specs=nosys.specs -Wl,-Map="line_follower.map" -Wl,--gc-sections -static -u _scanf_float -u _printf_float --specs=nano.specs -mfpu=fpv4-sp-d16 -mfloat-abi=hard -mthumb -Wl,--start-group -lc -lm -Wl,--end-group
Finished building target: line_follower.elf
 
arm-none-eabi-size  line_follower.elf 
arm-none-eabi-objdump -h -S line_follower.elf  > "line_follower.list"
   text	   data	    bss	    dec	    hex	filename
  47140	    504	   2512	  50156	   c3ec	line_follower.elf
Finished building: default.size.stdout
 
Finished building: line_follower.list
 
11:27:09 **** Incremental Build of configuration Debug for project line_follower ****
make -j12 all 
arm-none-eabi-size  line_follower.elf 
   text	   data	    bss	    dec	    hex	filename
  47140	    504	   2512	  50156	   c3ec	line_follower.elf
Finished building: default.size.stdout
 
11:27:30 **** Incremental Build of configuration Debug for project line_follower ****
make -j12 all 
arm-none-eabi-size  line_follower.elf 
   text	   data	    bss	    dec	    hex	filename
  47140	    504	   2512	  50156	   c3ec	line_follower.elf
Finished building: default.size.stdout
 
11:32:03 **** Incremental Build of configuration Debug for project line_follower ****
make -j12 all 
arm-none-eabi-gcc "../Core/Src/main.c" -mcpu=cortex-m4 -std=gnu11 -g3 -DDEBUG -DUSE_HAL_DRIVER -DSTM32F411xE -c -I../Core/Inc -I../Drivers/STM32F4xx_HAL_Driver/Inc -I../Drivers/STM32F4xx_HAL_Driver/Inc/Legacy -I../Drivers/CMSIS/Device/ST/STM32F4xx/Include -I../Drivers/CMSIS/Include -O0 -ffunction-sections -fdata-sections -Wall -fstack-usage -fcyclomatic-complexity -MMD -MP -MF"Core/Src/main.d" -MT"Core/Src/main.o" --specs=nano.specs -mfpu=fpv4-sp-d16 -mfloat-abi=hard -mthumb -o "Core/Src/main.o"
arm-none-eabi-gcc -o "line_follower.elf" @"objects.list"   -mcpu=cortex-m4 -T"C:\Users\7_wick\flf_workspace\line_follower\STM32F411CEUX_FLASH.ld" --specs=nosys.specs -Wl,-Map="line_follower.map" -Wl,--gc-sections -static -u _scanf_float -u _printf_float --specs=nano.specs -mfpu=fpv4-sp-d16 -mfloat-abi=hard -mthumb -Wl,--start-group -lc -lm -Wl,--end-group
Finished building target: line_follower.elf
 
arm-none-eabi-size  line_follower.elf 
arm-none-eabi-objdump -h -S line_follower.elf  > "line_follower.list"
   text	   data	    bss	    dec	    hex	filename
  47140	    504	   2512	  50156	   c3ec	line_follower.elf
Finished building: default.size.stdout
 
Finished building: line_follower.list
 
11:34:07 **** Incremental Build of configuration Debug for project line_follower ****
make -j12 all 
arm-none-eabi-gcc "../Core/Src/main.c" -mcpu=cortex-m4 -std=gnu11 -g3 -DDEBUG -DUSE_HAL_DRIVER -DSTM32F411xE -c -I../Core/Inc -I../Drivers/STM32F4xx_HAL_Driver/Inc -I../Drivers/STM32F4xx_HAL_Driver/Inc/Legacy -I../Drivers/CMSIS/Device/ST/STM32F4xx/Include -I../Drivers/CMSIS/Include -O0 -ffunction-sections -fdata-sections -Wall -fstack-usage -fcyclomatic-complexity -MMD -MP -MF"Core/Src/main.d" -MT"Core/Src/main.o" --specs=nano.specs -mfpu=fpv4-sp-d16 -mfloat-abi=hard -mthumb -o "Core/Src/main.o"
arm-none-eabi-gcc "../Core/Src/motor.c" -mcpu=cortex-m4 -std=gnu11 -g3 -DDEBUG -DUSE_HAL_DRIVER -DSTM32F411xE -c -I../Core/Inc -I../Drivers/STM32F4xx_HAL_Driver/Inc -I../Drivers/STM32F4xx_HAL_Driver/Inc/Legacy -I../Drivers/CMSIS/Device/ST/STM32F4xx/Include -I../Drivers/CMSIS/Include -O0 -ffunction-sections -fdata-sections -Wall -fstack-usage -fcyclomatic-complexity -MMD -MP -MF"Core/Src/motor.d" -MT"Core/Src/motor.o" --specs=nano.specs -mfpu=fpv4-sp-d16 -mfloat-abi=hard -mthumb -o "Core/Src/motor.o"
arm-none-eabi-gcc -o "line_follower.elf" @"objects.list"   -mcpu=cortex-m4 -T"C:\Users\7_wick\flf_workspace\line_follower\STM32F411CEUX_FLASH.ld" --specs=nosys.specs -Wl,-Map="line_follower.map" -Wl,--gc-sections -static -u _scanf_float -u _printf_float --specs=nano.specs -mfpu=fpv4-sp-d16 -mfloat-abi=hard -mthumb -Wl,--start-group -lc -lm -Wl,--end-group
Finished building target: line_follower.elf
 
arm-none-eabi-size  line_follower.elf 
arm-none-eabi-objdump -h -S line_follower.elf  > "line_follower.list"
   text	   data	    bss	    dec	    hex	filename
  47076	    504	   2512	  50092	   c3ac	line_follower.elf
Finished building: default.size.stdout
 
Finished building: line_follower.list
 
11:38:13 **** Incremental Build of configuration Debug for project line_follower ****
make -j12 all 
arm-none-eabi-gcc "../Core/Src/main.c" -mcpu=cortex-m4 -std=gnu11 -g3 -DDEBUG -DUSE_HAL_DRIVER -DSTM32F411xE -c -I../Core/Inc -I../Drivers/STM32F4xx_HAL_Driver/Inc -I../Drivers/STM32F4xx_HAL_Driver/Inc/Legacy -I../Drivers/CMSIS/Device/ST/STM32F4xx/Include -I../Drivers/CMSIS/Include -O0 -ffunction-sections -fdata-sections -Wall -fstack-usage -fcyclomatic-complexity -MMD -MP -MF"Core/Src/main.d" -MT"Core/Src/main.o" --specs=nano.specs -mfpu=fpv4-sp-d16 -mfloat-abi=hard -mthumb -o "Core/Src/main.o"
arm-none-eabi-gcc -o "line_follower.elf" @"objects.list"   -mcpu=cortex-m4 -T"C:\Users\7_wick\flf_workspace\line_follower\STM32F411CEUX_FLASH.ld" --specs=nosys.specs -Wl,-Map="line_follower.map" -Wl,--gc-sections -static -u _scanf_float -u _printf_float --specs=nano.specs -mfpu=fpv4-sp-d16 -mfloat-abi=hard -mthumb -Wl,--start-group -lc -lm -Wl,--end-group
Finished building target: line_follower.elf
 
arm-none-eabi-size  line_follower.elf 
arm-none-eabi-objdump -h -S line_follower.elf  > "line_follower.list"
   text	   data	    bss	    dec	    hex	filename
  47076	    504	   2512	  50092	   c3ac	line_follower.elf
Finished building: default.size.stdout
 
Finished building: line_follower.list
 
11:38:32 **** Incremental Build of configuration Debug for project line_follower ****
make -j12 all 
arm-none-eabi-size  line_follower.elf 
   text	   data	    bss	    dec	    hex	filename
  47076	    504	   2512	  50092	   c3ac	line_follower.elf
Finished building: default.size.stdout
 
11:41:30 **** Incremental Build of configuration Debug for project line_follower ****
make -j12 all 
arm-none-eabi-gcc "../Core/Src/main.c" -mcpu=cortex-m4 -std=gnu11 -g3 -DDEBUG -DUSE_HAL_DRIVER -DSTM32F411xE -c -I../Core/Inc -I../Drivers/STM32F4xx_HAL_Driver/Inc -I../Drivers/STM32F4xx_HAL_Driver/Inc/Legacy -I../Drivers/CMSIS/Device/ST/STM32F4xx/Include -I../Drivers/CMSIS/Include -O0 -ffunction-sections -fdata-sections -Wall -fstack-usage -fcyclomatic-complexity -MMD -MP -MF"Core/Src/main.d" -MT"Core/Src/main.o" --specs=nano.specs -mfpu=fpv4-sp-d16 -mfloat-abi=hard -mthumb -o "Core/Src/main.o"
arm-none-eabi-gcc -o "line_follower.elf" @"objects.list"   -mcpu=cortex-m4 -T"C:\Users\7_wick\flf_workspace\line_follower\STM32F411CEUX_FLASH.ld" --specs=nosys.specs -Wl,-Map="line_follower.map" -Wl,--gc-sections -static -u _scanf_float -u _printf_float --specs=nano.specs -mfpu=fpv4-sp-d16 -mfloat-abi=hard -mthumb -Wl,--start-group -lc -lm -Wl,--end-group
Finished building target: line_follower.elf
 
arm-none-eabi-size  line_follower.elf 
arm-none-eabi-objdump -h -S line_follower.elf  > "line_follower.list"
   text	   data	    bss	    dec	    hex	filename
  47076	    504	   2512	  50092	   c3ac	line_follower.elf
Finished building: default.size.stdout
 
Finished building: line_follower.list
 
11:58:51 **** Incremental Build of configuration Debug for project line_follower ****
make -j12 all 
arm-none-eabi-gcc "../Core/Src/main.c" -mcpu=cortex-m4 -std=gnu11 -g3 -DDEBUG -DUSE_HAL_DRIVER -DSTM32F411xE -c -I../Core/Inc -I../Drivers/STM32F4xx_HAL_Driver/Inc -I../Drivers/STM32F4xx_HAL_Driver/Inc/Legacy -I../Drivers/CMSIS/Device/ST/STM32F4xx/Include -I../Drivers/CMSIS/Include -O0 -ffunction-sections -fdata-sections -Wall -fstack-usage -fcyclomatic-complexity -MMD -MP -MF"Core/Src/main.d" -MT"Core/Src/main.o" --specs=nano.specs -mfpu=fpv4-sp-d16 -mfloat-abi=hard -mthumb -o "Core/Src/main.o"
arm-none-eabi-gcc -o "line_follower.elf" @"objects.list"   -mcpu=cortex-m4 -T"C:\Users\7_wick\flf_workspace\line_follower\STM32F411CEUX_FLASH.ld" --specs=nosys.specs -Wl,-Map="line_follower.map" -Wl,--gc-sections -static -u _scanf_float -u _printf_float --specs=nano.specs -mfpu=fpv4-sp-d16 -mfloat-abi=hard -mthumb -Wl,--start-group -lc -lm -Wl,--end-group
Finished building target: line_follower.elf
 
arm-none-eabi-size  line_follower.elf 
arm-none-eabi-objdump -h -S line_follower.elf  > "line_follower.list"
   text	   data	    bss	    dec	    hex	filename
  47076	    504	   2512	  50092	   c3ac	line_follower.elf
Finished building: default.size.stdout
 
Finished building: line_follower.list
 
12:02:27 **** Incremental Build of configuration Debug for project line_follower ****
make -j12 all 
arm-none-eabi-gcc "../Core/Src/main.c" -mcpu=cortex-m4 -std=gnu11 -g3 -DDEBUG -DUSE_HAL_DRIVER -DSTM32F411xE -c -I../Core/Inc -I../Drivers/STM32F4xx_HAL_Driver/Inc -I../Drivers/STM32F4xx_HAL_Driver/Inc/Legacy -I../Drivers/CMSIS/Device/ST/STM32F4xx/Include -I../Drivers/CMSIS/Include -O0 -ffunction-sections -fdata-sections -Wall -fstack-usage -fcyclomatic-complexity -MMD -MP -MF"Core/Src/main.d" -MT"Core/Src/main.o" --specs=nano.specs -mfpu=fpv4-sp-d16 -mfloat-abi=hard -mthumb -o "Core/Src/main.o"
arm-none-eabi-gcc -o "line_follower.elf" @"objects.list"   -mcpu=cortex-m4 -T"C:\Users\7_wick\flf_workspace\line_follower\STM32F411CEUX_FLASH.ld" --specs=nosys.specs -Wl,-Map="line_follower.map" -Wl,--gc-sections -static -u _scanf_float -u _printf_float --specs=nano.specs -mfpu=fpv4-sp-d16 -mfloat-abi=hard -mthumb -Wl,--start-group -lc -lm -Wl,--end-group
Finished building target: line_follower.elf
 
arm-none-eabi-size  line_follower.elf 
arm-none-eabi-objdump -h -S line_follower.elf  > "line_follower.list"
   text	   data	    bss	    dec	    hex	filename
  47076	    504	   2512	  50092	   c3ac	line_follower.elf
Finished building: default.size.stdout
 
Finished building: line_follower.list
 
12:24:27 **** Incremental Build of configuration Debug for project line_follower ****
make -j12 all 
arm-none-eabi-size  line_follower.elf 
   text	   data	    bss	    dec	    hex	filename
  47076	    504	   2512	  50092	   c3ac	line_follower.elf
Finished building: default.size.stdout
 
12:29:36 **** Incremental Build of configuration Debug for project line_follower ****
make -j12 all 
arm-none-eabi-gcc "../Core/Src/main.c" -mcpu=cortex-m4 -std=gnu11 -g3 -DDEBUG -DUSE_HAL_DRIVER -DSTM32F411xE -c -I../Core/Inc -I../Drivers/STM32F4xx_HAL_Driver/Inc -I../Drivers/STM32F4xx_HAL_Driver/Inc/Legacy -I../Drivers/CMSIS/Device/ST/STM32F4xx/Include -I../Drivers/CMSIS/Include -O0 -ffunction-sections -fdata-sections -Wall -fstack-usage -fcyclomatic-complexity -MMD -MP -MF"Core/Src/main.d" -MT"Core/Src/main.o" --specs=nano.specs -mfpu=fpv4-sp-d16 -mfloat-abi=hard -mthumb -o "Core/Src/main.o"
arm-none-eabi-gcc -o "line_follower.elf" @"objects.list"   -mcpu=cortex-m4 -T"C:\Users\7_wick\flf_workspace\line_follower\STM32F411CEUX_FLASH.ld" --specs=nosys.specs -Wl,-Map="line_follower.map" -Wl,--gc-sections -static -u _scanf_float -u _printf_float --specs=nano.specs -mfpu=fpv4-sp-d16 -mfloat-abi=hard -mthumb -Wl,--start-group -lc -lm -Wl,--end-group
Finished building target: line_follower.elf
 
arm-none-eabi-size  line_follower.elf 
arm-none-eabi-objdump -h -S line_follower.elf  > "line_follower.list"
   text	   data	    bss	    dec	    hex	filename
  47076	    504	   2512	  50092	   c3ac	line_follower.elf
Finished building: default.size.stdout
 
Finished building: line_follower.list
 
12:32:05 **** Incremental Build of configuration Debug for project line_follower ****
make -j12 all 
arm-none-eabi-gcc "../Core/Src/main.c" -mcpu=cortex-m4 -std=gnu11 -g3 -DDEBUG -DUSE_HAL_DRIVER -DSTM32F411xE -c -I../Core/Inc -I../Drivers/STM32F4xx_HAL_Driver/Inc -I../Drivers/STM32F4xx_HAL_Driver/Inc/Legacy -I../Drivers/CMSIS/Device/ST/STM32F4xx/Include -I../Drivers/CMSIS/Include -O0 -ffunction-sections -fdata-sections -Wall -fstack-usage -fcyclomatic-complexity -MMD -MP -MF"Core/Src/main.d" -MT"Core/Src/main.o" --specs=nano.specs -mfpu=fpv4-sp-d16 -mfloat-abi=hard -mthumb -o "Core/Src/main.o"
arm-none-eabi-gcc -o "line_follower.elf" @"objects.list"   -mcpu=cortex-m4 -T"C:\Users\7_wick\flf_workspace\line_follower\STM32F411CEUX_FLASH.ld" --specs=nosys.specs -Wl,-Map="line_follower.map" -Wl,--gc-sections -static -u _scanf_float -u _printf_float --specs=nano.specs -mfpu=fpv4-sp-d16 -mfloat-abi=hard -mthumb -Wl,--start-group -lc -lm -Wl,--end-group
Finished building target: line_follower.elf
 
arm-none-eabi-size  line_follower.elf 
arm-none-eabi-objdump -h -S line_follower.elf  > "line_follower.list"
   text	   data	    bss	    dec	    hex	filename
  47076	    504	   2512	  50092	   c3ac	line_follower.elf
Finished building: default.size.stdout
 
Finished building: line_follower.list
 
12:34:47 **** Incremental Build of configuration Debug for project line_follower ****
make -j12 all 
arm-none-eabi-gcc "../Core/Src/main.c" -mcpu=cortex-m4 -std=gnu11 -g3 -DDEBUG -DUSE_HAL_DRIVER -DSTM32F411xE -c -I../Core/Inc -I../Drivers/STM32F4xx_HAL_Driver/Inc -I../Drivers/STM32F4xx_HAL_Driver/Inc/Legacy -I../Drivers/CMSIS/Device/ST/STM32F4xx/Include -I../Drivers/CMSIS/Include -O0 -ffunction-sections -fdata-sections -Wall -fstack-usage -fcyclomatic-complexity -MMD -MP -MF"Core/Src/main.d" -MT"Core/Src/main.o" --specs=nano.specs -mfpu=fpv4-sp-d16 -mfloat-abi=hard -mthumb -o "Core/Src/main.o"
arm-none-eabi-gcc -o "line_follower.elf" @"objects.list"   -mcpu=cortex-m4 -T"C:\Users\7_wick\flf_workspace\line_follower\STM32F411CEUX_FLASH.ld" --specs=nosys.specs -Wl,-Map="line_follower.map" -Wl,--gc-sections -static -u _scanf_float -u _printf_float --specs=nano.specs -mfpu=fpv4-sp-d16 -mfloat-abi=hard -mthumb -Wl,--start-group -lc -lm -Wl,--end-group
Finished building target: line_follower.elf
 
arm-none-eabi-size  line_follower.elf 
arm-none-eabi-objdump -h -S line_follower.elf  > "line_follower.list"
   text	   data	    bss	    dec	    hex	filename
  47076	    504	   2512	  50092	   c3ac	line_follower.elf
Finished building: default.size.stdout
 
Finished building: line_follower.list
 
12:39:30 **** Incremental Build of configuration Debug for project line_follower ****
make -j12 all 
arm-none-eabi-gcc "../Core/Src/main.c" -mcpu=cortex-m4 -std=gnu11 -g3 -DDEBUG -DUSE_HAL_DRIVER -DSTM32F411xE -c -I../Core/Inc -I../Drivers/STM32F4xx_HAL_Driver/Inc -I../Drivers/STM32F4xx_HAL_Driver/Inc/Legacy -I../Drivers/CMSIS/Device/ST/STM32F4xx/Include -I../Drivers/CMSIS/Include -O0 -ffunction-sections -fdata-sections -Wall -fstack-usage -fcyclomatic-complexity -MMD -MP -MF"Core/Src/main.d" -MT"Core/Src/main.o" --specs=nano.specs -mfpu=fpv4-sp-d16 -mfloat-abi=hard -mthumb -o "Core/Src/main.o"
arm-none-eabi-gcc -o "line_follower.elf" @"objects.list"   -mcpu=cortex-m4 -T"C:\Users\7_wick\flf_workspace\line_follower\STM32F411CEUX_FLASH.ld" --specs=nosys.specs -Wl,-Map="line_follower.map" -Wl,--gc-sections -static -u _scanf_float -u _printf_float --specs=nano.specs -mfpu=fpv4-sp-d16 -mfloat-abi=hard -mthumb -Wl,--start-group -lc -lm -Wl,--end-group
Finished building target: line_follower.elf
 
arm-none-eabi-size  line_follower.elf 
arm-none-eabi-objdump -h -S line_follower.elf  > "line_follower.list"
   text	   data	    bss	    dec	    hex	filename
  47076	    504	   2512	  50092	   c3ac	line_follower.elf
Finished building: default.size.stdout
 
Finished building: line_follower.list
 
12:43:24 **** Incremental Build of configuration Debug for project line_follower ****
make -j12 all 
arm-none-eabi-gcc "../Core/Src/main.c" -mcpu=cortex-m4 -std=gnu11 -g3 -DDEBUG -DUSE_HAL_DRIVER -DSTM32F411xE -c -I../Core/Inc -I../Drivers/STM32F4xx_HAL_Driver/Inc -I../Drivers/STM32F4xx_HAL_Driver/Inc/Legacy -I../Drivers/CMSIS/Device/ST/STM32F4xx/Include -I../Drivers/CMSIS/Include -O0 -ffunction-sections -fdata-sections -Wall -fstack-usage -fcyclomatic-complexity -MMD -MP -MF"Core/Src/main.d" -MT"Core/Src/main.o" --specs=nano.specs -mfpu=fpv4-sp-d16 -mfloat-abi=hard -mthumb -o "Core/Src/main.o"
arm-none-eabi-gcc "../Core/Src/sensor_module.c" -mcpu=cortex-m4 -std=gnu11 -g3 -DDEBUG -DUSE_HAL_DRIVER -DSTM32F411xE -c -I../Core/Inc -I../Drivers/STM32F4xx_HAL_Driver/Inc -I../Drivers/STM32F4xx_HAL_Driver/Inc/Legacy -I../Drivers/CMSIS/Device/ST/STM32F4xx/Include -I../Drivers/CMSIS/Include -O0 -ffunction-sections -fdata-sections -Wall -fstack-usage -fcyclomatic-complexity -MMD -MP -MF"Core/Src/sensor_module.d" -MT"Core/Src/sensor_module.o" --specs=nano.specs -mfpu=fpv4-sp-d16 -mfloat-abi=hard -mthumb -o "Core/Src/sensor_module.o"
arm-none-eabi-gcc -o "line_follower.elf" @"objects.list"   -mcpu=cortex-m4 -T"C:\Users\7_wick\flf_workspace\line_follower\STM32F411CEUX_FLASH.ld" --specs=nosys.specs -Wl,-Map="line_follower.map" -Wl,--gc-sections -static -u _scanf_float -u _printf_float --specs=nano.specs -mfpu=fpv4-sp-d16 -mfloat-abi=hard -mthumb -Wl,--start-group -lc -lm -Wl,--end-group
Finished building target: line_follower.elf
 
arm-none-eabi-size  line_follower.elf 
arm-none-eabi-objdump -h -S line_follower.elf  > "line_follower.list"
   text	   data	    bss	    dec	    hex	filename
  47076	    504	   2512	  50092	   c3ac	line_follower.elf
Finished building: default.size.stdout
 
Finished building: line_follower.list
 
12:43:44 **** Incremental Build of configuration Debug for project line_follower ****
make -j12 all 
arm-none-eabi-size  line_follower.elf 
   text	   data	    bss	    dec	    hex	filename
  47076	    504	   2512	  50092	   c3ac	line_follower.elf
Finished building: default.size.stdout
 
12:49:50 **** Incremental Build of configuration Debug for project line_follower ****
make -j12 all 
arm-none-eabi-gcc "../Core/Src/sensor_module.c" -mcpu=cortex-m4 -std=gnu11 -g3 -DDEBUG -DUSE_HAL_DRIVER -DSTM32F411xE -c -I../Core/Inc -I../Drivers/STM32F4xx_HAL_Driver/Inc -I../Drivers/STM32F4xx_HAL_Driver/Inc/Legacy -I../Drivers/CMSIS/Device/ST/STM32F4xx/Include -I../Drivers/CMSIS/Include -O0 -ffunction-sections -fdata-sections -Wall -fstack-usage -fcyclomatic-complexity -MMD -MP -MF"Core/Src/sensor_module.d" -MT"Core/Src/sensor_module.o" --specs=nano.specs -mfpu=fpv4-sp-d16 -mfloat-abi=hard -mthumb -o "Core/Src/sensor_module.o"
arm-none-eabi-gcc -o "line_follower.elf" @"objects.list"   -mcpu=cortex-m4 -T"C:\Users\7_wick\flf_workspace\line_follower\STM32F411CEUX_FLASH.ld" --specs=nosys.specs -Wl,-Map="line_follower.map" -Wl,--gc-sections -static -u _scanf_float -u _printf_float --specs=nano.specs -mfpu=fpv4-sp-d16 -mfloat-abi=hard -mthumb -Wl,--start-group -lc -lm -Wl,--end-group
Finished building target: line_follower.elf
 
arm-none-eabi-size  line_follower.elf 
arm-none-eabi-objdump -h -S line_follower.elf  > "line_follower.list"
   text	   data	    bss	    dec	    hex	filename
  47020	    504	   2512	  50036	   c374	line_follower.elf
Finished building: default.size.stdout
 
Finished building: line_follower.list
 
11:25:25 **** Incremental Build of configuration Debug for project line_follower ****
make -j12 all 
arm-none-eabi-gcc "../Core/Src/main.c" -mcpu=cortex-m4 -std=gnu11 -g3 -DDEBUG -DUSE_HAL_DRIVER -DSTM32F411xE -c -I../Core/Inc -I../Drivers/STM32F4xx_HAL_Driver/Inc -I../Drivers/STM32F4xx_HAL_Driver/Inc/Legacy -I../Drivers/CMSIS/Device/ST/STM32F4xx/Include -I../Drivers/CMSIS/Include -O0 -ffunction-sections -fdata-sections -Wall -fstack-usage -fcyclomatic-complexity -MMD -MP -MF"Core/Src/main.d" -MT"Core/Src/main.o" --specs=nano.specs -mfpu=fpv4-sp-d16 -mfloat-abi=hard -mthumb -o "Core/Src/main.o"
arm-none-eabi-gcc "../Core/Src/sensor_module.c" -mcpu=cortex-m4 -std=gnu11 -g3 -DDEBUG -DUSE_HAL_DRIVER -DSTM32F411xE -c -I../Core/Inc -I../Drivers/STM32F4xx_HAL_Driver/Inc -I../Drivers/STM32F4xx_HAL_Driver/Inc/Legacy -I../Drivers/CMSIS/Device/ST/STM32F4xx/Include -I../Drivers/CMSIS/Include -O0 -ffunction-sections -fdata-sections -Wall -fstack-usage -fcyclomatic-complexity -MMD -MP -MF"Core/Src/sensor_module.d" -MT"Core/Src/sensor_module.o" --specs=nano.specs -mfpu=fpv4-sp-d16 -mfloat-abi=hard -mthumb -o "Core/Src/sensor_module.o"
arm-none-eabi-gcc -o "line_follower.elf" @"objects.list"   -mcpu=cortex-m4 -T"C:\Users\7_wick\flf_workspace\line_follower\STM32F411CEUX_FLASH.ld" --specs=nosys.specs -Wl,-Map="line_follower.map" -Wl,--gc-sections -static -u _scanf_float -u _printf_float --specs=nano.specs -mfpu=fpv4-sp-d16 -mfloat-abi=hard -mthumb -Wl,--start-group -lc -lm -Wl,--end-group
Finished building target: line_follower.elf
 
arm-none-eabi-size  line_follower.elf 
   text	   data	    bss	    dec	    hex	filename
  47004	    504	   2512	  50020	   c364	line_follower.elf
Finished building: default.size.stdout
 
11:57:27 **** Incremental Build of configuration Debug for project line_follower ****
make -j12 all 
arm-none-eabi-gcc "../Core/Src/main.c" -mcpu=cortex-m4 -std=gnu11 -g3 -DDEBUG -DUSE_HAL_DRIVER -DSTM32F411xE -c -I../Core/Inc -I../Drivers/STM32F4xx_HAL_Driver/Inc -I../Drivers/STM32F4xx_HAL_Driver/Inc/Legacy -I../Drivers/CMSIS/Device/ST/STM32F4xx/Include -I../Drivers/CMSIS/Include -O0 -ffunction-sections -fdata-sections -Wall -fstack-usage -fcyclomatic-complexity -MMD -MP -MF"Core/Src/main.d" -MT"Core/Src/main.o" --specs=nano.specs -mfpu=fpv4-sp-d16 -mfloat-abi=hard -mthumb -o "Core/Src/main.o"
arm-none-eabi-gcc "../Core/Src/motor.c" -mcpu=cortex-m4 -std=gnu11 -g3 -DDEBUG -DUSE_HAL_DRIVER -DSTM32F411xE -c -I../Core/Inc -I../Drivers/STM32F4xx_HAL_Driver/Inc -I../Drivers/STM32F4xx_HAL_Driver/Inc/Legacy -I../Drivers/CMSIS/Device/ST/STM32F4xx/Include -I../Drivers/CMSIS/Include -O0 -ffunction-sections -fdata-sections -Wall -fstack-usage -fcyclomatic-complexity -MMD -MP -MF"Core/Src/motor.d" -MT"Core/Src/motor.o" --specs=nano.specs -mfpu=fpv4-sp-d16 -mfloat-abi=hard -mthumb -o "Core/Src/motor.o"
arm-none-eabi-gcc "../Core/Src/sensor_module.c" -mcpu=cortex-m4 -std=gnu11 -g3 -DDEBUG -DUSE_HAL_DRIVER -DSTM32F411xE -c -I../Core/Inc -I../Drivers/STM32F4xx_HAL_Driver/Inc -I../Drivers/STM32F4xx_HAL_Driver/Inc/Legacy -I../Drivers/CMSIS/Device/ST/STM32F4xx/Include -I../Drivers/CMSIS/Include -O0 -ffunction-sections -fdata-sections -Wall -fstack-usage -fcyclomatic-complexity -MMD -MP -MF"Core/Src/sensor_module.d" -MT"Core/Src/sensor_module.o" --specs=nano.specs -mfpu=fpv4-sp-d16 -mfloat-abi=hard -mthumb -o "Core/Src/sensor_module.o"
arm-none-eabi-gcc -o "line_follower.elf" @"objects.list"   -mcpu=cortex-m4 -T"C:\Users\7_wick\flf_workspace\line_follower\STM32F411CEUX_FLASH.ld" --specs=nosys.specs -Wl,-Map="line_follower.map" -Wl,--gc-sections -static -u _scanf_float -u _printf_float --specs=nano.specs -mfpu=fpv4-sp-d16 -mfloat-abi=hard -mthumb -Wl,--start-group -lc -lm -Wl,--end-group
Finished building target: line_follower.elf
 
arm-none-eabi-size  line_follower.elf 
   text	   data	    bss	    dec	    hex	filename
  47100	    504	   2512	  50116	   c3c4	line_follower.elf
Finished building: default.size.stdout
 
12:01:16 **** Incremental Build of configuration Debug for project line_follower ****
make -j12 all 
arm-none-eabi-gcc "../Core/Src/sensor_module.c" -mcpu=cortex-m4 -std=gnu11 -g3 -DDEBUG -DUSE_HAL_DRIVER -DSTM32F411xE -c -I../Core/Inc -I../Drivers/STM32F4xx_HAL_Driver/Inc -I../Drivers/STM32F4xx_HAL_Driver/Inc/Legacy -I../Drivers/CMSIS/Device/ST/STM32F4xx/Include -I../Drivers/CMSIS/Include -O0 -ffunction-sections -fdata-sections -Wall -fstack-usage -fcyclomatic-complexity -MMD -MP -MF"Core/Src/sensor_module.d" -MT"Core/Src/sensor_module.o" --specs=nano.specs -mfpu=fpv4-sp-d16 -mfloat-abi=hard -mthumb -o "Core/Src/sensor_module.o"
arm-none-eabi-gcc -o "line_follower.elf" @"objects.list"   -mcpu=cortex-m4 -T"C:\Users\7_wick\flf_workspace\line_follower\STM32F411CEUX_FLASH.ld" --specs=nosys.specs -Wl,-Map="line_follower.map" -Wl,--gc-sections -static -u _scanf_float -u _printf_float --specs=nano.specs -mfpu=fpv4-sp-d16 -mfloat-abi=hard -mthumb -Wl,--start-group -lc -lm -Wl,--end-group
Finished building target: line_follower.elf
 
arm-none-eabi-size  line_follower.elf 
   text	   data	    bss	    dec	    hex	filename
  47108	    504	   2512	  50124	   c3cc	line_follower.elf
Finished building: default.size.stdout
 
12:04:27 **** Incremental Build of configuration Debug for project line_follower ****
make -j12 all 
arm-none-eabi-gcc "../Core/Src/sensor_module.c" -mcpu=cortex-m4 -std=gnu11 -g3 -DDEBUG -DUSE_HAL_DRIVER -DSTM32F411xE -c -I../Core/Inc -I../Drivers/STM32F4xx_HAL_Driver/Inc -I../Drivers/STM32F4xx_HAL_Driver/Inc/Legacy -I../Drivers/CMSIS/Device/ST/STM32F4xx/Include -I../Drivers/CMSIS/Include -O0 -ffunction-sections -fdata-sections -Wall -fstack-usage -fcyclomatic-complexity -MMD -MP -MF"Core/Src/sensor_module.d" -MT"Core/Src/sensor_module.o" --specs=nano.specs -mfpu=fpv4-sp-d16 -mfloat-abi=hard -mthumb -o "Core/Src/sensor_module.o"
arm-none-eabi-gcc -o "line_follower.elf" @"objects.list"   -mcpu=cortex-m4 -T"C:\Users\7_wick\flf_workspace\line_follower\STM32F411CEUX_FLASH.ld" --specs=nosys.specs -Wl,-Map="line_follower.map" -Wl,--gc-sections -static -u _scanf_float -u _printf_float --specs=nano.specs -mfpu=fpv4-sp-d16 -mfloat-abi=hard -mthumb -Wl,--start-group -lc -lm -Wl,--end-group
Finished building target: line_follower.elf
 
arm-none-eabi-size  line_follower.elf 
   text	   data	    bss	    dec	    hex	filename
  47108	    504	   2512	  50124	   c3cc	line_follower.elf
Finished building: default.size.stdout
 
12:04:42 **** Incremental Build of configuration Debug for project line_follower ****
make -j12 all 
arm-none-eabi-size  line_follower.elf 
   text	   data	    bss	    dec	    hex	filename
  47108	    504	   2512	  50124	   c3cc	line_follower.elf
Finished building: default.size.stdout
 
12:23:23 **** Incremental Build of configuration Debug for project line_follower ****
make -j12 all 
arm-none-eabi-gcc "../Core/Src/sensor_module.c" -mcpu=cortex-m4 -std=gnu11 -g3 -DDEBUG -DUSE_HAL_DRIVER -DSTM32F411xE -c -I../Core/Inc -I../Drivers/STM32F4xx_HAL_Driver/Inc -I../Drivers/STM32F4xx_HAL_Driver/Inc/Legacy -I../Drivers/CMSIS/Device/ST/STM32F4xx/Include -I../Drivers/CMSIS/Include -O0 -ffunction-sections -fdata-sections -Wall -fstack-usage -fcyclomatic-complexity -MMD -MP -MF"Core/Src/sensor_module.d" -MT"Core/Src/sensor_module.o" --specs=nano.specs -mfpu=fpv4-sp-d16 -mfloat-abi=hard -mthumb -o "Core/Src/sensor_module.o"
arm-none-eabi-gcc -o "line_follower.elf" @"objects.list"   -mcpu=cortex-m4 -T"C:\Users\7_wick\flf_workspace\line_follower\STM32F411CEUX_FLASH.ld" --specs=nosys.specs -Wl,-Map="line_follower.map" -Wl,--gc-sections -static -u _scanf_float -u _printf_float --specs=nano.specs -mfpu=fpv4-sp-d16 -mfloat-abi=hard -mthumb -Wl,--start-group -lc -lm -Wl,--end-group
Finished building target: line_follower.elf
 
arm-none-eabi-size  line_follower.elf 
   text	   data	    bss	    dec	    hex	filename
  47108	    504	   2512	  50124	   c3cc	line_follower.elf
Finished building: default.size.stdout
 
12:35:57 **** Incremental Build of configuration Debug for project line_follower ****
make -j12 all 
arm-none-eabi-gcc "../Core/Src/sensor_module.c" -mcpu=cortex-m4 -std=gnu11 -g3 -DDEBUG -DUSE_HAL_DRIVER -DSTM32F411xE -c -I../Core/Inc -I../Drivers/STM32F4xx_HAL_Driver/Inc -I../Drivers/STM32F4xx_HAL_Driver/Inc/Legacy -I../Drivers/CMSIS/Device/ST/STM32F4xx/Include -I../Drivers/CMSIS/Include -O0 -ffunction-sections -fdata-sections -Wall -fstack-usage -fcyclomatic-complexity -MMD -MP -MF"Core/Src/sensor_module.d" -MT"Core/Src/sensor_module.o" --specs=nano.specs -mfpu=fpv4-sp-d16 -mfloat-abi=hard -mthumb -o "Core/Src/sensor_module.o"
arm-none-eabi-gcc -o "line_follower.elf" @"objects.list"   -mcpu=cortex-m4 -T"C:\Users\7_wick\flf_workspace\line_follower\STM32F411CEUX_FLASH.ld" --specs=nosys.specs -Wl,-Map="line_follower.map" -Wl,--gc-sections -static -u _scanf_float -u _printf_float --specs=nano.specs -mfpu=fpv4-sp-d16 -mfloat-abi=hard -mthumb -Wl,--start-group -lc -lm -Wl,--end-group
Finished building target: line_follower.elf
 
arm-none-eabi-size  line_follower.elf 
   text	   data	    bss	    dec	    hex	filename
  47116	    504	   2512	  50132	   c3d4	line_follower.elf
Finished building: default.size.stdout
 
12:44:25 **** Incremental Build of configuration Debug for project line_follower ****
make -j12 all 
arm-none-eabi-gcc "../Core/Src/sensor_module.c" -mcpu=cortex-m4 -std=gnu11 -g3 -DDEBUG -DUSE_HAL_DRIVER -DSTM32F411xE -c -I../Core/Inc -I../Drivers/STM32F4xx_HAL_Driver/Inc -I../Drivers/STM32F4xx_HAL_Driver/Inc/Legacy -I../Drivers/CMSIS/Device/ST/STM32F4xx/Include -I../Drivers/CMSIS/Include -O0 -ffunction-sections -fdata-sections -Wall -fstack-usage -fcyclomatic-complexity -MMD -MP -MF"Core/Src/sensor_module.d" -MT"Core/Src/sensor_module.o" --specs=nano.specs -mfpu=fpv4-sp-d16 -mfloat-abi=hard -mthumb -o "Core/Src/sensor_module.o"
arm-none-eabi-gcc -o "line_follower.elf" @"objects.list"   -mcpu=cortex-m4 -T"C:\Users\7_wick\flf_workspace\line_follower\STM32F411CEUX_FLASH.ld" --specs=nosys.specs -Wl,-Map="line_follower.map" -Wl,--gc-sections -static -u _scanf_float -u _printf_float --specs=nano.specs -mfpu=fpv4-sp-d16 -mfloat-abi=hard -mthumb -Wl,--start-group -lc -lm -Wl,--end-group
Finished building target: line_follower.elf
 
arm-none-eabi-size  line_follower.elf 
   text	   data	    bss	    dec	    hex	filename
  47108	    504	   2512	  50124	   c3cc	line_follower.elf
Finished building: default.size.stdout
 
12:47:52 **** Incremental Build of configuration Debug for project line_follower ****
make -j12 all 
arm-none-eabi-gcc "../Core/Src/main.c" -mcpu=cortex-m4 -std=gnu11 -g3 -DDEBUG -DUSE_HAL_DRIVER -DSTM32F411xE -c -I../Core/Inc -I../Drivers/STM32F4xx_HAL_Driver/Inc -I../Drivers/STM32F4xx_HAL_Driver/Inc/Legacy -I../Drivers/CMSIS/Device/ST/STM32F4xx/Include -I../Drivers/CMSIS/Include -O0 -ffunction-sections -fdata-sections -Wall -fstack-usage -fcyclomatic-complexity -MMD -MP -MF"Core/Src/main.d" -MT"Core/Src/main.o" --specs=nano.specs -mfpu=fpv4-sp-d16 -mfloat-abi=hard -mthumb -o "Core/Src/main.o"
arm-none-eabi-gcc -o "line_follower.elf" @"objects.list"   -mcpu=cortex-m4 -T"C:\Users\7_wick\flf_workspace\line_follower\STM32F411CEUX_FLASH.ld" --specs=nosys.specs -Wl,-Map="line_follower.map" -Wl,--gc-sections -static -u _scanf_float -u _printf_float --specs=nano.specs -mfpu=fpv4-sp-d16 -mfloat-abi=hard -mthumb -Wl,--start-group -lc -lm -Wl,--end-group
Finished building target: line_follower.elf
 
arm-none-eabi-size  line_follower.elf 
   text	   data	    bss	    dec	    hex	filename
  47108	    504	   2512	  50124	   c3cc	line_follower.elf
Finished building: default.size.stdout
 
12:57:52 **** Incremental Build of configuration Debug for project line_follower ****
make -j12 all 
arm-none-eabi-gcc "../Core/Src/main.c" -mcpu=cortex-m4 -std=gnu11 -g3 -DDEBUG -DUSE_HAL_DRIVER -DSTM32F411xE -c -I../Core/Inc -I../Drivers/STM32F4xx_HAL_Driver/Inc -I../Drivers/STM32F4xx_HAL_Driver/Inc/Legacy -I../Drivers/CMSIS/Device/ST/STM32F4xx/Include -I../Drivers/CMSIS/Include -O0 -ffunction-sections -fdata-sections -Wall -fstack-usage -fcyclomatic-complexity -MMD -MP -MF"Core/Src/main.d" -MT"Core/Src/main.o" --specs=nano.specs -mfpu=fpv4-sp-d16 -mfloat-abi=hard -mthumb -o "Core/Src/main.o"
arm-none-eabi-gcc -o "line_follower.elf" @"objects.list"   -mcpu=cortex-m4 -T"C:\Users\7_wick\flf_workspace\line_follower\STM32F411CEUX_FLASH.ld" --specs=nosys.specs -Wl,-Map="line_follower.map" -Wl,--gc-sections -static -u _scanf_float -u _printf_float --specs=nano.specs -mfpu=fpv4-sp-d16 -mfloat-abi=hard -mthumb -Wl,--start-group -lc -lm -Wl,--end-group
Finished building target: line_follower.elf
 
arm-none-eabi-size  line_follower.elf 
arm-none-eabi-objdump -h -S line_follower.elf  > "line_follower.list"
   text	   data	    bss	    dec	    hex	filename
  47108	    504	   2512	  50124	   c3cc	line_follower.elf
Finished building: default.size.stdout
 
Finished building: line_follower.list
 
13:11:59 **** Incremental Build of configuration Debug for project line_follower ****
make -j12 all 
arm-none-eabi-gcc "../Core/Src/main.c" -mcpu=cortex-m4 -std=gnu11 -g3 -DDEBUG -DUSE_HAL_DRIVER -DSTM32F411xE -c -I../Core/Inc -I../Drivers/STM32F4xx_HAL_Driver/Inc -I../Drivers/STM32F4xx_HAL_Driver/Inc/Legacy -I../Drivers/CMSIS/Device/ST/STM32F4xx/Include -I../Drivers/CMSIS/Include -O0 -ffunction-sections -fdata-sections -Wall -fstack-usage -fcyclomatic-complexity -MMD -MP -MF"Core/Src/main.d" -MT"Core/Src/main.o" --specs=nano.specs -mfpu=fpv4-sp-d16 -mfloat-abi=hard -mthumb -o "Core/Src/main.o"
arm-none-eabi-gcc "../Core/Src/sensor_module.c" -mcpu=cortex-m4 -std=gnu11 -g3 -DDEBUG -DUSE_HAL_DRIVER -DSTM32F411xE -c -I../Core/Inc -I../Drivers/STM32F4xx_HAL_Driver/Inc -I../Drivers/STM32F4xx_HAL_Driver/Inc/Legacy -I../Drivers/CMSIS/Device/ST/STM32F4xx/Include -I../Drivers/CMSIS/Include -O0 -ffunction-sections -fdata-sections -Wall -fstack-usage -fcyclomatic-complexity -MMD -MP -MF"Core/Src/sensor_module.d" -MT"Core/Src/sensor_module.o" --specs=nano.specs -mfpu=fpv4-sp-d16 -mfloat-abi=hard -mthumb -o "Core/Src/sensor_module.o"
arm-none-eabi-gcc -o "line_follower.elf" @"objects.list"   -mcpu=cortex-m4 -T"C:\Users\7_wick\flf_workspace\line_follower\STM32F411CEUX_FLASH.ld" --specs=nosys.specs -Wl,-Map="line_follower.map" -Wl,--gc-sections -static -u _scanf_float -u _printf_float --specs=nano.specs -mfpu=fpv4-sp-d16 -mfloat-abi=hard -mthumb -Wl,--start-group -lc -lm -Wl,--end-group
Finished building target: line_follower.elf
 
arm-none-eabi-size  line_follower.elf 
arm-none-eabi-objdump -h -S line_follower.elf  > "line_follower.list"
   text	   data	    bss	    dec	    hex	filename
  47108	    504	   2512	  50124	   c3cc	line_follower.elf
Finished building: default.size.stdout
 
Finished building: line_follower.list
 
13:18:31 **** Incremental Build of configuration Debug for project line_follower ****
make -j12 all 
arm-none-eabi-gcc "../Core/Src/main.c" -mcpu=cortex-m4 -std=gnu11 -g3 -DDEBUG -DUSE_HAL_DRIVER -DSTM32F411xE -c -I../Core/Inc -I../Drivers/STM32F4xx_HAL_Driver/Inc -I../Drivers/STM32F4xx_HAL_Driver/Inc/Legacy -I../Drivers/CMSIS/Device/ST/STM32F4xx/Include -I../Drivers/CMSIS/Include -O0 -ffunction-sections -fdata-sections -Wall -fstack-usage -fcyclomatic-complexity -MMD -MP -MF"Core/Src/main.d" -MT"Core/Src/main.o" --specs=nano.specs -mfpu=fpv4-sp-d16 -mfloat-abi=hard -mthumb -o "Core/Src/main.o"
arm-none-eabi-gcc -o "line_follower.elf" @"objects.list"   -mcpu=cortex-m4 -T"C:\Users\7_wick\flf_workspace\line_follower\STM32F411CEUX_FLASH.ld" --specs=nosys.specs -Wl,-Map="line_follower.map" -Wl,--gc-sections -static -u _scanf_float -u _printf_float --specs=nano.specs -mfpu=fpv4-sp-d16 -mfloat-abi=hard -mthumb -Wl,--start-group -lc -lm -Wl,--end-group
Finished building target: line_follower.elf
 
arm-none-eabi-size  line_follower.elf 
arm-none-eabi-objdump -h -S line_follower.elf  > "line_follower.list"
   text	   data	    bss	    dec	    hex	filename
  46980	    504	   2512	  49996	   c34c	line_follower.elf
Finished building: default.size.stdout
 
Finished building: line_follower.list
 
13:41:30 **** Incremental Build of configuration Debug for project line_follower ****
make -j12 all 
arm-none-eabi-gcc "../Core/Src/main.c" -mcpu=cortex-m4 -std=gnu11 -g3 -DDEBUG -DUSE_HAL_DRIVER -DSTM32F411xE -c -I../Core/Inc -I../Drivers/STM32F4xx_HAL_Driver/Inc -I../Drivers/STM32F4xx_HAL_Driver/Inc/Legacy -I../Drivers/CMSIS/Device/ST/STM32F4xx/Include -I../Drivers/CMSIS/Include -O0 -ffunction-sections -fdata-sections -Wall -fstack-usage -fcyclomatic-complexity -MMD -MP -MF"Core/Src/main.d" -MT"Core/Src/main.o" --specs=nano.specs -mfpu=fpv4-sp-d16 -mfloat-abi=hard -mthumb -o "Core/Src/main.o"
arm-none-eabi-gcc "../Core/Src/sensor_module.c" -mcpu=cortex-m4 -std=gnu11 -g3 -DDEBUG -DUSE_HAL_DRIVER -DSTM32F411xE -c -I../Core/Inc -I../Drivers/STM32F4xx_HAL_Driver/Inc -I../Drivers/STM32F4xx_HAL_Driver/Inc/Legacy -I../Drivers/CMSIS/Device/ST/STM32F4xx/Include -I../Drivers/CMSIS/Include -O0 -ffunction-sections -fdata-sections -Wall -fstack-usage -fcyclomatic-complexity -MMD -MP -MF"Core/Src/sensor_module.d" -MT"Core/Src/sensor_module.o" --specs=nano.specs -mfpu=fpv4-sp-d16 -mfloat-abi=hard -mthumb -o "Core/Src/sensor_module.o"
arm-none-eabi-gcc -o "line_follower.elf" @"objects.list"   -mcpu=cortex-m4 -T"C:\Users\7_wick\flf_workspace\line_follower\STM32F411CEUX_FLASH.ld" --specs=nosys.specs -Wl,-Map="line_follower.map" -Wl,--gc-sections -static -u _scanf_float -u _printf_float --specs=nano.specs -mfpu=fpv4-sp-d16 -mfloat-abi=hard -mthumb -Wl,--start-group -lc -lm -Wl,--end-group
Finished building target: line_follower.elf
 
arm-none-eabi-size  line_follower.elf 
arm-none-eabi-objdump -h -S line_follower.elf  > "line_follower.list"
   text	   data	    bss	    dec	    hex	filename
  46876	    504	   2512	  49892	   c2e4	line_follower.elf
Finished building: default.size.stdout
 
Finished building: line_follower.list
 
21:37:26 **** Incremental Build of configuration Debug for project line_follower ****
make -j12 all 
arm-none-eabi-gcc "../Core/Src/main.c" -mcpu=cortex-m4 -std=gnu11 -g3 -DDEBUG -DUSE_HAL_DRIVER -DSTM32F411xE -c -I../Core/Inc -I../Drivers/STM32F4xx_HAL_Driver/Inc -I../Drivers/STM32F4xx_HAL_Driver/Inc/Legacy -I../Drivers/CMSIS/Device/ST/STM32F4xx/Include -I../Drivers/CMSIS/Include -O0 -ffunction-sections -fdata-sections -Wall -fstack-usage -fcyclomatic-complexity -MMD -MP -MF"Core/Src/main.d" -MT"Core/Src/main.o" --specs=nano.specs -mfpu=fpv4-sp-d16 -mfloat-abi=hard -mthumb -o "Core/Src/main.o"
arm-none-eabi-gcc "../Core/Src/sensor_module.c" -mcpu=cortex-m4 -std=gnu11 -g3 -DDEBUG -DUSE_HAL_DRIVER -DSTM32F411xE -c -I../Core/Inc -I../Drivers/STM32F4xx_HAL_Driver/Inc -I../Drivers/STM32F4xx_HAL_Driver/Inc/Legacy -I../Drivers/CMSIS/Device/ST/STM32F4xx/Include -I../Drivers/CMSIS/Include -O0 -ffunction-sections -fdata-sections -Wall -fstack-usage -fcyclomatic-complexity -MMD -MP -MF"Core/Src/sensor_module.d" -MT"Core/Src/sensor_module.o" --specs=nano.specs -mfpu=fpv4-sp-d16 -mfloat-abi=hard -mthumb -o "Core/Src/sensor_module.o"
arm-none-eabi-gcc -o "line_follower.elf" @"objects.list"   -mcpu=cortex-m4 -T"C:\Users\7_wick\flf_workspace\line_follower\STM32F411CEUX_FLASH.ld" --specs=nosys.specs -Wl,-Map="line_follower.map" -Wl,--gc-sections -static -u _scanf_float -u _printf_float --specs=nano.specs -mfpu=fpv4-sp-d16 -mfloat-abi=hard -mthumb -Wl,--start-group -lc -lm -Wl,--end-group
Finished building target: line_follower.elf
 
arm-none-eabi-size  line_follower.elf 
arm-none-eabi-objdump -h -S line_follower.elf  > "line_follower.list"
   text	   data	    bss	    dec	    hex	filename
  46900	    504	   2512	  49916	   c2fc	line_follower.elf
Finished building: default.size.stdout
 
Finished building: line_follower.list
 
21:38:01 **** Incremental Build of configuration Debug for project line_follower ****
make -j12 all 
arm-none-eabi-size  line_follower.elf 
   text	   data	    bss	    dec	    hex	filename
  46900	    504	   2512	  49916	   c2fc	line_follower.elf
Finished building: default.size.stdout
 
22:41:58 **** Incremental Build of configuration Debug for project line_follower ****
make -j12 all 
arm-none-eabi-gcc "../Core/Src/main.c" -mcpu=cortex-m4 -std=gnu11 -g3 -DDEBUG -DUSE_HAL_DRIVER -DSTM32F411xE -c -I../Core/Inc -I../Drivers/STM32F4xx_HAL_Driver/Inc -I../Drivers/STM32F4xx_HAL_Driver/Inc/Legacy -I../Drivers/CMSIS/Device/ST/STM32F4xx/Include -I../Drivers/CMSIS/Include -O0 -ffunction-sections -fdata-sections -Wall -fstack-usage -fcyclomatic-complexity -MMD -MP -MF"Core/Src/main.d" -MT"Core/Src/main.o" --specs=nano.specs -mfpu=fpv4-sp-d16 -mfloat-abi=hard -mthumb -o "Core/Src/main.o"
arm-none-eabi-gcc "../Core/Src/motor.c" -mcpu=cortex-m4 -std=gnu11 -g3 -DDEBUG -DUSE_HAL_DRIVER -DSTM32F411xE -c -I../Core/Inc -I../Drivers/STM32F4xx_HAL_Driver/Inc -I../Drivers/STM32F4xx_HAL_Driver/Inc/Legacy -I../Drivers/CMSIS/Device/ST/STM32F4xx/Include -I../Drivers/CMSIS/Include -O0 -ffunction-sections -fdata-sections -Wall -fstack-usage -fcyclomatic-complexity -MMD -MP -MF"Core/Src/motor.d" -MT"Core/Src/motor.o" --specs=nano.specs -mfpu=fpv4-sp-d16 -mfloat-abi=hard -mthumb -o "Core/Src/motor.o"
../Core/Src/motor.c: In function 'turn_jugaad':
../Core/Src/motor.c:55:14: error: 'sa' undeclared (first use in this function)
   55 |         if ( sa->array[6].on == 1 && sa->array[7].on == 1 && (sa->array[0].on + sa->array[1].on + sa->array[2].on + sa->array[3].on + sa->array[4].on + sa->array[5].on) == 0)
      |              ^~
../Core/Src/motor.c:55:14: note: each undeclared identifier is reported only once for each function it appears in
make: *** [Core/Src/subdir.mk:46: Core/Src/motor.o] Error 1
make: *** Waiting for unfinished jobs....
"make -j12 all" terminated with exit code 2. Build might be incomplete.
22:43:39 **** Incremental Build of configuration Debug for project line_follower ****
make -j12 all 
arm-none-eabi-gcc "../Core/Src/main.c" -mcpu=cortex-m4 -std=gnu11 -g3 -DDEBUG -DUSE_HAL_DRIVER -DSTM32F411xE -c -I../Core/Inc -I../Drivers/STM32F4xx_HAL_Driver/Inc -I../Drivers/STM32F4xx_HAL_Driver/Inc/Legacy -I../Drivers/CMSIS/Device/ST/STM32F4xx/Include -I../Drivers/CMSIS/Include -O0 -ffunction-sections -fdata-sections -Wall -fstack-usage -fcyclomatic-complexity -MMD -MP -MF"Core/Src/main.d" -MT"Core/Src/main.o" --specs=nano.specs -mfpu=fpv4-sp-d16 -mfloat-abi=hard -mthumb -o "Core/Src/main.o"
arm-none-eabi-gcc "../Core/Src/motor.c" -mcpu=cortex-m4 -std=gnu11 -g3 -DDEBUG -DUSE_HAL_DRIVER -DSTM32F411xE -c -I../Core/Inc -I../Drivers/STM32F4xx_HAL_Driver/Inc -I../Drivers/STM32F4xx_HAL_Driver/Inc/Legacy -I../Drivers/CMSIS/Device/ST/STM32F4xx/Include -I../Drivers/CMSIS/Include -O0 -ffunction-sections -fdata-sections -Wall -fstack-usage -fcyclomatic-complexity -MMD -MP -MF"Core/Src/motor.d" -MT"Core/Src/motor.o" --specs=nano.specs -mfpu=fpv4-sp-d16 -mfloat-abi=hard -mthumb -o "Core/Src/motor.o"
arm-none-eabi-gcc "../Core/Src/sensor_module.c" -mcpu=cortex-m4 -std=gnu11 -g3 -DDEBUG -DUSE_HAL_DRIVER -DSTM32F411xE -c -I../Core/Inc -I../Drivers/STM32F4xx_HAL_Driver/Inc -I../Drivers/STM32F4xx_HAL_Driver/Inc/Legacy -I../Drivers/CMSIS/Device/ST/STM32F4xx/Include -I../Drivers/CMSIS/Include -O0 -ffunction-sections -fdata-sections -Wall -fstack-usage -fcyclomatic-complexity -MMD -MP -MF"Core/Src/sensor_module.d" -MT"Core/Src/sensor_module.o" --specs=nano.specs -mfpu=fpv4-sp-d16 -mfloat-abi=hard -mthumb -o "Core/Src/sensor_module.o"
arm-none-eabi-gcc -o "line_follower.elf" @"objects.list"   -mcpu=cortex-m4 -T"C:\Users\7_wick\flf_workspace\line_follower\STM32F411CEUX_FLASH.ld" --specs=nosys.specs -Wl,-Map="line_follower.map" -Wl,--gc-sections -static -u _scanf_float -u _printf_float --specs=nano.specs -mfpu=fpv4-sp-d16 -mfloat-abi=hard -mthumb -Wl,--start-group -lc -lm -Wl,--end-group
Finished building target: line_follower.elf
 
arm-none-eabi-size  line_follower.elf 
arm-none-eabi-objdump -h -S line_follower.elf  > "line_follower.list"
   text	   data	    bss	    dec	    hex	filename
  47188	    504	   2512	  50204	   c41c	line_follower.elf
Finished building: default.size.stdout
 
Finished building: line_follower.list
 
22:57:59 **** Incremental Build of configuration Debug for project line_follower ****
make -j12 all 
arm-none-eabi-gcc "../Core/Src/main.c" -mcpu=cortex-m4 -std=gnu11 -g3 -DDEBUG -DUSE_HAL_DRIVER -DSTM32F411xE -c -I../Core/Inc -I../Drivers/STM32F4xx_HAL_Driver/Inc -I../Drivers/STM32F4xx_HAL_Driver/Inc/Legacy -I../Drivers/CMSIS/Device/ST/STM32F4xx/Include -I../Drivers/CMSIS/Include -O0 -ffunction-sections -fdata-sections -Wall -fstack-usage -fcyclomatic-complexity -MMD -MP -MF"Core/Src/main.d" -MT"Core/Src/main.o" --specs=nano.specs -mfpu=fpv4-sp-d16 -mfloat-abi=hard -mthumb -o "Core/Src/main.o"
arm-none-eabi-gcc -o "line_follower.elf" @"objects.list"   -mcpu=cortex-m4 -T"C:\Users\7_wick\flf_workspace\line_follower\STM32F411CEUX_FLASH.ld" --specs=nosys.specs -Wl,-Map="line_follower.map" -Wl,--gc-sections -static -u _scanf_float -u _printf_float --specs=nano.specs -mfpu=fpv4-sp-d16 -mfloat-abi=hard -mthumb -Wl,--start-group -lc -lm -Wl,--end-group
Finished building target: line_follower.elf
 
arm-none-eabi-size  line_follower.elf 
arm-none-eabi-objdump -h -S line_follower.elf  > "line_follower.list"
   text	   data	    bss	    dec	    hex	filename
  47212	    504	   2512	  50228	   c434	line_follower.elf
Finished building: default.size.stdout
 
Finished building: line_follower.list
 
23:02:26 **** Incremental Build of configuration Debug for project line_follower ****
make -j12 all 
arm-none-eabi-gcc "../Core/Src/main.c" -mcpu=cortex-m4 -std=gnu11 -g3 -DDEBUG -DUSE_HAL_DRIVER -DSTM32F411xE -c -I../Core/Inc -I../Drivers/STM32F4xx_HAL_Driver/Inc -I../Drivers/STM32F4xx_HAL_Driver/Inc/Legacy -I../Drivers/CMSIS/Device/ST/STM32F4xx/Include -I../Drivers/CMSIS/Include -O0 -ffunction-sections -fdata-sections -Wall -fstack-usage -fcyclomatic-complexity -MMD -MP -MF"Core/Src/main.d" -MT"Core/Src/main.o" --specs=nano.specs -mfpu=fpv4-sp-d16 -mfloat-abi=hard -mthumb -o "Core/Src/main.o"
arm-none-eabi-gcc -o "line_follower.elf" @"objects.list"   -mcpu=cortex-m4 -T"C:\Users\7_wick\flf_workspace\line_follower\STM32F411CEUX_FLASH.ld" --specs=nosys.specs -Wl,-Map="line_follower.map" -Wl,--gc-sections -static -u _scanf_float -u _printf_float --specs=nano.specs -mfpu=fpv4-sp-d16 -mfloat-abi=hard -mthumb -Wl,--start-group -lc -lm -Wl,--end-group
Finished building target: line_follower.elf
 
arm-none-eabi-size  line_follower.elf 
arm-none-eabi-objdump -h -S line_follower.elf  > "line_follower.list"
   text	   data	    bss	    dec	    hex	filename
  46924	    504	   2512	  49940	   c314	line_follower.elf
Finished building: default.size.stdout
 
Finished building: line_follower.list
 
23:02:55 **** Incremental Build of configuration Debug for project line_follower ****
make -j12 all 
arm-none-eabi-gcc "../Core/Src/main.c" -mcpu=cortex-m4 -std=gnu11 -g3 -DDEBUG -DUSE_HAL_DRIVER -DSTM32F411xE -c -I../Core/Inc -I../Drivers/STM32F4xx_HAL_Driver/Inc -I../Drivers/STM32F4xx_HAL_Driver/Inc/Legacy -I../Drivers/CMSIS/Device/ST/STM32F4xx/Include -I../Drivers/CMSIS/Include -O0 -ffunction-sections -fdata-sections -Wall -fstack-usage -fcyclomatic-complexity -MMD -MP -MF"Core/Src/main.d" -MT"Core/Src/main.o" --specs=nano.specs -mfpu=fpv4-sp-d16 -mfloat-abi=hard -mthumb -o "Core/Src/main.o"
arm-none-eabi-gcc -o "line_follower.elf" @"objects.list"   -mcpu=cortex-m4 -T"C:\Users\7_wick\flf_workspace\line_follower\STM32F411CEUX_FLASH.ld" --specs=nosys.specs -Wl,-Map="line_follower.map" -Wl,--gc-sections -static -u _scanf_float -u _printf_float --specs=nano.specs -mfpu=fpv4-sp-d16 -mfloat-abi=hard -mthumb -Wl,--start-group -lc -lm -Wl,--end-group
Finished building target: line_follower.elf
 
arm-none-eabi-size  line_follower.elf 
arm-none-eabi-objdump -h -S line_follower.elf  > "line_follower.list"
   text	   data	    bss	    dec	    hex	filename
  46924	    504	   2512	  49940	   c314	line_follower.elf
Finished building: default.size.stdout
 
Finished building: line_follower.list
 
23:05:41 **** Incremental Build of configuration Debug for project line_follower ****
make -j12 all 
arm-none-eabi-gcc "../Core/Src/main.c" -mcpu=cortex-m4 -std=gnu11 -g3 -DDEBUG -DUSE_HAL_DRIVER -DSTM32F411xE -c -I../Core/Inc -I../Drivers/STM32F4xx_HAL_Driver/Inc -I../Drivers/STM32F4xx_HAL_Driver/Inc/Legacy -I../Drivers/CMSIS/Device/ST/STM32F4xx/Include -I../Drivers/CMSIS/Include -O0 -ffunction-sections -fdata-sections -Wall -fstack-usage -fcyclomatic-complexity -MMD -MP -MF"Core/Src/main.d" -MT"Core/Src/main.o" --specs=nano.specs -mfpu=fpv4-sp-d16 -mfloat-abi=hard -mthumb -o "Core/Src/main.o"
arm-none-eabi-gcc "../Core/Src/sensor_module.c" -mcpu=cortex-m4 -std=gnu11 -g3 -DDEBUG -DUSE_HAL_DRIVER -DSTM32F411xE -c -I../Core/Inc -I../Drivers/STM32F4xx_HAL_Driver/Inc -I../Drivers/STM32F4xx_HAL_Driver/Inc/Legacy -I../Drivers/CMSIS/Device/ST/STM32F4xx/Include -I../Drivers/CMSIS/Include -O0 -ffunction-sections -fdata-sections -Wall -fstack-usage -fcyclomatic-complexity -MMD -MP -MF"Core/Src/sensor_module.d" -MT"Core/Src/sensor_module.o" --specs=nano.specs -mfpu=fpv4-sp-d16 -mfloat-abi=hard -mthumb -o "Core/Src/sensor_module.o"
arm-none-eabi-gcc -o "line_follower.elf" @"objects.list"   -mcpu=cortex-m4 -T"C:\Users\7_wick\flf_workspace\line_follower\STM32F411CEUX_FLASH.ld" --specs=nosys.specs -Wl,-Map="line_follower.map" -Wl,--gc-sections -static -u _scanf_float -u _printf_float --specs=nano.specs -mfpu=fpv4-sp-d16 -mfloat-abi=hard -mthumb -Wl,--start-group -lc -lm -Wl,--end-group
Finished building target: line_follower.elf
 
arm-none-eabi-size  line_follower.elf 
arm-none-eabi-objdump -h -S line_follower.elf  > "line_follower.list"
   text	   data	    bss	    dec	    hex	filename
  46924	    504	   2512	  49940	   c314	line_follower.elf
Finished building: default.size.stdout
 
Finished building: line_follower.list
 
23:13:07 **** Incremental Build of configuration Debug for project line_follower ****
make -j12 all 
arm-none-eabi-gcc "../Core/Src/sensor_module.c" -mcpu=cortex-m4 -std=gnu11 -g3 -DDEBUG -DUSE_HAL_DRIVER -DSTM32F411xE -c -I../Core/Inc -I../Drivers/STM32F4xx_HAL_Driver/Inc -I../Drivers/STM32F4xx_HAL_Driver/Inc/Legacy -I../Drivers/CMSIS/Device/ST/STM32F4xx/Include -I../Drivers/CMSIS/Include -O0 -ffunction-sections -fdata-sections -Wall -fstack-usage -fcyclomatic-complexity -MMD -MP -MF"Core/Src/sensor_module.d" -MT"Core/Src/sensor_module.o" --specs=nano.specs -mfpu=fpv4-sp-d16 -mfloat-abi=hard -mthumb -o "Core/Src/sensor_module.o"
arm-none-eabi-gcc -o "line_follower.elf" @"objects.list"   -mcpu=cortex-m4 -T"C:\Users\7_wick\flf_workspace\line_follower\STM32F411CEUX_FLASH.ld" --specs=nosys.specs -Wl,-Map="line_follower.map" -Wl,--gc-sections -static -u _scanf_float -u _printf_float --specs=nano.specs -mfpu=fpv4-sp-d16 -mfloat-abi=hard -mthumb -Wl,--start-group -lc -lm -Wl,--end-group
Finished building target: line_follower.elf
 
arm-none-eabi-size  line_follower.elf 
arm-none-eabi-objdump -h -S line_follower.elf  > "line_follower.list"
   text	   data	    bss	    dec	    hex	filename
  46924	    504	   2512	  49940	   c314	line_follower.elf
Finished building: default.size.stdout
 
Finished building: line_follower.list
 
23:14:16 **** Incremental Build of configuration Debug for project line_follower ****
make -j12 all 
arm-none-eabi-size  line_follower.elf 
   text	   data	    bss	    dec	    hex	filename
  46924	    504	   2512	  49940	   c314	line_follower.elf
Finished building: default.size.stdout
 
23:14:29 **** Incremental Build of configuration Debug for project line_follower ****
make -j12 all 
arm-none-eabi-size  line_follower.elf 
   text	   data	    bss	    dec	    hex	filename
  46924	    504	   2512	  49940	   c314	line_follower.elf
Finished building: default.size.stdout
 
23:20:54 **** Incremental Build of configuration Debug for project line_follower ****
make -j12 all 
arm-none-eabi-gcc "../Core/Src/sensor_module.c" -mcpu=cortex-m4 -std=gnu11 -g3 -DDEBUG -DUSE_HAL_DRIVER -DSTM32F411xE -c -I../Core/Inc -I../Drivers/STM32F4xx_HAL_Driver/Inc -I../Drivers/STM32F4xx_HAL_Driver/Inc/Legacy -I../Drivers/CMSIS/Device/ST/STM32F4xx/Include -I../Drivers/CMSIS/Include -O0 -ffunction-sections -fdata-sections -Wall -fstack-usage -fcyclomatic-complexity -MMD -MP -MF"Core/Src/sensor_module.d" -MT"Core/Src/sensor_module.o" --specs=nano.specs -mfpu=fpv4-sp-d16 -mfloat-abi=hard -mthumb -o "Core/Src/sensor_module.o"
arm-none-eabi-gcc -o "line_follower.elf" @"objects.list"   -mcpu=cortex-m4 -T"C:\Users\7_wick\flf_workspace\line_follower\STM32F411CEUX_FLASH.ld" --specs=nosys.specs -Wl,-Map="line_follower.map" -Wl,--gc-sections -static -u _scanf_float -u _printf_float --specs=nano.specs -mfpu=fpv4-sp-d16 -mfloat-abi=hard -mthumb -Wl,--start-group -lc -lm -Wl,--end-group
Finished building target: line_follower.elf
 
arm-none-eabi-size  line_follower.elf 
arm-none-eabi-objdump -h -S line_follower.elf  > "line_follower.list"
   text	   data	    bss	    dec	    hex	filename
  46948	    504	   2512	  49964	   c32c	line_follower.elf
Finished building: default.size.stdout
 
Finished building: line_follower.list
 
23:56:19 **** Incremental Build of configuration Debug for project line_follower ****
make -j12 all 
arm-none-eabi-gcc "../Core/Src/main.c" -mcpu=cortex-m4 -std=gnu11 -g3 -DDEBUG -DUSE_HAL_DRIVER -DSTM32F411xE -c -I../Core/Inc -I../Drivers/STM32F4xx_HAL_Driver/Inc -I../Drivers/STM32F4xx_HAL_Driver/Inc/Legacy -I../Drivers/CMSIS/Device/ST/STM32F4xx/Include -I../Drivers/CMSIS/Include -O0 -ffunction-sections -fdata-sections -Wall -fstack-usage -fcyclomatic-complexity -MMD -MP -MF"Core/Src/main.d" -MT"Core/Src/main.o" --specs=nano.specs -mfpu=fpv4-sp-d16 -mfloat-abi=hard -mthumb -o "Core/Src/main.o"
arm-none-eabi-gcc "../Core/Src/sensor_module.c" -mcpu=cortex-m4 -std=gnu11 -g3 -DDEBUG -DUSE_HAL_DRIVER -DSTM32F411xE -c -I../Core/Inc -I../Drivers/STM32F4xx_HAL_Driver/Inc -I../Drivers/STM32F4xx_HAL_Driver/Inc/Legacy -I../Drivers/CMSIS/Device/ST/STM32F4xx/Include -I../Drivers/CMSIS/Include -O0 -ffunction-sections -fdata-sections -Wall -fstack-usage -fcyclomatic-complexity -MMD -MP -MF"Core/Src/sensor_module.d" -MT"Core/Src/sensor_module.o" --specs=nano.specs -mfpu=fpv4-sp-d16 -mfloat-abi=hard -mthumb -o "Core/Src/sensor_module.o"
arm-none-eabi-gcc -o "line_follower.elf" @"objects.list"   -mcpu=cortex-m4 -T"C:\Users\7_wick\flf_workspace\line_follower\STM32F411CEUX_FLASH.ld" --specs=nosys.specs -Wl,-Map="line_follower.map" -Wl,--gc-sections -static -u _scanf_float -u _printf_float --specs=nano.specs -mfpu=fpv4-sp-d16 -mfloat-abi=hard -mthumb -Wl,--start-group -lc -lm -Wl,--end-group
Finished building target: line_follower.elf
 
arm-none-eabi-size  line_follower.elf 
arm-none-eabi-objdump -h -S line_follower.elf  > "line_follower.list"
   text	   data	    bss	    dec	    hex	filename
  46948	    504	   2512	  49964	   c32c	line_follower.elf
Finished building: default.size.stdout
 
Finished building: line_follower.list
 
00:08:58 **** Incremental Build of configuration Debug for project line_follower ****
make -j12 all 
arm-none-eabi-gcc "../Core/Src/main.c" -mcpu=cortex-m4 -std=gnu11 -g3 -DDEBUG -DUSE_HAL_DRIVER -DSTM32F411xE -c -I../Core/Inc -I../Drivers/STM32F4xx_HAL_Driver/Inc -I../Drivers/STM32F4xx_HAL_Driver/Inc/Legacy -I../Drivers/CMSIS/Device/ST/STM32F4xx/Include -I../Drivers/CMSIS/Include -O0 -ffunction-sections -fdata-sections -Wall -fstack-usage -fcyclomatic-complexity -MMD -MP -MF"Core/Src/main.d" -MT"Core/Src/main.o" --specs=nano.specs -mfpu=fpv4-sp-d16 -mfloat-abi=hard -mthumb -o "Core/Src/main.o"
arm-none-eabi-gcc "../Core/Src/sensor_module.c" -mcpu=cortex-m4 -std=gnu11 -g3 -DDEBUG -DUSE_HAL_DRIVER -DSTM32F411xE -c -I../Core/Inc -I../Drivers/STM32F4xx_HAL_Driver/Inc -I../Drivers/STM32F4xx_HAL_Driver/Inc/Legacy -I../Drivers/CMSIS/Device/ST/STM32F4xx/Include -I../Drivers/CMSIS/Include -O0 -ffunction-sections -fdata-sections -Wall -fstack-usage -fcyclomatic-complexity -MMD -MP -MF"Core/Src/sensor_module.d" -MT"Core/Src/sensor_module.o" --specs=nano.specs -mfpu=fpv4-sp-d16 -mfloat-abi=hard -mthumb -o "Core/Src/sensor_module.o"
arm-none-eabi-gcc -o "line_follower.elf" @"objects.list"   -mcpu=cortex-m4 -T"C:\Users\7_wick\flf_workspace\line_follower\STM32F411CEUX_FLASH.ld" --specs=nosys.specs -Wl,-Map="line_follower.map" -Wl,--gc-sections -static -u _scanf_float -u _printf_float --specs=nano.specs -mfpu=fpv4-sp-d16 -mfloat-abi=hard -mthumb -Wl,--start-group -lc -lm -Wl,--end-group
Finished building target: line_follower.elf
 
arm-none-eabi-size  line_follower.elf 
arm-none-eabi-objdump -h -S line_follower.elf  > "line_follower.list"
   text	   data	    bss	    dec	    hex	filename
  46948	    504	   2512	  49964	   c32c	line_follower.elf
Finished building: default.size.stdout
 
Finished building: line_follower.list
 
00:32:43 **** Incremental Build of configuration Debug for project line_follower ****
make -j12 all 
arm-none-eabi-gcc "../Core/Src/sensor_module.c" -mcpu=cortex-m4 -std=gnu11 -g3 -DDEBUG -DUSE_HAL_DRIVER -DSTM32F411xE -c -I../Core/Inc -I../Drivers/STM32F4xx_HAL_Driver/Inc -I../Drivers/STM32F4xx_HAL_Driver/Inc/Legacy -I../Drivers/CMSIS/Device/ST/STM32F4xx/Include -I../Drivers/CMSIS/Include -O0 -ffunction-sections -fdata-sections -Wall -fstack-usage -fcyclomatic-complexity -MMD -MP -MF"Core/Src/sensor_module.d" -MT"Core/Src/sensor_module.o" --specs=nano.specs -mfpu=fpv4-sp-d16 -mfloat-abi=hard -mthumb -o "Core/Src/sensor_module.o"
arm-none-eabi-gcc -o "line_follower.elf" @"objects.list"   -mcpu=cortex-m4 -T"C:\Users\7_wick\flf_workspace\line_follower\STM32F411CEUX_FLASH.ld" --specs=nosys.specs -Wl,-Map="line_follower.map" -Wl,--gc-sections -static -u _scanf_float -u _printf_float --specs=nano.specs -mfpu=fpv4-sp-d16 -mfloat-abi=hard -mthumb -Wl,--start-group -lc -lm -Wl,--end-group
Finished building target: line_follower.elf
 
arm-none-eabi-size  line_follower.elf 
arm-none-eabi-objdump -h -S line_follower.elf  > "line_follower.list"
   text	   data	    bss	    dec	    hex	filename
  46948	    504	   2512	  49964	   c32c	line_follower.elf
Finished building: default.size.stdout
 
Finished building: line_follower.list
 
00:35:18 **** Incremental Build of configuration Debug for project line_follower ****
make -j12 all 
arm-none-eabi-gcc "../Core/Src/main.c" -mcpu=cortex-m4 -std=gnu11 -g3 -DDEBUG -DUSE_HAL_DRIVER -DSTM32F411xE -c -I../Core/Inc -I../Drivers/STM32F4xx_HAL_Driver/Inc -I../Drivers/STM32F4xx_HAL_Driver/Inc/Legacy -I../Drivers/CMSIS/Device/ST/STM32F4xx/Include -I../Drivers/CMSIS/Include -O0 -ffunction-sections -fdata-sections -Wall -fstack-usage -fcyclomatic-complexity -MMD -MP -MF"Core/Src/main.d" -MT"Core/Src/main.o" --specs=nano.specs -mfpu=fpv4-sp-d16 -mfloat-abi=hard -mthumb -o "Core/Src/main.o"
arm-none-eabi-gcc "../Core/Src/sensor_module.c" -mcpu=cortex-m4 -std=gnu11 -g3 -DDEBUG -DUSE_HAL_DRIVER -DSTM32F411xE -c -I../Core/Inc -I../Drivers/STM32F4xx_HAL_Driver/Inc -I../Drivers/STM32F4xx_HAL_Driver/Inc/Legacy -I../Drivers/CMSIS/Device/ST/STM32F4xx/Include -I../Drivers/CMSIS/Include -O0 -ffunction-sections -fdata-sections -Wall -fstack-usage -fcyclomatic-complexity -MMD -MP -MF"Core/Src/sensor_module.d" -MT"Core/Src/sensor_module.o" --specs=nano.specs -mfpu=fpv4-sp-d16 -mfloat-abi=hard -mthumb -o "Core/Src/sensor_module.o"
arm-none-eabi-gcc -o "line_follower.elf" @"objects.list"   -mcpu=cortex-m4 -T"C:\Users\7_wick\flf_workspace\line_follower\STM32F411CEUX_FLASH.ld" --specs=nosys.specs -Wl,-Map="line_follower.map" -Wl,--gc-sections -static -u _scanf_float -u _printf_float --specs=nano.specs -mfpu=fpv4-sp-d16 -mfloat-abi=hard -mthumb -Wl,--start-group -lc -lm -Wl,--end-group
Finished building target: line_follower.elf
 
arm-none-eabi-size  line_follower.elf 
arm-none-eabi-objdump -h -S line_follower.elf  > "line_follower.list"
   text	   data	    bss	    dec	    hex	filename
  46948	    504	   2512	  49964	   c32c	line_follower.elf
Finished building: default.size.stdout
 
Finished building: line_follower.list
 
14:20:34 **** Incremental Build of configuration Debug for project line_follower ****
make -j12 all 
arm-none-eabi-gcc "../Core/Src/sensor_module.c" -mcpu=cortex-m4 -std=gnu11 -g3 -DDEBUG -DUSE_HAL_DRIVER -DSTM32F411xE -c -I../Core/Inc -I../Drivers/STM32F4xx_HAL_Driver/Inc -I../Drivers/STM32F4xx_HAL_Driver/Inc/Legacy -I../Drivers/CMSIS/Device/ST/STM32F4xx/Include -I../Drivers/CMSIS/Include -O0 -ffunction-sections -fdata-sections -Wall -fstack-usage -fcyclomatic-complexity -MMD -MP -MF"Core/Src/sensor_module.d" -MT"Core/Src/sensor_module.o" --specs=nano.specs -mfpu=fpv4-sp-d16 -mfloat-abi=hard -mthumb -o "Core/Src/sensor_module.o"
arm-none-eabi-gcc -o "line_follower.elf" @"objects.list"   -mcpu=cortex-m4 -T"C:\Users\7_wick\flf_workspace\line_follower\STM32F411CEUX_FLASH.ld" --specs=nosys.specs -Wl,-Map="line_follower.map" -Wl,--gc-sections -static -u _scanf_float -u _printf_float --specs=nano.specs -mfpu=fpv4-sp-d16 -mfloat-abi=hard -mthumb -Wl,--start-group -lc -lm -Wl,--end-group
Finished building target: line_follower.elf
 
arm-none-eabi-size  line_follower.elf 
arm-none-eabi-objdump -h -S line_follower.elf  > "line_follower.list"
   text	   data	    bss	    dec	    hex	filename
  46948	    504	   2512	  49964	   c32c	line_follower.elf
Finished building: default.size.stdout
 
Finished building: line_follower.list
 
14:21:06 **** Incremental Build of configuration Debug for project line_follower ****
make -j12 all 
arm-none-eabi-size  line_follower.elf 
   text	   data	    bss	    dec	    hex	filename
  46948	    504	   2512	  49964	   c32c	line_follower.elf
Finished building: default.size.stdout
 
14:21:44 **** Incremental Build of configuration Debug for project line_follower ****
make -j12 all 
arm-none-eabi-size  line_follower.elf 
   text	   data	    bss	    dec	    hex	filename
  46948	    504	   2512	  49964	   c32c	line_follower.elf
Finished building: default.size.stdout
 
14:22:10 **** Incremental Build of configuration Debug for project line_follower ****
make -j12 all 
arm-none-eabi-size  line_follower.elf 
   text	   data	    bss	    dec	    hex	filename
  46948	    504	   2512	  49964	   c32c	line_follower.elf
Finished building: default.size.stdout
 
14:22:22 **** Incremental Build of configuration Debug for project line_follower ****
make -j12 all 
arm-none-eabi-size  line_follower.elf 
   text	   data	    bss	    dec	    hex	filename
  46948	    504	   2512	  49964	   c32c	line_follower.elf
Finished building: default.size.stdout
 
14:59:08 **** Incremental Build of configuration Debug for project line_follower ****
make -j12 all 
arm-none-eabi-gcc "../Core/Src/main.c" -mcpu=cortex-m4 -std=gnu11 -g3 -DDEBUG -DUSE_HAL_DRIVER -DSTM32F411xE -c -I../Core/Inc -I../Drivers/STM32F4xx_HAL_Driver/Inc -I../Drivers/STM32F4xx_HAL_Driver/Inc/Legacy -I../Drivers/CMSIS/Device/ST/STM32F4xx/Include -I../Drivers/CMSIS/Include -O0 -ffunction-sections -fdata-sections -Wall -fstack-usage -fcyclomatic-complexity -MMD -MP -MF"Core/Src/main.d" -MT"Core/Src/main.o" --specs=nano.specs -mfpu=fpv4-sp-d16 -mfloat-abi=hard -mthumb -o "Core/Src/main.o"
arm-none-eabi-gcc "../Core/Src/motor.c" -mcpu=cortex-m4 -std=gnu11 -g3 -DDEBUG -DUSE_HAL_DRIVER -DSTM32F411xE -c -I../Core/Inc -I../Drivers/STM32F4xx_HAL_Driver/Inc -I../Drivers/STM32F4xx_HAL_Driver/Inc/Legacy -I../Drivers/CMSIS/Device/ST/STM32F4xx/Include -I../Drivers/CMSIS/Include -O0 -ffunction-sections -fdata-sections -Wall -fstack-usage -fcyclomatic-complexity -MMD -MP -MF"Core/Src/motor.d" -MT"Core/Src/motor.o" --specs=nano.specs -mfpu=fpv4-sp-d16 -mfloat-abi=hard -mthumb -o "Core/Src/motor.o"
arm-none-eabi-gcc -o "line_follower.elf" @"objects.list"   -mcpu=cortex-m4 -T"C:\Users\7_wick\flf_workspace\line_follower\STM32F411CEUX_FLASH.ld" --specs=nosys.specs -Wl,-Map="line_follower.map" -Wl,--gc-sections -static -u _scanf_float -u _printf_float --specs=nano.specs -mfpu=fpv4-sp-d16 -mfloat-abi=hard -mthumb -Wl,--start-group -lc -lm -Wl,--end-group
Finished building target: line_follower.elf
 
arm-none-eabi-size  line_follower.elf 
arm-none-eabi-objdump -h -S line_follower.elf  > "line_follower.list"
   text	   data	    bss	    dec	    hex	filename
  47308	    504	   2512	  50324	   c494	line_follower.elf
Finished building: default.size.stdout
 
Finished building: line_follower.list
 
15:02:23 **** Incremental Build of configuration Debug for project line_follower ****
make -j12 all 
arm-none-eabi-gcc "../Core/Src/main.c" -mcpu=cortex-m4 -std=gnu11 -g3 -DDEBUG -DUSE_HAL_DRIVER -DSTM32F411xE -c -I../Core/Inc -I../Drivers/STM32F4xx_HAL_Driver/Inc -I../Drivers/STM32F4xx_HAL_Driver/Inc/Legacy -I../Drivers/CMSIS/Device/ST/STM32F4xx/Include -I../Drivers/CMSIS/Include -O0 -ffunction-sections -fdata-sections -Wall -fstack-usage -fcyclomatic-complexity -MMD -MP -MF"Core/Src/main.d" -MT"Core/Src/main.o" --specs=nano.specs -mfpu=fpv4-sp-d16 -mfloat-abi=hard -mthumb -o "Core/Src/main.o"
arm-none-eabi-gcc -o "line_follower.elf" @"objects.list"   -mcpu=cortex-m4 -T"C:\Users\7_wick\flf_workspace\line_follower\STM32F411CEUX_FLASH.ld" --specs=nosys.specs -Wl,-Map="line_follower.map" -Wl,--gc-sections -static -u _scanf_float -u _printf_float --specs=nano.specs -mfpu=fpv4-sp-d16 -mfloat-abi=hard -mthumb -Wl,--start-group -lc -lm -Wl,--end-group
Finished building target: line_follower.elf
 
arm-none-eabi-size  line_follower.elf 
arm-none-eabi-objdump -h -S line_follower.elf  > "line_follower.list"
   text	   data	    bss	    dec	    hex	filename
  47308	    504	   2512	  50324	   c494	line_follower.elf
Finished building: default.size.stdout
 
Finished building: line_follower.list
 
15:02:44 **** Incremental Build of configuration Debug for project line_follower ****
make -j12 all 
arm-none-eabi-size  line_follower.elf 
   text	   data	    bss	    dec	    hex	filename
  47308	    504	   2512	  50324	   c494	line_follower.elf
Finished building: default.size.stdout
 
15:08:02 **** Incremental Build of configuration Debug for project line_follower ****
make -j12 all 
arm-none-eabi-gcc "../Core/Src/main.c" -mcpu=cortex-m4 -std=gnu11 -g3 -DDEBUG -DUSE_HAL_DRIVER -DSTM32F411xE -c -I../Core/Inc -I../Drivers/STM32F4xx_HAL_Driver/Inc -I../Drivers/STM32F4xx_HAL_Driver/Inc/Legacy -I../Drivers/CMSIS/Device/ST/STM32F4xx/Include -I../Drivers/CMSIS/Include -O0 -ffunction-sections -fdata-sections -Wall -fstack-usage -fcyclomatic-complexity -MMD -MP -MF"Core/Src/main.d" -MT"Core/Src/main.o" --specs=nano.specs -mfpu=fpv4-sp-d16 -mfloat-abi=hard -mthumb -o "Core/Src/main.o"
arm-none-eabi-gcc -o "line_follower.elf" @"objects.list"   -mcpu=cortex-m4 -T"C:\Users\7_wick\flf_workspace\line_follower\STM32F411CEUX_FLASH.ld" --specs=nosys.specs -Wl,-Map="line_follower.map" -Wl,--gc-sections -static -u _scanf_float -u _printf_float --specs=nano.specs -mfpu=fpv4-sp-d16 -mfloat-abi=hard -mthumb -Wl,--start-group -lc -lm -Wl,--end-group
Finished building target: line_follower.elf
 
arm-none-eabi-size  line_follower.elf 
arm-none-eabi-objdump -h -S line_follower.elf  > "line_follower.list"
   text	   data	    bss	    dec	    hex	filename
  47292	    504	   2512	  50308	   c484	line_follower.elf
Finished building: default.size.stdout
 
Finished building: line_follower.list
 
15:12:50 **** Incremental Build of configuration Debug for project line_follower ****
make -j12 all 
arm-none-eabi-gcc "../Core/Src/main.c" -mcpu=cortex-m4 -std=gnu11 -g3 -DDEBUG -DUSE_HAL_DRIVER -DSTM32F411xE -c -I../Core/Inc -I../Drivers/STM32F4xx_HAL_Driver/Inc -I../Drivers/STM32F4xx_HAL_Driver/Inc/Legacy -I../Drivers/CMSIS/Device/ST/STM32F4xx/Include -I../Drivers/CMSIS/Include -O0 -ffunction-sections -fdata-sections -Wall -fstack-usage -fcyclomatic-complexity -MMD -MP -MF"Core/Src/main.d" -MT"Core/Src/main.o" --specs=nano.specs -mfpu=fpv4-sp-d16 -mfloat-abi=hard -mthumb -o "Core/Src/main.o"
arm-none-eabi-gcc "../Core/Src/sensor_module.c" -mcpu=cortex-m4 -std=gnu11 -g3 -DDEBUG -DUSE_HAL_DRIVER -DSTM32F411xE -c -I../Core/Inc -I../Drivers/STM32F4xx_HAL_Driver/Inc -I../Drivers/STM32F4xx_HAL_Driver/Inc/Legacy -I../Drivers/CMSIS/Device/ST/STM32F4xx/Include -I../Drivers/CMSIS/Include -O0 -ffunction-sections -fdata-sections -Wall -fstack-usage -fcyclomatic-complexity -MMD -MP -MF"Core/Src/sensor_module.d" -MT"Core/Src/sensor_module.o" --specs=nano.specs -mfpu=fpv4-sp-d16 -mfloat-abi=hard -mthumb -o "Core/Src/sensor_module.o"
arm-none-eabi-gcc -o "line_follower.elf" @"objects.list"   -mcpu=cortex-m4 -T"C:\Users\7_wick\flf_workspace\line_follower\STM32F411CEUX_FLASH.ld" --specs=nosys.specs -Wl,-Map="line_follower.map" -Wl,--gc-sections -static -u _scanf_float -u _printf_float --specs=nano.specs -mfpu=fpv4-sp-d16 -mfloat-abi=hard -mthumb -Wl,--start-group -lc -lm -Wl,--end-group
Finished building target: line_follower.elf
 
arm-none-eabi-size  line_follower.elf 
arm-none-eabi-objdump -h -S line_follower.elf  > "line_follower.list"
   text	   data	    bss	    dec	    hex	filename
  46948	    504	   2512	  49964	   c32c	line_follower.elf
Finished building: default.size.stdout
 
Finished building: line_follower.list
 
15:32:48 **** Incremental Build of configuration Debug for project line_follower ****
make -j12 all 
arm-none-eabi-gcc "../Core/Src/sensor_module.c" -mcpu=cortex-m4 -std=gnu11 -g3 -DDEBUG -DUSE_HAL_DRIVER -DSTM32F411xE -c -I../Core/Inc -I../Drivers/STM32F4xx_HAL_Driver/Inc -I../Drivers/STM32F4xx_HAL_Driver/Inc/Legacy -I../Drivers/CMSIS/Device/ST/STM32F4xx/Include -I../Drivers/CMSIS/Include -O0 -ffunction-sections -fdata-sections -Wall -fstack-usage -fcyclomatic-complexity -MMD -MP -MF"Core/Src/sensor_module.d" -MT"Core/Src/sensor_module.o" --specs=nano.specs -mfpu=fpv4-sp-d16 -mfloat-abi=hard -mthumb -o "Core/Src/sensor_module.o"
arm-none-eabi-gcc -o "line_follower.elf" @"objects.list"   -mcpu=cortex-m4 -T"C:\Users\7_wick\flf_workspace\line_follower\STM32F411CEUX_FLASH.ld" --specs=nosys.specs -Wl,-Map="line_follower.map" -Wl,--gc-sections -static -u _scanf_float -u _printf_float --specs=nano.specs -mfpu=fpv4-sp-d16 -mfloat-abi=hard -mthumb -Wl,--start-group -lc -lm -Wl,--end-group
Finished building target: line_follower.elf
 
arm-none-eabi-size  line_follower.elf 
arm-none-eabi-objdump -h -S line_follower.elf  > "line_follower.list"
   text	   data	    bss	    dec	    hex	filename
  47004	    504	   2512	  50020	   c364	line_follower.elf
Finished building: default.size.stdout
 
Finished building: line_follower.list
 
15:40:20 **** Incremental Build of configuration Debug for project line_follower ****
make -j12 all 
arm-none-eabi-gcc "../Core/Src/sensor_module.c" -mcpu=cortex-m4 -std=gnu11 -g3 -DDEBUG -DUSE_HAL_DRIVER -DSTM32F411xE -c -I../Core/Inc -I../Drivers/STM32F4xx_HAL_Driver/Inc -I../Drivers/STM32F4xx_HAL_Driver/Inc/Legacy -I../Drivers/CMSIS/Device/ST/STM32F4xx/Include -I../Drivers/CMSIS/Include -O0 -ffunction-sections -fdata-sections -Wall -fstack-usage -fcyclomatic-complexity -MMD -MP -MF"Core/Src/sensor_module.d" -MT"Core/Src/sensor_module.o" --specs=nano.specs -mfpu=fpv4-sp-d16 -mfloat-abi=hard -mthumb -o "Core/Src/sensor_module.o"
arm-none-eabi-gcc -o "line_follower.elf" @"objects.list"   -mcpu=cortex-m4 -T"C:\Users\7_wick\flf_workspace\line_follower\STM32F411CEUX_FLASH.ld" --specs=nosys.specs -Wl,-Map="line_follower.map" -Wl,--gc-sections -static -u _scanf_float -u _printf_float --specs=nano.specs -mfpu=fpv4-sp-d16 -mfloat-abi=hard -mthumb -Wl,--start-group -lc -lm -Wl,--end-group
Finished building target: line_follower.elf
 
arm-none-eabi-size  line_follower.elf 
arm-none-eabi-objdump -h -S line_follower.elf  > "line_follower.list"
   text	   data	    bss	    dec	    hex	filename
  47124	    504	   2512	  50140	   c3dc	line_follower.elf
Finished building: default.size.stdout
 
Finished building: line_follower.list
 
15:44:34 **** Incremental Build of configuration Debug for project line_follower ****
make -j12 all 
arm-none-eabi-gcc "../Core/Src/sensor_module.c" -mcpu=cortex-m4 -std=gnu11 -g3 -DDEBUG -DUSE_HAL_DRIVER -DSTM32F411xE -c -I../Core/Inc -I../Drivers/STM32F4xx_HAL_Driver/Inc -I../Drivers/STM32F4xx_HAL_Driver/Inc/Legacy -I../Drivers/CMSIS/Device/ST/STM32F4xx/Include -I../Drivers/CMSIS/Include -O0 -ffunction-sections -fdata-sections -Wall -fstack-usage -fcyclomatic-complexity -MMD -MP -MF"Core/Src/sensor_module.d" -MT"Core/Src/sensor_module.o" --specs=nano.specs -mfpu=fpv4-sp-d16 -mfloat-abi=hard -mthumb -o "Core/Src/sensor_module.o"
arm-none-eabi-gcc -o "line_follower.elf" @"objects.list"   -mcpu=cortex-m4 -T"C:\Users\7_wick\flf_workspace\line_follower\STM32F411CEUX_FLASH.ld" --specs=nosys.specs -Wl,-Map="line_follower.map" -Wl,--gc-sections -static -u _scanf_float -u _printf_float --specs=nano.specs -mfpu=fpv4-sp-d16 -mfloat-abi=hard -mthumb -Wl,--start-group -lc -lm -Wl,--end-group
Finished building target: line_follower.elf
 
arm-none-eabi-size  line_follower.elf 
arm-none-eabi-objdump -h -S line_follower.elf  > "line_follower.list"
   text	   data	    bss	    dec	    hex	filename
  46924	    504	   2512	  49940	   c314	line_follower.elf
Finished building: default.size.stdout
 
Finished building: line_follower.list
 
15:44:59 **** Incremental Build of configuration Debug for project line_follower ****
make -j12 all 
arm-none-eabi-size  line_follower.elf 
   text	   data	    bss	    dec	    hex	filename
  46924	    504	   2512	  49940	   c314	line_follower.elf
Finished building: default.size.stdout
 
15:46:43 **** Incremental Build of configuration Debug for project line_follower ****
make -j12 all 
arm-none-eabi-gcc "../Core/Src/sensor_module.c" -mcpu=cortex-m4 -std=gnu11 -g3 -DDEBUG -DUSE_HAL_DRIVER -DSTM32F411xE -c -I../Core/Inc -I../Drivers/STM32F4xx_HAL_Driver/Inc -I../Drivers/STM32F4xx_HAL_Driver/Inc/Legacy -I../Drivers/CMSIS/Device/ST/STM32F4xx/Include -I../Drivers/CMSIS/Include -O0 -ffunction-sections -fdata-sections -Wall -fstack-usage -fcyclomatic-complexity -MMD -MP -MF"Core/Src/sensor_module.d" -MT"Core/Src/sensor_module.o" --specs=nano.specs -mfpu=fpv4-sp-d16 -mfloat-abi=hard -mthumb -o "Core/Src/sensor_module.o"
arm-none-eabi-gcc -o "line_follower.elf" @"objects.list"   -mcpu=cortex-m4 -T"C:\Users\7_wick\flf_workspace\line_follower\STM32F411CEUX_FLASH.ld" --specs=nosys.specs -Wl,-Map="line_follower.map" -Wl,--gc-sections -static -u _scanf_float -u _printf_float --specs=nano.specs -mfpu=fpv4-sp-d16 -mfloat-abi=hard -mthumb -Wl,--start-group -lc -lm -Wl,--end-group
Finished building target: line_follower.elf
 
arm-none-eabi-size  line_follower.elf 
arm-none-eabi-objdump -h -S line_follower.elf  > "line_follower.list"
   text	   data	    bss	    dec	    hex	filename
  46924	    504	   2512	  49940	   c314	line_follower.elf
Finished building: default.size.stdout
 
Finished building: line_follower.list
 
15:47:08 **** Incremental Build of configuration Debug for project line_follower ****
make -j12 all 
arm-none-eabi-size  line_follower.elf 
   text	   data	    bss	    dec	    hex	filename
  46924	    504	   2512	  49940	   c314	line_follower.elf
Finished building: default.size.stdout
 
15:47:30 **** Incremental Build of configuration Debug for project line_follower ****
make -j12 all 
arm-none-eabi-size  line_follower.elf 
   text	   data	    bss	    dec	    hex	filename
  46924	    504	   2512	  49940	   c314	line_follower.elf
Finished building: default.size.stdout
 
15:49:59 **** Incremental Build of configuration Debug for project line_follower ****
make -j12 all 
arm-none-eabi-gcc "../Core/Src/sensor_module.c" -mcpu=cortex-m4 -std=gnu11 -g3 -DDEBUG -DUSE_HAL_DRIVER -DSTM32F411xE -c -I../Core/Inc -I../Drivers/STM32F4xx_HAL_Driver/Inc -I../Drivers/STM32F4xx_HAL_Driver/Inc/Legacy -I../Drivers/CMSIS/Device/ST/STM32F4xx/Include -I../Drivers/CMSIS/Include -O0 -ffunction-sections -fdata-sections -Wall -fstack-usage -fcyclomatic-complexity -MMD -MP -MF"Core/Src/sensor_module.d" -MT"Core/Src/sensor_module.o" --specs=nano.specs -mfpu=fpv4-sp-d16 -mfloat-abi=hard -mthumb -o "Core/Src/sensor_module.o"
arm-none-eabi-gcc -o "line_follower.elf" @"objects.list"   -mcpu=cortex-m4 -T"C:\Users\7_wick\flf_workspace\line_follower\STM32F411CEUX_FLASH.ld" --specs=nosys.specs -Wl,-Map="line_follower.map" -Wl,--gc-sections -static -u _scanf_float -u _printf_float --specs=nano.specs -mfpu=fpv4-sp-d16 -mfloat-abi=hard -mthumb -Wl,--start-group -lc -lm -Wl,--end-group
Finished building target: line_follower.elf
 
arm-none-eabi-size  line_follower.elf 
arm-none-eabi-objdump -h -S line_follower.elf  > "line_follower.list"
   text	   data	    bss	    dec	    hex	filename
  46924	    504	   2512	  49940	   c314	line_follower.elf
Finished building: default.size.stdout
 
Finished building: line_follower.list
 
15:53:07 **** Incremental Build of configuration Debug for project line_follower ****
make -j12 all 
arm-none-eabi-gcc "../Core/Src/sensor_module.c" -mcpu=cortex-m4 -std=gnu11 -g3 -DDEBUG -DUSE_HAL_DRIVER -DSTM32F411xE -c -I../Core/Inc -I../Drivers/STM32F4xx_HAL_Driver/Inc -I../Drivers/STM32F4xx_HAL_Driver/Inc/Legacy -I../Drivers/CMSIS/Device/ST/STM32F4xx/Include -I../Drivers/CMSIS/Include -O0 -ffunction-sections -fdata-sections -Wall -fstack-usage -fcyclomatic-complexity -MMD -MP -MF"Core/Src/sensor_module.d" -MT"Core/Src/sensor_module.o" --specs=nano.specs -mfpu=fpv4-sp-d16 -mfloat-abi=hard -mthumb -o "Core/Src/sensor_module.o"
arm-none-eabi-gcc -o "line_follower.elf" @"objects.list"   -mcpu=cortex-m4 -T"C:\Users\7_wick\flf_workspace\line_follower\STM32F411CEUX_FLASH.ld" --specs=nosys.specs -Wl,-Map="line_follower.map" -Wl,--gc-sections -static -u _scanf_float -u _printf_float --specs=nano.specs -mfpu=fpv4-sp-d16 -mfloat-abi=hard -mthumb -Wl,--start-group -lc -lm -Wl,--end-group
Finished building target: line_follower.elf
 
arm-none-eabi-size  line_follower.elf 
arm-none-eabi-objdump -h -S line_follower.elf  > "line_follower.list"
   text	   data	    bss	    dec	    hex	filename
  46924	    504	   2512	  49940	   c314	line_follower.elf
Finished building: default.size.stdout
 
Finished building: line_follower.list
 
16:10:26 **** Incremental Build of configuration Debug for project line_follower ****
make -j12 all 
arm-none-eabi-gcc "../Core/Src/main.c" -mcpu=cortex-m4 -std=gnu11 -g3 -DDEBUG -DUSE_HAL_DRIVER -DSTM32F411xE -c -I../Core/Inc -I../Drivers/STM32F4xx_HAL_Driver/Inc -I../Drivers/STM32F4xx_HAL_Driver/Inc/Legacy -I../Drivers/CMSIS/Device/ST/STM32F4xx/Include -I../Drivers/CMSIS/Include -O0 -ffunction-sections -fdata-sections -Wall -fstack-usage -fcyclomatic-complexity -MMD -MP -MF"Core/Src/main.d" -MT"Core/Src/main.o" --specs=nano.specs -mfpu=fpv4-sp-d16 -mfloat-abi=hard -mthumb -o "Core/Src/main.o"
../Core/Src/main.c: In function 'main':
../Core/Src/main.c:284:53: warning: unused variable 'MIN_CRUISE_SPEED' [-Wunused-variable]
  284 |                                                 int MIN_CRUISE_SPEED =  300;
      |                                                     ^~~~~~~~~~~~~~~~
../Core/Src/main.c:283:53: warning: unused variable 'CORNER_SPEED_GAIN' [-Wunused-variable]
  283 |                                                 int CORNER_SPEED_GAIN = 120;
      |                                                     ^~~~~~~~~~~~~~~~~
arm-none-eabi-gcc -o "line_follower.elf" @"objects.list"   -mcpu=cortex-m4 -T"C:\Users\7_wick\flf_workspace\line_follower\STM32F411CEUX_FLASH.ld" --specs=nosys.specs -Wl,-Map="line_follower.map" -Wl,--gc-sections -static -u _scanf_float -u _printf_float --specs=nano.specs -mfpu=fpv4-sp-d16 -mfloat-abi=hard -mthumb -Wl,--start-group -lc -lm -Wl,--end-group
Finished building target: line_follower.elf
 
arm-none-eabi-size  line_follower.elf 
arm-none-eabi-objdump -h -S line_follower.elf  > "line_follower.list"
   text	   data	    bss	    dec	    hex	filename
  47020	    504	   2512	  50036	   c374	line_follower.elf
Finished building: default.size.stdout
 
Finished building: line_follower.list
 
16:11:12 **** Incremental Build of configuration Debug for project line_follower ****
make -j12 all 
arm-none-eabi-size  line_follower.elf 
   text	   data	    bss	    dec	    hex	filename
  47020	    504	   2512	  50036	   c374	line_follower.elf
Finished building: default.size.stdout
 
16:11:31 **** Incremental Build of configuration Debug for project line_follower ****
make -j12 all 
arm-none-eabi-gcc "../Core/Src/main.c" -mcpu=cortex-m4 -std=gnu11 -g3 -DDEBUG -DUSE_HAL_DRIVER -DSTM32F411xE -c -I../Core/Inc -I../Drivers/STM32F4xx_HAL_Driver/Inc -I../Drivers/STM32F4xx_HAL_Driver/Inc/Legacy -I../Drivers/CMSIS/Device/ST/STM32F4xx/Include -I../Drivers/CMSIS/Include -O0 -ffunction-sections -fdata-sections -Wall -fstack-usage -fcyclomatic-complexity -MMD -MP -MF"Core/Src/main.d" -MT"Core/Src/main.o" --specs=nano.specs -mfpu=fpv4-sp-d16 -mfloat-abi=hard -mthumb -o "Core/Src/main.o"
arm-none-eabi-gcc -o "line_follower.elf" @"objects.list"   -mcpu=cortex-m4 -T"C:\Users\7_wick\flf_workspace\line_follower\STM32F411CEUX_FLASH.ld" --specs=nosys.specs -Wl,-Map="line_follower.map" -Wl,--gc-sections -static -u _scanf_float -u _printf_float --specs=nano.specs -mfpu=fpv4-sp-d16 -mfloat-abi=hard -mthumb -Wl,--start-group -lc -lm -Wl,--end-group
Finished building target: line_follower.elf
 
arm-none-eabi-size  line_follower.elf 
arm-none-eabi-objdump -h -S line_follower.elf  > "line_follower.list"
   text	   data	    bss	    dec	    hex	filename
  47020	    504	   2512	  50036	   c374	line_follower.elf
Finished building: default.size.stdout
 
Finished building: line_follower.list
 
16:12:04 **** Incremental Build of configuration Debug for project line_follower ****
make -j12 all 
arm-none-eabi-size  line_follower.elf 
   text	   data	    bss	    dec	    hex	filename
  47020	    504	   2512	  50036	   c374	line_follower.elf
Finished building: default.size.stdout
 
16:16:15 **** Incremental Build of configuration Debug for project line_follower ****
make -j12 all 
arm-none-eabi-gcc "../Core/Src/sensor_module.c" -mcpu=cortex-m4 -std=gnu11 -g3 -DDEBUG -DUSE_HAL_DRIVER -DSTM32F411xE -c -I../Core/Inc -I../Drivers/STM32F4xx_HAL_Driver/Inc -I../Drivers/STM32F4xx_HAL_Driver/Inc/Legacy -I../Drivers/CMSIS/Device/ST/STM32F4xx/Include -I../Drivers/CMSIS/Include -O0 -ffunction-sections -fdata-sections -Wall -fstack-usage -fcyclomatic-complexity -MMD -MP -MF"Core/Src/sensor_module.d" -MT"Core/Src/sensor_module.o" --specs=nano.specs -mfpu=fpv4-sp-d16 -mfloat-abi=hard -mthumb -o "Core/Src/sensor_module.o"
arm-none-eabi-gcc -o "line_follower.elf" @"objects.list"   -mcpu=cortex-m4 -T"C:\Users\7_wick\flf_workspace\line_follower\STM32F411CEUX_FLASH.ld" --specs=nosys.specs -Wl,-Map="line_follower.map" -Wl,--gc-sections -static -u _scanf_float -u _printf_float --specs=nano.specs -mfpu=fpv4-sp-d16 -mfloat-abi=hard -mthumb -Wl,--start-group -lc -lm -Wl,--end-group
Finished building target: line_follower.elf
 
arm-none-eabi-size  line_follower.elf 
arm-none-eabi-objdump -h -S line_follower.elf  > "line_follower.list"
   text	   data	    bss	    dec	    hex	filename
  47020	    504	   2512	  50036	   c374	line_follower.elf
Finished building: default.size.stdout
 
Finished building: line_follower.list
 
16:16:40 **** Incremental Build of configuration Debug for project line_follower ****
make -j12 all 
arm-none-eabi-size  line_follower.elf 
   text	   data	    bss	    dec	    hex	filename
  47020	    504	   2512	  50036	   c374	line_follower.elf
Finished building: default.size.stdout
 
16:18:04 **** Incremental Build of configuration Debug for project line_follower ****
make -j12 all 
arm-none-eabi-size  line_follower.elf 
   text	   data	    bss	    dec	    hex	filename
  47020	    504	   2512	  50036	   c374	line_follower.elf
Finished building: default.size.stdout
 
16:25:45 **** Incremental Build of configuration Debug for project line_follower ****
make -j12 all 
arm-none-eabi-gcc "../Core/Src/sensor_module.c" -mcpu=cortex-m4 -std=gnu11 -g3 -DDEBUG -DUSE_HAL_DRIVER -DSTM32F411xE -c -I../Core/Inc -I../Drivers/STM32F4xx_HAL_Driver/Inc -I../Drivers/STM32F4xx_HAL_Driver/Inc/Legacy -I../Drivers/CMSIS/Device/ST/STM32F4xx/Include -I../Drivers/CMSIS/Include -O0 -ffunction-sections -fdata-sections -Wall -fstack-usage -fcyclomatic-complexity -MMD -MP -MF"Core/Src/sensor_module.d" -MT"Core/Src/sensor_module.o" --specs=nano.specs -mfpu=fpv4-sp-d16 -mfloat-abi=hard -mthumb -o "Core/Src/sensor_module.o"
arm-none-eabi-gcc -o "line_follower.elf" @"objects.list"   -mcpu=cortex-m4 -T"C:\Users\7_wick\flf_workspace\line_follower\STM32F411CEUX_FLASH.ld" --specs=nosys.specs -Wl,-Map="line_follower.map" -Wl,--gc-sections -static -u _scanf_float -u _printf_float --specs=nano.specs -mfpu=fpv4-sp-d16 -mfloat-abi=hard -mthumb -Wl,--start-group -lc -lm -Wl,--end-group
Finished building target: line_follower.elf
 
arm-none-eabi-size  line_follower.elf 
arm-none-eabi-objdump -h -S line_follower.elf  > "line_follower.list"
   text	   data	    bss	    dec	    hex	filename
  47020	    504	   2512	  50036	   c374	line_follower.elf
Finished building: default.size.stdout
 
Finished building: line_follower.list
 
16:58:46 **** Incremental Build of configuration Debug for project line_follower ****
make -j12 all 
arm-none-eabi-gcc "../Core/Src/bluetooth.c" -mcpu=cortex-m4 -std=gnu11 -g3 -DDEBUG -DUSE_HAL_DRIVER -DSTM32F411xE -c -I../Core/Inc -I../Drivers/STM32F4xx_HAL_Driver/Inc -I../Drivers/STM32F4xx_HAL_Driver/Inc/Legacy -I../Drivers/CMSIS/Device/ST/STM32F4xx/Include -I../Drivers/CMSIS/Include -O0 -ffunction-sections -fdata-sections -Wall -fstack-usage -fcyclomatic-complexity -MMD -MP -MF"Core/Src/bluetooth.d" -MT"Core/Src/bluetooth.o" --specs=nano.specs -mfpu=fpv4-sp-d16 -mfloat-abi=hard -mthumb -o "Core/Src/bluetooth.o"
arm-none-eabi-gcc "../Core/Src/main.c" -mcpu=cortex-m4 -std=gnu11 -g3 -DDEBUG -DUSE_HAL_DRIVER -DSTM32F411xE -c -I../Core/Inc -I../Drivers/STM32F4xx_HAL_Driver/Inc -I../Drivers/STM32F4xx_HAL_Driver/Inc/Legacy -I../Drivers/CMSIS/Device/ST/STM32F4xx/Include -I../Drivers/CMSIS/Include -O0 -ffunction-sections -fdata-sections -Wall -fstack-usage -fcyclomatic-complexity -MMD -MP -MF"Core/Src/main.d" -MT"Core/Src/main.o" --specs=nano.specs -mfpu=fpv4-sp-d16 -mfloat-abi=hard -mthumb -o "Core/Src/main.o"
arm-none-eabi-gcc "../Core/Src/motor.c" -mcpu=cortex-m4 -std=gnu11 -g3 -DDEBUG -DUSE_HAL_DRIVER -DSTM32F411xE -c -I../Core/Inc -I../Drivers/STM32F4xx_HAL_Driver/Inc -I../Drivers/STM32F4xx_HAL_Driver/Inc/Legacy -I../Drivers/CMSIS/Device/ST/STM32F4xx/Include -I../Drivers/CMSIS/Include -O0 -ffunction-sections -fdata-sections -Wall -fstack-usage -fcyclomatic-complexity -MMD -MP -MF"Core/Src/motor.d" -MT"Core/Src/motor.o" --specs=nano.specs -mfpu=fpv4-sp-d16 -mfloat-abi=hard -mthumb -o "Core/Src/motor.o"
arm-none-eabi-gcc "../Core/Src/sensor_module.c" -mcpu=cortex-m4 -std=gnu11 -g3 -DDEBUG -DUSE_HAL_DRIVER -DSTM32F411xE -c -I../Core/Inc -I../Drivers/STM32F4xx_HAL_Driver/Inc -I../Drivers/STM32F4xx_HAL_Driver/Inc/Legacy -I../Drivers/CMSIS/Device/ST/STM32F4xx/Include -I../Drivers/CMSIS/Include -O0 -ffunction-sections -fdata-sections -Wall -fstack-usage -fcyclomatic-complexity -MMD -MP -MF"Core/Src/sensor_module.d" -MT"Core/Src/sensor_module.o" --specs=nano.specs -mfpu=fpv4-sp-d16 -mfloat-abi=hard -mthumb -o "Core/Src/sensor_module.o"
arm-none-eabi-gcc "../Core/Src/stm32f4xx_hal_msp.c" -mcpu=cortex-m4 -std=gnu11 -g3 -DDEBUG -DUSE_HAL_DRIVER -DSTM32F411xE -c -I../Core/Inc -I../Drivers/STM32F4xx_HAL_Driver/Inc -I../Drivers/STM32F4xx_HAL_Driver/Inc/Legacy -I../Drivers/CMSIS/Device/ST/STM32F4xx/Include -I../Drivers/CMSIS/Include -O0 -ffunction-sections -fdata-sections -Wall -fstack-usage -fcyclomatic-complexity -MMD -MP -MF"Core/Src/stm32f4xx_hal_msp.d" -MT"Core/Src/stm32f4xx_hal_msp.o" --specs=nano.specs -mfpu=fpv4-sp-d16 -mfloat-abi=hard -mthumb -o "Core/Src/stm32f4xx_hal_msp.o"
arm-none-eabi-gcc "../Core/Src/stm32f4xx_it.c" -mcpu=cortex-m4 -std=gnu11 -g3 -DDEBUG -DUSE_HAL_DRIVER -DSTM32F411xE -c -I../Core/Inc -I../Drivers/STM32F4xx_HAL_Driver/Inc -I../Drivers/STM32F4xx_HAL_Driver/Inc/Legacy -I../Drivers/CMSIS/Device/ST/STM32F4xx/Include -I../Drivers/CMSIS/Include -O0 -ffunction-sections -fdata-sections -Wall -fstack-usage -fcyclomatic-complexity -MMD -MP -MF"Core/Src/stm32f4xx_it.d" -MT"Core/Src/stm32f4xx_it.o" --specs=nano.specs -mfpu=fpv4-sp-d16 -mfloat-abi=hard -mthumb -o "Core/Src/stm32f4xx_it.o"
arm-none-eabi-gcc "../Core/Src/utils.c" -mcpu=cortex-m4 -std=gnu11 -g3 -DDEBUG -DUSE_HAL_DRIVER -DSTM32F411xE -c -I../Core/Inc -I../Drivers/STM32F4xx_HAL_Driver/Inc -I../Drivers/STM32F4xx_HAL_Driver/Inc/Legacy -I../Drivers/CMSIS/Device/ST/STM32F4xx/Include -I../Drivers/CMSIS/Include -O0 -ffunction-sections -fdata-sections -Wall -fstack-usage -fcyclomatic-complexity -MMD -MP -MF"Core/Src/utils.d" -MT"Core/Src/utils.o" --specs=nano.specs -mfpu=fpv4-sp-d16 -mfloat-abi=hard -mthumb -o "Core/Src/utils.o"
../Core/Src/sensor_module.c: In function 'jugaad':
../Core/Src/sensor_module.c:58:17: error: too few arguments to function 'HAL_Delay'
   58 |                 HAL_Delay();
      |                 ^~~~~~~~~
In file included from ../Core/Src/sensor_module.c:1:
../Drivers/STM32F4xx_HAL_Driver/Inc/stm32f4xx_hal.h:233:6: note: declared here
  233 | void HAL_Delay(uint32_t Delay);
      |      ^~~~~~~~~
make: *** [Core/Src/subdir.mk:46: Core/Src/sensor_module.o] Error 1
make: *** Waiting for unfinished jobs....
"make -j12 all" terminated with exit code 2. Build might be incomplete.
19:14:20 **** Incremental Build of configuration Debug for project line_follower ****
make -j12 all 
arm-none-eabi-gcc "../Core/Src/main.c" -mcpu=cortex-m4 -std=gnu11 -g3 -DDEBUG -DUSE_HAL_DRIVER -DSTM32F411xE -c -I../Core/Inc -I../Drivers/STM32F4xx_HAL_Driver/Inc -I../Drivers/STM32F4xx_HAL_Driver/Inc/Legacy -I../Drivers/CMSIS/Device/ST/STM32F4xx/Include -I../Drivers/CMSIS/Include -O0 -ffunction-sections -fdata-sections -Wall -fstack-usage -fcyclomatic-complexity -MMD -MP -MF"Core/Src/main.d" -MT"Core/Src/main.o" --specs=nano.specs -mfpu=fpv4-sp-d16 -mfloat-abi=hard -mthumb -o "Core/Src/main.o"
arm-none-eabi-gcc "../Core/Src/sensor_module.c" -mcpu=cortex-m4 -std=gnu11 -g3 -DDEBUG -DUSE_HAL_DRIVER -DSTM32F411xE -c -I../Core/Inc -I../Drivers/STM32F4xx_HAL_Driver/Inc -I../Drivers/STM32F4xx_HAL_Driver/Inc/Legacy -I../Drivers/CMSIS/Device/ST/STM32F4xx/Include -I../Drivers/CMSIS/Include -O0 -ffunction-sections -fdata-sections -Wall -fstack-usage -fcyclomatic-complexity -MMD -MP -MF"Core/Src/sensor_module.d" -MT"Core/Src/sensor_module.o" --specs=nano.specs -mfpu=fpv4-sp-d16 -mfloat-abi=hard -mthumb -o "Core/Src/sensor_module.o"
../Core/Src/main.c: In function 'main':
../Core/Src/main.c:274:45: error: 's' undeclared (first use in this function)
  274 |                                         if (s->array[0].on == 0)
      |                                             ^
../Core/Src/main.c:274:45: note: each undeclared identifier is reported only once for each function it appears in
../Core/Src/main.c:229:13: warning: unused variable 'cornering_speed' [-Wunused-variable]
  229 |         int cornering_speed;
      |             ^~~~~~~~~~~~~~~
make: *** [Core/Src/subdir.mk:46: Core/Src/main.o] Error 1
make: *** Waiting for unfinished jobs....
"make -j12 all" terminated with exit code 2. Build might be incomplete.
19:15:19 **** Incremental Build of configuration Debug for project line_follower ****
make -j12 all 
arm-none-eabi-gcc "../Core/Src/main.c" -mcpu=cortex-m4 -std=gnu11 -g3 -DDEBUG -DUSE_HAL_DRIVER -DSTM32F411xE -c -I../Core/Inc -I../Drivers/STM32F4xx_HAL_Driver/Inc -I../Drivers/STM32F4xx_HAL_Driver/Inc/Legacy -I../Drivers/CMSIS/Device/ST/STM32F4xx/Include -I../Drivers/CMSIS/Include -O0 -ffunction-sections -fdata-sections -Wall -fstack-usage -fcyclomatic-complexity -MMD -MP -MF"Core/Src/main.d" -MT"Core/Src/main.o" --specs=nano.specs -mfpu=fpv4-sp-d16 -mfloat-abi=hard -mthumb -o "Core/Src/main.o"
../Core/Src/main.c: In function 'main':
../Core/Src/main.c:274:57: error: invalid type argument of '->' (have 'Sensor_Array')
  274 |                                         if (sensor_array->array[0].on == 0)
      |                                                         ^~
../Core/Src/main.c:229:13: warning: unused variable 'cornering_speed' [-Wunused-variable]
  229 |         int cornering_speed;
      |             ^~~~~~~~~~~~~~~
make: *** [Core/Src/subdir.mk:46: Core/Src/main.o] Error 1
"make -j12 all" terminated with exit code 2. Build might be incomplete.
19:15:48 **** Incremental Build of configuration Debug for project line_follower ****
make -j12 all 
arm-none-eabi-gcc "../Core/Src/main.c" -mcpu=cortex-m4 -std=gnu11 -g3 -DDEBUG -DUSE_HAL_DRIVER -DSTM32F411xE -c -I../Core/Inc -I../Drivers/STM32F4xx_HAL_Driver/Inc -I../Drivers/STM32F4xx_HAL_Driver/Inc/Legacy -I../Drivers/CMSIS/Device/ST/STM32F4xx/Include -I../Drivers/CMSIS/Include -O0 -ffunction-sections -fdata-sections -Wall -fstack-usage -fcyclomatic-complexity -MMD -MP -MF"Core/Src/main.d" -MT"Core/Src/main.o" --specs=nano.specs -mfpu=fpv4-sp-d16 -mfloat-abi=hard -mthumb -o "Core/Src/main.o"
../Core/Src/main.c: In function 'main':
../Core/Src/main.c:229:13: warning: unused variable 'cornering_speed' [-Wunused-variable]
  229 |         int cornering_speed;
      |             ^~~~~~~~~~~~~~~
arm-none-eabi-gcc -o "line_follower.elf" @"objects.list"   -mcpu=cortex-m4 -T"C:\Users\7_wick\flf_workspace\line_follower\STM32F411CEUX_FLASH.ld" --specs=nosys.specs -Wl,-Map="line_follower.map" -Wl,--gc-sections -static -u _scanf_float -u _printf_float --specs=nano.specs -mfpu=fpv4-sp-d16 -mfloat-abi=hard -mthumb -Wl,--start-group -lc -lm -Wl,--end-group
Finished building target: line_follower.elf
 
arm-none-eabi-size  line_follower.elf 
arm-none-eabi-objdump -h -S line_follower.elf  > "line_follower.list"
   text	   data	    bss	    dec	    hex	filename
  46916	    508	   2532	  49956	   c324	line_follower.elf
Finished building: default.size.stdout
 
Finished building: line_follower.list
 
19:20:20 **** Incremental Build of configuration Debug for project line_follower ****
make -j12 all 
arm-none-eabi-gcc "../Core/Src/main.c" -mcpu=cortex-m4 -std=gnu11 -g3 -DDEBUG -DUSE_HAL_DRIVER -DSTM32F411xE -c -I../Core/Inc -I../Drivers/STM32F4xx_HAL_Driver/Inc -I../Drivers/STM32F4xx_HAL_Driver/Inc/Legacy -I../Drivers/CMSIS/Device/ST/STM32F4xx/Include -I../Drivers/CMSIS/Include -O0 -ffunction-sections -fdata-sections -Wall -fstack-usage -fcyclomatic-complexity -MMD -MP -MF"Core/Src/main.d" -MT"Core/Src/main.o" --specs=nano.specs -mfpu=fpv4-sp-d16 -mfloat-abi=hard -mthumb -o "Core/Src/main.o"
arm-none-eabi-gcc -o "line_follower.elf" @"objects.list"   -mcpu=cortex-m4 -T"C:\Users\7_wick\flf_workspace\line_follower\STM32F411CEUX_FLASH.ld" --specs=nosys.specs -Wl,-Map="line_follower.map" -Wl,--gc-sections -static -u _scanf_float -u _printf_float --specs=nano.specs -mfpu=fpv4-sp-d16 -mfloat-abi=hard -mthumb -Wl,--start-group -lc -lm -Wl,--end-group
Finished building target: line_follower.elf
 
arm-none-eabi-size  line_follower.elf 
arm-none-eabi-objdump -h -S line_follower.elf  > "line_follower.list"
   text	   data	    bss	    dec	    hex	filename
  46916	    508	   2532	  49956	   c324	line_follower.elf
Finished building: default.size.stdout
 
Finished building: line_follower.list
 
19:39:32 **** Incremental Build of configuration Debug for project line_follower ****
make -j12 all 
arm-none-eabi-size  line_follower.elf 
   text	   data	    bss	    dec	    hex	filename
  46916	    508	   2532	  49956	   c324	line_follower.elf
Finished building: default.size.stdout
 
19:39:57 **** Incremental Build of configuration Debug for project line_follower ****
make -j12 all 
arm-none-eabi-size  line_follower.elf 
   text	   data	    bss	    dec	    hex	filename
  46916	    508	   2532	  49956	   c324	line_follower.elf
Finished building: default.size.stdout
 
19:42:20 **** Incremental Build of configuration Debug for project line_follower ****
make -j12 all 
arm-none-eabi-gcc "../Core/Src/main.c" -mcpu=cortex-m4 -std=gnu11 -g3 -DDEBUG -DUSE_HAL_DRIVER -DSTM32F411xE -c -I../Core/Inc -I../Drivers/STM32F4xx_HAL_Driver/Inc -I../Drivers/STM32F4xx_HAL_Driver/Inc/Legacy -I../Drivers/CMSIS/Device/ST/STM32F4xx/Include -I../Drivers/CMSIS/Include -O0 -ffunction-sections -fdata-sections -Wall -fstack-usage -fcyclomatic-complexity -MMD -MP -MF"Core/Src/main.d" -MT"Core/Src/main.o" --specs=nano.specs -mfpu=fpv4-sp-d16 -mfloat-abi=hard -mthumb -o "Core/Src/main.o"
arm-none-eabi-gcc -o "line_follower.elf" @"objects.list"   -mcpu=cortex-m4 -T"C:\Users\7_wick\flf_workspace\line_follower\STM32F411CEUX_FLASH.ld" --specs=nosys.specs -Wl,-Map="line_follower.map" -Wl,--gc-sections -static -u _scanf_float -u _printf_float --specs=nano.specs -mfpu=fpv4-sp-d16 -mfloat-abi=hard -mthumb -Wl,--start-group -lc -lm -Wl,--end-group
Finished building target: line_follower.elf
 
arm-none-eabi-size  line_follower.elf 
arm-none-eabi-objdump -h -S line_follower.elf  > "line_follower.list"
   text	   data	    bss	    dec	    hex	filename
  46948	    508	   2532	  49988	   c344	line_follower.elf
Finished building: default.size.stdout
 
Finished building: line_follower.list
 
19:51:03 **** Incremental Build of configuration Debug for project line_follower ****
make -j12 all 
arm-none-eabi-gcc "../Core/Src/sensor_module.c" -mcpu=cortex-m4 -std=gnu11 -g3 -DDEBUG -DUSE_HAL_DRIVER -DSTM32F411xE -c -I../Core/Inc -I../Drivers/STM32F4xx_HAL_Driver/Inc -I../Drivers/STM32F4xx_HAL_Driver/Inc/Legacy -I../Drivers/CMSIS/Device/ST/STM32F4xx/Include -I../Drivers/CMSIS/Include -O0 -ffunction-sections -fdata-sections -Wall -fstack-usage -fcyclomatic-complexity -MMD -MP -MF"Core/Src/sensor_module.d" -MT"Core/Src/sensor_module.o" --specs=nano.specs -mfpu=fpv4-sp-d16 -mfloat-abi=hard -mthumb -o "Core/Src/sensor_module.o"
arm-none-eabi-gcc "../Core/Src/utils.c" -mcpu=cortex-m4 -std=gnu11 -g3 -DDEBUG -DUSE_HAL_DRIVER -DSTM32F411xE -c -I../Core/Inc -I../Drivers/STM32F4xx_HAL_Driver/Inc -I../Drivers/STM32F4xx_HAL_Driver/Inc/Legacy -I../Drivers/CMSIS/Device/ST/STM32F4xx/Include -I../Drivers/CMSIS/Include -O0 -ffunction-sections -fdata-sections -Wall -fstack-usage -fcyclomatic-complexity -MMD -MP -MF"Core/Src/utils.d" -MT"Core/Src/utils.o" --specs=nano.specs -mfpu=fpv4-sp-d16 -mfloat-abi=hard -mthumb -o "Core/Src/utils.o"
arm-none-eabi-gcc -o "line_follower.elf" @"objects.list"   -mcpu=cortex-m4 -T"C:\Users\7_wick\flf_workspace\line_follower\STM32F411CEUX_FLASH.ld" --specs=nosys.specs -Wl,-Map="line_follower.map" -Wl,--gc-sections -static -u _scanf_float -u _printf_float --specs=nano.specs -mfpu=fpv4-sp-d16 -mfloat-abi=hard -mthumb -Wl,--start-group -lc -lm -Wl,--end-group
Finished building target: line_follower.elf
 
arm-none-eabi-size  line_follower.elf 
arm-none-eabi-objdump -h -S line_follower.elf  > "line_follower.list"
   text	   data	    bss	    dec	    hex	filename
  46948	    508	   2532	  49988	   c344	line_follower.elf
Finished building: default.size.stdout
 
Finished building: line_follower.list
 
19:53:17 **** Incremental Build of configuration Debug for project line_follower ****
make -j12 all 
arm-none-eabi-gcc "../Core/Src/sensor_module.c" -mcpu=cortex-m4 -std=gnu11 -g3 -DDEBUG -DUSE_HAL_DRIVER -DSTM32F411xE -c -I../Core/Inc -I../Drivers/STM32F4xx_HAL_Driver/Inc -I../Drivers/STM32F4xx_HAL_Driver/Inc/Legacy -I../Drivers/CMSIS/Device/ST/STM32F4xx/Include -I../Drivers/CMSIS/Include -O0 -ffunction-sections -fdata-sections -Wall -fstack-usage -fcyclomatic-complexity -MMD -MP -MF"Core/Src/sensor_module.d" -MT"Core/Src/sensor_module.o" --specs=nano.specs -mfpu=fpv4-sp-d16 -mfloat-abi=hard -mthumb -o "Core/Src/sensor_module.o"
arm-none-eabi-gcc -o "line_follower.elf" @"objects.list"   -mcpu=cortex-m4 -T"C:\Users\7_wick\flf_workspace\line_follower\STM32F411CEUX_FLASH.ld" --specs=nosys.specs -Wl,-Map="line_follower.map" -Wl,--gc-sections -static -u _scanf_float -u _printf_float --specs=nano.specs -mfpu=fpv4-sp-d16 -mfloat-abi=hard -mthumb -Wl,--start-group -lc -lm -Wl,--end-group
Finished building target: line_follower.elf
 
arm-none-eabi-size  line_follower.elf 
arm-none-eabi-objdump -h -S line_follower.elf  > "line_follower.list"
   text	   data	    bss	    dec	    hex	filename
  46948	    508	   2532	  49988	   c344	line_follower.elf
Finished building: default.size.stdout
 
Finished building: line_follower.list
 
20:04:27 **** Incremental Build of configuration Debug for project line_follower ****
make -j12 all 
arm-none-eabi-gcc "../Core/Src/main.c" -mcpu=cortex-m4 -std=gnu11 -g3 -DDEBUG -DUSE_HAL_DRIVER -DSTM32F411xE -c -I../Core/Inc -I../Drivers/STM32F4xx_HAL_Driver/Inc -I../Drivers/STM32F4xx_HAL_Driver/Inc/Legacy -I../Drivers/CMSIS/Device/ST/STM32F4xx/Include -I../Drivers/CMSIS/Include -O0 -ffunction-sections -fdata-sections -Wall -fstack-usage -fcyclomatic-complexity -MMD -MP -MF"Core/Src/main.d" -MT"Core/Src/main.o" --specs=nano.specs -mfpu=fpv4-sp-d16 -mfloat-abi=hard -mthumb -o "Core/Src/main.o"
arm-none-eabi-gcc "../Core/Src/sensor_module.c" -mcpu=cortex-m4 -std=gnu11 -g3 -DDEBUG -DUSE_HAL_DRIVER -DSTM32F411xE -c -I../Core/Inc -I../Drivers/STM32F4xx_HAL_Driver/Inc -I../Drivers/STM32F4xx_HAL_Driver/Inc/Legacy -I../Drivers/CMSIS/Device/ST/STM32F4xx/Include -I../Drivers/CMSIS/Include -O0 -ffunction-sections -fdata-sections -Wall -fstack-usage -fcyclomatic-complexity -MMD -MP -MF"Core/Src/sensor_module.d" -MT"Core/Src/sensor_module.o" --specs=nano.specs -mfpu=fpv4-sp-d16 -mfloat-abi=hard -mthumb -o "Core/Src/sensor_module.o"
arm-none-eabi-gcc -o "line_follower.elf" @"objects.list"   -mcpu=cortex-m4 -T"C:\Users\7_wick\flf_workspace\line_follower\STM32F411CEUX_FLASH.ld" --specs=nosys.specs -Wl,-Map="line_follower.map" -Wl,--gc-sections -static -u _scanf_float -u _printf_float --specs=nano.specs -mfpu=fpv4-sp-d16 -mfloat-abi=hard -mthumb -Wl,--start-group -lc -lm -Wl,--end-group
Finished building target: line_follower.elf
 
arm-none-eabi-size  line_follower.elf 
arm-none-eabi-objdump -h -S line_follower.elf  > "line_follower.list"
   text	   data	    bss	    dec	    hex	filename
  46956	    508	   2532	  49996	   c34c	line_follower.elf
Finished building: default.size.stdout
 
Finished building: line_follower.list
 
20:04:51 **** Incremental Build of configuration Debug for project line_follower ****
make -j12 all 
arm-none-eabi-size  line_follower.elf 
   text	   data	    bss	    dec	    hex	filename
  46956	    508	   2532	  49996	   c34c	line_follower.elf
Finished building: default.size.stdout
 
20:13:11 **** Incremental Build of configuration Debug for project line_follower ****
make -j12 all 
arm-none-eabi-gcc "../Core/Src/sensor_module.c" -mcpu=cortex-m4 -std=gnu11 -g3 -DDEBUG -DUSE_HAL_DRIVER -DSTM32F411xE -c -I../Core/Inc -I../Drivers/STM32F4xx_HAL_Driver/Inc -I../Drivers/STM32F4xx_HAL_Driver/Inc/Legacy -I../Drivers/CMSIS/Device/ST/STM32F4xx/Include -I../Drivers/CMSIS/Include -O0 -ffunction-sections -fdata-sections -Wall -fstack-usage -fcyclomatic-complexity -MMD -MP -MF"Core/Src/sensor_module.d" -MT"Core/Src/sensor_module.o" --specs=nano.specs -mfpu=fpv4-sp-d16 -mfloat-abi=hard -mthumb -o "Core/Src/sensor_module.o"
arm-none-eabi-gcc "../Core/Src/utils.c" -mcpu=cortex-m4 -std=gnu11 -g3 -DDEBUG -DUSE_HAL_DRIVER -DSTM32F411xE -c -I../Core/Inc -I../Drivers/STM32F4xx_HAL_Driver/Inc -I../Drivers/STM32F4xx_HAL_Driver/Inc/Legacy -I../Drivers/CMSIS/Device/ST/STM32F4xx/Include -I../Drivers/CMSIS/Include -O0 -ffunction-sections -fdata-sections -Wall -fstack-usage -fcyclomatic-complexity -MMD -MP -MF"Core/Src/utils.d" -MT"Core/Src/utils.o" --specs=nano.specs -mfpu=fpv4-sp-d16 -mfloat-abi=hard -mthumb -o "Core/Src/utils.o"
arm-none-eabi-gcc -o "line_follower.elf" @"objects.list"   -mcpu=cortex-m4 -T"C:\Users\7_wick\flf_workspace\line_follower\STM32F411CEUX_FLASH.ld" --specs=nosys.specs -Wl,-Map="line_follower.map" -Wl,--gc-sections -static -u _scanf_float -u _printf_float --specs=nano.specs -mfpu=fpv4-sp-d16 -mfloat-abi=hard -mthumb -Wl,--start-group -lc -lm -Wl,--end-group
Finished building target: line_follower.elf
 
arm-none-eabi-size  line_follower.elf 
arm-none-eabi-objdump -h -S line_follower.elf  > "line_follower.list"
   text	   data	    bss	    dec	    hex	filename
  46956	    508	   2532	  49996	   c34c	line_follower.elf
Finished building: default.size.stdout
 
Finished building: line_follower.list
 
20:13:38 **** Incremental Build of configuration Debug for project line_follower ****
make -j12 all 
arm-none-eabi-size  line_follower.elf 
   text	   data	    bss	    dec	    hex	filename
  46956	    508	   2532	  49996	   c34c	line_follower.elf
Finished building: default.size.stdout
 
20:14:48 **** Incremental Build of configuration Debug for project line_follower ****
make -j12 all 
arm-none-eabi-gcc "../Core/Src/sensor_module.c" -mcpu=cortex-m4 -std=gnu11 -g3 -DDEBUG -DUSE_HAL_DRIVER -DSTM32F411xE -c -I../Core/Inc -I../Drivers/STM32F4xx_HAL_Driver/Inc -I../Drivers/STM32F4xx_HAL_Driver/Inc/Legacy -I../Drivers/CMSIS/Device/ST/STM32F4xx/Include -I../Drivers/CMSIS/Include -O0 -ffunction-sections -fdata-sections -Wall -fstack-usage -fcyclomatic-complexity -MMD -MP -MF"Core/Src/sensor_module.d" -MT"Core/Src/sensor_module.o" --specs=nano.specs -mfpu=fpv4-sp-d16 -mfloat-abi=hard -mthumb -o "Core/Src/sensor_module.o"
arm-none-eabi-gcc "../Core/Src/utils.c" -mcpu=cortex-m4 -std=gnu11 -g3 -DDEBUG -DUSE_HAL_DRIVER -DSTM32F411xE -c -I../Core/Inc -I../Drivers/STM32F4xx_HAL_Driver/Inc -I../Drivers/STM32F4xx_HAL_Driver/Inc/Legacy -I../Drivers/CMSIS/Device/ST/STM32F4xx/Include -I../Drivers/CMSIS/Include -O0 -ffunction-sections -fdata-sections -Wall -fstack-usage -fcyclomatic-complexity -MMD -MP -MF"Core/Src/utils.d" -MT"Core/Src/utils.o" --specs=nano.specs -mfpu=fpv4-sp-d16 -mfloat-abi=hard -mthumb -o "Core/Src/utils.o"
arm-none-eabi-gcc -o "line_follower.elf" @"objects.list"   -mcpu=cortex-m4 -T"C:\Users\7_wick\flf_workspace\line_follower\STM32F411CEUX_FLASH.ld" --specs=nosys.specs -Wl,-Map="line_follower.map" -Wl,--gc-sections -static -u _scanf_float -u _printf_float --specs=nano.specs -mfpu=fpv4-sp-d16 -mfloat-abi=hard -mthumb -Wl,--start-group -lc -lm -Wl,--end-group
Finished building target: line_follower.elf
 
arm-none-eabi-size  line_follower.elf 
arm-none-eabi-objdump -h -S line_follower.elf  > "line_follower.list"
   text	   data	    bss	    dec	    hex	filename
  46956	    508	   2532	  49996	   c34c	line_follower.elf
Finished building: default.size.stdout
 
Finished building: line_follower.list
 
20:35:24 **** Incremental Build of configuration Debug for project line_follower ****
make -j12 all 
arm-none-eabi-gcc "../Core/Src/main.c" -mcpu=cortex-m4 -std=gnu11 -g3 -DDEBUG -DUSE_HAL_DRIVER -DSTM32F411xE -c -I../Core/Inc -I../Drivers/STM32F4xx_HAL_Driver/Inc -I../Drivers/STM32F4xx_HAL_Driver/Inc/Legacy -I../Drivers/CMSIS/Device/ST/STM32F4xx/Include -I../Drivers/CMSIS/Include -O0 -ffunction-sections -fdata-sections -Wall -fstack-usage -fcyclomatic-complexity -MMD -MP -MF"Core/Src/main.d" -MT"Core/Src/main.o" --specs=nano.specs -mfpu=fpv4-sp-d16 -mfloat-abi=hard -mthumb -o "Core/Src/main.o"
arm-none-eabi-gcc "../Core/Src/sensor_module.c" -mcpu=cortex-m4 -std=gnu11 -g3 -DDEBUG -DUSE_HAL_DRIVER -DSTM32F411xE -c -I../Core/Inc -I../Drivers/STM32F4xx_HAL_Driver/Inc -I../Drivers/STM32F4xx_HAL_Driver/Inc/Legacy -I../Drivers/CMSIS/Device/ST/STM32F4xx/Include -I../Drivers/CMSIS/Include -O0 -ffunction-sections -fdata-sections -Wall -fstack-usage -fcyclomatic-complexity -MMD -MP -MF"Core/Src/sensor_module.d" -MT"Core/Src/sensor_module.o" --specs=nano.specs -mfpu=fpv4-sp-d16 -mfloat-abi=hard -mthumb -o "Core/Src/sensor_module.o"
arm-none-eabi-gcc "../Core/Src/utils.c" -mcpu=cortex-m4 -std=gnu11 -g3 -DDEBUG -DUSE_HAL_DRIVER -DSTM32F411xE -c -I../Core/Inc -I../Drivers/STM32F4xx_HAL_Driver/Inc -I../Drivers/STM32F4xx_HAL_Driver/Inc/Legacy -I../Drivers/CMSIS/Device/ST/STM32F4xx/Include -I../Drivers/CMSIS/Include -O0 -ffunction-sections -fdata-sections -Wall -fstack-usage -fcyclomatic-complexity -MMD -MP -MF"Core/Src/utils.d" -MT"Core/Src/utils.o" --specs=nano.specs -mfpu=fpv4-sp-d16 -mfloat-abi=hard -mthumb -o "Core/Src/utils.o"
arm-none-eabi-gcc -o "line_follower.elf" @"objects.list"   -mcpu=cortex-m4 -T"C:\Users\7_wick\flf_workspace\line_follower\STM32F411CEUX_FLASH.ld" --specs=nosys.specs -Wl,-Map="line_follower.map" -Wl,--gc-sections -static -u _scanf_float -u _printf_float --specs=nano.specs -mfpu=fpv4-sp-d16 -mfloat-abi=hard -mthumb -Wl,--start-group -lc -lm -Wl,--end-group
Finished building target: line_follower.elf
 
arm-none-eabi-size  line_follower.elf 
arm-none-eabi-objdump -h -S line_follower.elf  > "line_follower.list"
   text	   data	    bss	    dec	    hex	filename
  46964	    508	   2532	  50004	   c354	line_follower.elf
Finished building: default.size.stdout
 
Finished building: line_follower.list
 
20:38:55 **** Incremental Build of configuration Debug for project line_follower ****
make -j12 all 
arm-none-eabi-size  line_follower.elf 
   text	   data	    bss	    dec	    hex	filename
  46964	    508	   2532	  50004	   c354	line_follower.elf
Finished building: default.size.stdout
 
20:42:16 **** Incremental Build of configuration Debug for project line_follower ****
make -j12 all 
arm-none-eabi-size  line_follower.elf 
   text	   data	    bss	    dec	    hex	filename
  46964	    508	   2532	  50004	   c354	line_follower.elf
Finished building: default.size.stdout
 
20:43:08 **** Incremental Build of configuration Debug for project line_follower ****
make -j12 all 
arm-none-eabi-size  line_follower.elf 
   text	   data	    bss	    dec	    hex	filename
  46964	    508	   2532	  50004	   c354	line_follower.elf
Finished building: default.size.stdout
 
20:43:41 **** Incremental Build of configuration Debug for project line_follower ****
make -j12 all 
arm-none-eabi-size  line_follower.elf 
   text	   data	    bss	    dec	    hex	filename
  46964	    508	   2532	  50004	   c354	line_follower.elf
Finished building: default.size.stdout
 
20:56:35 **** Incremental Build of configuration Debug for project line_follower ****
make -j12 all 
arm-none-eabi-gcc "../Core/Src/main.c" -mcpu=cortex-m4 -std=gnu11 -g3 -DDEBUG -DUSE_HAL_DRIVER -DSTM32F411xE -c -I../Core/Inc -I../Drivers/STM32F4xx_HAL_Driver/Inc -I../Drivers/STM32F4xx_HAL_Driver/Inc/Legacy -I../Drivers/CMSIS/Device/ST/STM32F4xx/Include -I../Drivers/CMSIS/Include -O0 -ffunction-sections -fdata-sections -Wall -fstack-usage -fcyclomatic-complexity -MMD -MP -MF"Core/Src/main.d" -MT"Core/Src/main.o" --specs=nano.specs -mfpu=fpv4-sp-d16 -mfloat-abi=hard -mthumb -o "Core/Src/main.o"
arm-none-eabi-gcc "../Core/Src/utils.c" -mcpu=cortex-m4 -std=gnu11 -g3 -DDEBUG -DUSE_HAL_DRIVER -DSTM32F411xE -c -I../Core/Inc -I../Drivers/STM32F4xx_HAL_Driver/Inc -I../Drivers/STM32F4xx_HAL_Driver/Inc/Legacy -I../Drivers/CMSIS/Device/ST/STM32F4xx/Include -I../Drivers/CMSIS/Include -O0 -ffunction-sections -fdata-sections -Wall -fstack-usage -fcyclomatic-complexity -MMD -MP -MF"Core/Src/utils.d" -MT"Core/Src/utils.o" --specs=nano.specs -mfpu=fpv4-sp-d16 -mfloat-abi=hard -mthumb -o "Core/Src/utils.o"
arm-none-eabi-gcc -o "line_follower.elf" @"objects.list"   -mcpu=cortex-m4 -T"C:\Users\7_wick\flf_workspace\line_follower\STM32F411CEUX_FLASH.ld" --specs=nosys.specs -Wl,-Map="line_follower.map" -Wl,--gc-sections -static -u _scanf_float -u _printf_float --specs=nano.specs -mfpu=fpv4-sp-d16 -mfloat-abi=hard -mthumb -Wl,--start-group -lc -lm -Wl,--end-group
Finished building target: line_follower.elf
 
arm-none-eabi-size  line_follower.elf 
arm-none-eabi-objdump -h -S line_follower.elf  > "line_follower.list"
   text	   data	    bss	    dec	    hex	filename
  46964	    508	   2532	  50004	   c354	line_follower.elf
Finished building: default.size.stdout
 
Finished building: line_follower.list
 
20:56:57 **** Incremental Build of configuration Debug for project line_follower ****
make -j12 all 
arm-none-eabi-size  line_follower.elf 
   text	   data	    bss	    dec	    hex	filename
  46964	    508	   2532	  50004	   c354	line_follower.elf
Finished building: default.size.stdout
 
20:58:04 **** Incremental Build of configuration Debug for project line_follower ****
make -j12 all 
arm-none-eabi-gcc "../Core/Src/utils.c" -mcpu=cortex-m4 -std=gnu11 -g3 -DDEBUG -DUSE_HAL_DRIVER -DSTM32F411xE -c -I../Core/Inc -I../Drivers/STM32F4xx_HAL_Driver/Inc -I../Drivers/STM32F4xx_HAL_Driver/Inc/Legacy -I../Drivers/CMSIS/Device/ST/STM32F4xx/Include -I../Drivers/CMSIS/Include -O0 -ffunction-sections -fdata-sections -Wall -fstack-usage -fcyclomatic-complexity -MMD -MP -MF"Core/Src/utils.d" -MT"Core/Src/utils.o" --specs=nano.specs -mfpu=fpv4-sp-d16 -mfloat-abi=hard -mthumb -o "Core/Src/utils.o"
arm-none-eabi-gcc -o "line_follower.elf" @"objects.list"   -mcpu=cortex-m4 -T"C:\Users\7_wick\flf_workspace\line_follower\STM32F411CEUX_FLASH.ld" --specs=nosys.specs -Wl,-Map="line_follower.map" -Wl,--gc-sections -static -u _scanf_float -u _printf_float --specs=nano.specs -mfpu=fpv4-sp-d16 -mfloat-abi=hard -mthumb -Wl,--start-group -lc -lm -Wl,--end-group
Finished building target: line_follower.elf
 
arm-none-eabi-size  line_follower.elf 
arm-none-eabi-objdump -h -S line_follower.elf  > "line_follower.list"
   text	   data	    bss	    dec	    hex	filename
  46948	    508	   2532	  49988	   c344	line_follower.elf
Finished building: default.size.stdout
 
Finished building: line_follower.list
 
20:58:26 **** Incremental Build of configuration Debug for project line_follower ****
make -j12 all 
arm-none-eabi-size  line_follower.elf 
   text	   data	    bss	    dec	    hex	filename
  46948	    508	   2532	  49988	   c344	line_follower.elf
Finished building: default.size.stdout
 
20:58:44 **** Incremental Build of configuration Debug for project line_follower ****
make -j12 all 
arm-none-eabi-size  line_follower.elf 
   text	   data	    bss	    dec	    hex	filename
  46948	    508	   2532	  49988	   c344	line_follower.elf
Finished building: default.size.stdout
 
20:59:10 **** Incremental Build of configuration Debug for project line_follower ****
make -j12 all 
arm-none-eabi-size  line_follower.elf 
   text	   data	    bss	    dec	    hex	filename
  46948	    508	   2532	  49988	   c344	line_follower.elf
Finished building: default.size.stdout
 
20:59:40 **** Incremental Build of configuration Debug for project line_follower ****
make -j12 all 
arm-none-eabi-size  line_follower.elf 
   text	   data	    bss	    dec	    hex	filename
  46948	    508	   2532	  49988	   c344	line_follower.elf
Finished building: default.size.stdout
 
21:57:27 **** Incremental Build of configuration Debug for project line_follower ****
make -j12 all 
arm-none-eabi-gcc "../Core/Src/main.c" -mcpu=cortex-m4 -std=gnu11 -g3 -DDEBUG -DUSE_HAL_DRIVER -DSTM32F411xE -c -I../Core/Inc -I../Drivers/STM32F4xx_HAL_Driver/Inc -I../Drivers/STM32F4xx_HAL_Driver/Inc/Legacy -I../Drivers/CMSIS/Device/ST/STM32F4xx/Include -I../Drivers/CMSIS/Include -O0 -ffunction-sections -fdata-sections -Wall -fstack-usage -fcyclomatic-complexity -MMD -MP -MF"Core/Src/main.d" -MT"Core/Src/main.o" --specs=nano.specs -mfpu=fpv4-sp-d16 -mfloat-abi=hard -mthumb -o "Core/Src/main.o"
arm-none-eabi-gcc -o "line_follower.elf" @"objects.list"   -mcpu=cortex-m4 -T"C:\Users\7_wick\flf_workspace\line_follower\STM32F411CEUX_FLASH.ld" --specs=nosys.specs -Wl,-Map="line_follower.map" -Wl,--gc-sections -static -u _scanf_float -u _printf_float --specs=nano.specs -mfpu=fpv4-sp-d16 -mfloat-abi=hard -mthumb -Wl,--start-group -lc -lm -Wl,--end-group
Finished building target: line_follower.elf
 
arm-none-eabi-size  line_follower.elf 
arm-none-eabi-objdump -h -S line_follower.elf  > "line_follower.list"
   text	   data	    bss	    dec	    hex	filename
  46996	    508	   2532	  50036	   c374	line_follower.elf
Finished building: default.size.stdout
 
Finished building: line_follower.list
 
21:57:58 **** Incremental Build of configuration Debug for project line_follower ****
make -j12 all 
arm-none-eabi-size  line_follower.elf 
   text	   data	    bss	    dec	    hex	filename
  46996	    508	   2532	  50036	   c374	line_follower.elf
Finished building: default.size.stdout
 
21:58:15 **** Incremental Build of configuration Debug for project line_follower ****
make -j12 all 
arm-none-eabi-size  line_follower.elf 
   text	   data	    bss	    dec	    hex	filename
  46996	    508	   2532	  50036	   c374	line_follower.elf
Finished building: default.size.stdout
 
22:03:47 **** Incremental Build of configuration Debug for project line_follower ****
make -j12 all 
arm-none-eabi-gcc "../Core/Src/main.c" -mcpu=cortex-m4 -std=gnu11 -g3 -DDEBUG -DUSE_HAL_DRIVER -DSTM32F411xE -c -I../Core/Inc -I../Drivers/STM32F4xx_HAL_Driver/Inc -I../Drivers/STM32F4xx_HAL_Driver/Inc/Legacy -I../Drivers/CMSIS/Device/ST/STM32F4xx/Include -I../Drivers/CMSIS/Include -O0 -ffunction-sections -fdata-sections -Wall -fstack-usage -fcyclomatic-complexity -MMD -MP -MF"Core/Src/main.d" -MT"Core/Src/main.o" --specs=nano.specs -mfpu=fpv4-sp-d16 -mfloat-abi=hard -mthumb -o "Core/Src/main.o"
arm-none-eabi-gcc -o "line_follower.elf" @"objects.list"   -mcpu=cortex-m4 -T"C:\Users\7_wick\flf_workspace\line_follower\STM32F411CEUX_FLASH.ld" --specs=nosys.specs -Wl,-Map="line_follower.map" -Wl,--gc-sections -static -u _scanf_float -u _printf_float --specs=nano.specs -mfpu=fpv4-sp-d16 -mfloat-abi=hard -mthumb -Wl,--start-group -lc -lm -Wl,--end-group
Finished building target: line_follower.elf
 
arm-none-eabi-size  line_follower.elf 
arm-none-eabi-objdump -h -S line_follower.elf  > "line_follower.list"
   text	   data	    bss	    dec	    hex	filename
  46996	    508	   2532	  50036	   c374	line_follower.elf
Finished building: default.size.stdout
 
Finished building: line_follower.list
 
22:04:07 **** Incremental Build of configuration Debug for project line_follower ****
make -j12 all 
arm-none-eabi-size  line_follower.elf 
   text	   data	    bss	    dec	    hex	filename
  46996	    508	   2532	  50036	   c374	line_follower.elf
Finished building: default.size.stdout
 
23:01:12 **** Incremental Build of configuration Debug for project line_follower ****
make -j12 all 
arm-none-eabi-gcc "../Core/Src/main.c" -mcpu=cortex-m4 -std=gnu11 -g3 -DDEBUG -DUSE_HAL_DRIVER -DSTM32F411xE -c -I../Core/Inc -I../Drivers/STM32F4xx_HAL_Driver/Inc -I../Drivers/STM32F4xx_HAL_Driver/Inc/Legacy -I../Drivers/CMSIS/Device/ST/STM32F4xx/Include -I../Drivers/CMSIS/Include -O0 -ffunction-sections -fdata-sections -Wall -fstack-usage -fcyclomatic-complexity -MMD -MP -MF"Core/Src/main.d" -MT"Core/Src/main.o" --specs=nano.specs -mfpu=fpv4-sp-d16 -mfloat-abi=hard -mthumb -o "Core/Src/main.o"
arm-none-eabi-gcc "../Core/Src/motor.c" -mcpu=cortex-m4 -std=gnu11 -g3 -DDEBUG -DUSE_HAL_DRIVER -DSTM32F411xE -c -I../Core/Inc -I../Drivers/STM32F4xx_HAL_Driver/Inc -I../Drivers/STM32F4xx_HAL_Driver/Inc/Legacy -I../Drivers/CMSIS/Device/ST/STM32F4xx/Include -I../Drivers/CMSIS/Include -O0 -ffunction-sections -fdata-sections -Wall -fstack-usage -fcyclomatic-complexity -MMD -MP -MF"Core/Src/motor.d" -MT"Core/Src/motor.o" --specs=nano.specs -mfpu=fpv4-sp-d16 -mfloat-abi=hard -mthumb -o "Core/Src/motor.o"
arm-none-eabi-gcc "../Core/Src/sensor_module.c" -mcpu=cortex-m4 -std=gnu11 -g3 -DDEBUG -DUSE_HAL_DRIVER -DSTM32F411xE -c -I../Core/Inc -I../Drivers/STM32F4xx_HAL_Driver/Inc -I../Drivers/STM32F4xx_HAL_Driver/Inc/Legacy -I../Drivers/CMSIS/Device/ST/STM32F4xx/Include -I../Drivers/CMSIS/Include -O0 -ffunction-sections -fdata-sections -Wall -fstack-usage -fcyclomatic-complexity -MMD -MP -MF"Core/Src/sensor_module.d" -MT"Core/Src/sensor_module.o" --specs=nano.specs -mfpu=fpv4-sp-d16 -mfloat-abi=hard -mthumb -o "Core/Src/sensor_module.o"
../Core/Src/main.c: In function 'main':
../Core/Src/main.c:286:69: error: 'sa' undeclared (first use in this function)
  286 |                                                                 if (sa->array[3].on == 1) {
      |                                                                     ^~
../Core/Src/main.c:286:69: note: each undeclared identifier is reported only once for each function it appears in
make: *** [Core/Src/subdir.mk:46: Core/Src/main.o] Error 1
make: *** Waiting for unfinished jobs....
"make -j12 all" terminated with exit code 2. Build might be incomplete.
23:02:06 **** Incremental Build of configuration Debug for project line_follower ****
make -j12 all 
arm-none-eabi-gcc "../Core/Src/main.c" -mcpu=cortex-m4 -std=gnu11 -g3 -DDEBUG -DUSE_HAL_DRIVER -DSTM32F411xE -c -I../Core/Inc -I../Drivers/STM32F4xx_HAL_Driver/Inc -I../Drivers/STM32F4xx_HAL_Driver/Inc/Legacy -I../Drivers/CMSIS/Device/ST/STM32F4xx/Include -I../Drivers/CMSIS/Include -O0 -ffunction-sections -fdata-sections -Wall -fstack-usage -fcyclomatic-complexity -MMD -MP -MF"Core/Src/main.d" -MT"Core/Src/main.o" --specs=nano.specs -mfpu=fpv4-sp-d16 -mfloat-abi=hard -mthumb -o "Core/Src/main.o"
../Core/Src/main.c: In function 'main':
../Core/Src/main.c:286:82: error: invalid type argument of '->' (have 'Sensor_Array')
  286 |                                                                 if (&sensor_array->array[3].on == 1) {
      |                                                                                  ^~
../Core/Src/main.c:300:82: error: invalid type argument of '->' (have 'Sensor_Array')
  300 |                                                                 if (&sensor_array->array[4].on == 1) {
      |                                                                                  ^~
make: *** [Core/Src/subdir.mk:46: Core/Src/main.o] Error 1
"make -j12 all" terminated with exit code 2. Build might be incomplete.
23:02:51 **** Incremental Build of configuration Debug for project line_follower ****
make -j12 all 
arm-none-eabi-gcc "../Core/Src/main.c" -mcpu=cortex-m4 -std=gnu11 -g3 -DDEBUG -DUSE_HAL_DRIVER -DSTM32F411xE -c -I../Core/Inc -I../Drivers/STM32F4xx_HAL_Driver/Inc -I../Drivers/STM32F4xx_HAL_Driver/Inc/Legacy -I../Drivers/CMSIS/Device/ST/STM32F4xx/Include -I../Drivers/CMSIS/Include -O0 -ffunction-sections -fdata-sections -Wall -fstack-usage -fcyclomatic-complexity -MMD -MP -MF"Core/Src/main.d" -MT"Core/Src/main.o" --specs=nano.specs -mfpu=fpv4-sp-d16 -mfloat-abi=hard -mthumb -o "Core/Src/main.o"
arm-none-eabi-gcc -o "line_follower.elf" @"objects.list"   -mcpu=cortex-m4 -T"C:\Users\7_wick\flf_workspace\line_follower\STM32F411CEUX_FLASH.ld" --specs=nosys.specs -Wl,-Map="line_follower.map" -Wl,--gc-sections -static -u _scanf_float -u _printf_float --specs=nano.specs -mfpu=fpv4-sp-d16 -mfloat-abi=hard -mthumb -Wl,--start-group -lc -lm -Wl,--end-group
Finished building target: line_follower.elf
 
arm-none-eabi-size  line_follower.elf 
arm-none-eabi-objdump -h -S line_follower.elf  > "line_follower.list"
   text	   data	    bss	    dec	    hex	filename
  47204	    508	   2532	  50244	   c444	line_follower.elf
Finished building: default.size.stdout
 
Finished building: line_follower.list
 
23:08:49 **** Incremental Build of configuration Debug for project line_follower ****
make -j12 all 
arm-none-eabi-gcc "../Core/Src/main.c" -mcpu=cortex-m4 -std=gnu11 -g3 -DDEBUG -DUSE_HAL_DRIVER -DSTM32F411xE -c -I../Core/Inc -I../Drivers/STM32F4xx_HAL_Driver/Inc -I../Drivers/STM32F4xx_HAL_Driver/Inc/Legacy -I../Drivers/CMSIS/Device/ST/STM32F4xx/Include -I../Drivers/CMSIS/Include -O0 -ffunction-sections -fdata-sections -Wall -fstack-usage -fcyclomatic-complexity -MMD -MP -MF"Core/Src/main.d" -MT"Core/Src/main.o" --specs=nano.specs -mfpu=fpv4-sp-d16 -mfloat-abi=hard -mthumb -o "Core/Src/main.o"
arm-none-eabi-gcc "../Core/Src/motor.c" -mcpu=cortex-m4 -std=gnu11 -g3 -DDEBUG -DUSE_HAL_DRIVER -DSTM32F411xE -c -I../Core/Inc -I../Drivers/STM32F4xx_HAL_Driver/Inc -I../Drivers/STM32F4xx_HAL_Driver/Inc/Legacy -I../Drivers/CMSIS/Device/ST/STM32F4xx/Include -I../Drivers/CMSIS/Include -O0 -ffunction-sections -fdata-sections -Wall -fstack-usage -fcyclomatic-complexity -MMD -MP -MF"Core/Src/motor.d" -MT"Core/Src/motor.o" --specs=nano.specs -mfpu=fpv4-sp-d16 -mfloat-abi=hard -mthumb -o "Core/Src/motor.o"
../Core/Src/main.c: In function 'main':
../Core/Src/main.c:279:56: error: 'sa' undeclared (first use in this function)
  279 |                                                 if ((( sa->array[6].on == 1 && sa->array[7].on == 1 ) || ( sa->array[6].on == 1 && sa->array[7].on == 1 && sa->array[5].on == 1 )) && (sa->array[0].on + sa->array[1].on + sa->array[2].on + sa->array[3].on + sa->array[4].on) == 0)
      |                                                        ^~
../Core/Src/main.c:279:56: note: each undeclared identifier is reported only once for each function it appears in
make: *** [Core/Src/subdir.mk:46: Core/Src/main.o] Error 1
make: *** Waiting for unfinished jobs....
"make -j12 all" terminated with exit code 2. Build might be incomplete.
23:15:35 **** Incremental Build of configuration Debug for project line_follower ****
make -j12 all 
arm-none-eabi-gcc "../Core/Src/main.c" -mcpu=cortex-m4 -std=gnu11 -g3 -DDEBUG -DUSE_HAL_DRIVER -DSTM32F411xE -c -I../Core/Inc -I../Drivers/STM32F4xx_HAL_Driver/Inc -I../Drivers/STM32F4xx_HAL_Driver/Inc/Legacy -I../Drivers/CMSIS/Device/ST/STM32F4xx/Include -I../Drivers/CMSIS/Include -O0 -ffunction-sections -fdata-sections -Wall -fstack-usage -fcyclomatic-complexity -MMD -MP -MF"Core/Src/main.d" -MT"Core/Src/main.o" --specs=nano.specs -mfpu=fpv4-sp-d16 -mfloat-abi=hard -mthumb -o "Core/Src/main.o"
arm-none-eabi-gcc "../Core/Src/motor.c" -mcpu=cortex-m4 -std=gnu11 -g3 -DDEBUG -DUSE_HAL_DRIVER -DSTM32F411xE -c -I../Core/Inc -I../Drivers/STM32F4xx_HAL_Driver/Inc -I../Drivers/STM32F4xx_HAL_Driver/Inc/Legacy -I../Drivers/CMSIS/Device/ST/STM32F4xx/Include -I../Drivers/CMSIS/Include -O0 -ffunction-sections -fdata-sections -Wall -fstack-usage -fcyclomatic-complexity -MMD -MP -MF"Core/Src/motor.d" -MT"Core/Src/motor.o" --specs=nano.specs -mfpu=fpv4-sp-d16 -mfloat-abi=hard -mthumb -o "Core/Src/motor.o"
arm-none-eabi-gcc "../Core/Src/sensor_module.c" -mcpu=cortex-m4 -std=gnu11 -g3 -DDEBUG -DUSE_HAL_DRIVER -DSTM32F411xE -c -I../Core/Inc -I../Drivers/STM32F4xx_HAL_Driver/Inc -I../Drivers/STM32F4xx_HAL_Driver/Inc/Legacy -I../Drivers/CMSIS/Device/ST/STM32F4xx/Include -I../Drivers/CMSIS/Include -O0 -ffunction-sections -fdata-sections -Wall -fstack-usage -fcyclomatic-complexity -MMD -MP -MF"Core/Src/sensor_module.d" -MT"Core/Src/sensor_module.o" --specs=nano.specs -mfpu=fpv4-sp-d16 -mfloat-abi=hard -mthumb -o "Core/Src/sensor_module.o"
../Core/Src/motor.c: In function 'turn_jugaad':
../Core/Src/motor.c:60:39: error: 'sensor_array' undeclared (first use in this function); did you mean 'Sensor_Array'?
   60 |                         Sync_Sensors(&sensor_array);
      |                                       ^~~~~~~~~~~~
      |                                       Sensor_Array
../Core/Src/motor.c:60:39: note: each undeclared identifier is reported only once for each function it appears in
make: *** [Core/Src/subdir.mk:46: Core/Src/motor.o] Error 1
make: *** Waiting for unfinished jobs....
"make -j12 all" terminated with exit code 2. Build might be incomplete.
23:17:22 **** Incremental Build of configuration Debug for project line_follower ****
make -j12 all 
arm-none-eabi-gcc "../Core/Src/motor.c" -mcpu=cortex-m4 -std=gnu11 -g3 -DDEBUG -DUSE_HAL_DRIVER -DSTM32F411xE -c -I../Core/Inc -I../Drivers/STM32F4xx_HAL_Driver/Inc -I../Drivers/STM32F4xx_HAL_Driver/Inc/Legacy -I../Drivers/CMSIS/Device/ST/STM32F4xx/Include -I../Drivers/CMSIS/Include -O0 -ffunction-sections -fdata-sections -Wall -fstack-usage -fcyclomatic-complexity -MMD -MP -MF"Core/Src/motor.d" -MT"Core/Src/motor.o" --specs=nano.specs -mfpu=fpv4-sp-d16 -mfloat-abi=hard -mthumb -o "Core/Src/motor.o"
arm-none-eabi-gcc -o "line_follower.elf" @"objects.list"   -mcpu=cortex-m4 -T"C:\Users\7_wick\flf_workspace\line_follower\STM32F411CEUX_FLASH.ld" --specs=nosys.specs -Wl,-Map="line_follower.map" -Wl,--gc-sections -static -u _scanf_float -u _printf_float --specs=nano.specs -mfpu=fpv4-sp-d16 -mfloat-abi=hard -mthumb -Wl,--start-group -lc -lm -Wl,--end-group
Finished building target: line_follower.elf
 
arm-none-eabi-size  line_follower.elf 
arm-none-eabi-objdump -h -S line_follower.elf  > "line_follower.list"
   text	   data	    bss	    dec	    hex	filename
  47380	    508	   2532	  50420	   c4f4	line_follower.elf
Finished building: default.size.stdout
 
Finished building: line_follower.list
 
23:17:51 **** Incremental Build of configuration Debug for project line_follower ****
make -j12 all 
arm-none-eabi-size  line_follower.elf 
   text	   data	    bss	    dec	    hex	filename
  47380	    508	   2532	  50420	   c4f4	line_follower.elf
Finished building: default.size.stdout
 
23:18:07 **** Incremental Build of configuration Debug for project line_follower ****
make -j12 all 
arm-none-eabi-size  line_follower.elf 
   text	   data	    bss	    dec	    hex	filename
  47380	    508	   2532	  50420	   c4f4	line_follower.elf
Finished building: default.size.stdout
 
23:21:41 **** Incremental Build of configuration Debug for project line_follower ****
make -j12 all 
arm-none-eabi-gcc "../Core/Src/main.c" -mcpu=cortex-m4 -std=gnu11 -g3 -DDEBUG -DUSE_HAL_DRIVER -DSTM32F411xE -c -I../Core/Inc -I../Drivers/STM32F4xx_HAL_Driver/Inc -I../Drivers/STM32F4xx_HAL_Driver/Inc/Legacy -I../Drivers/CMSIS/Device/ST/STM32F4xx/Include -I../Drivers/CMSIS/Include -O0 -ffunction-sections -fdata-sections -Wall -fstack-usage -fcyclomatic-complexity -MMD -MP -MF"Core/Src/main.d" -MT"Core/Src/main.o" --specs=nano.specs -mfpu=fpv4-sp-d16 -mfloat-abi=hard -mthumb -o "Core/Src/main.o"
arm-none-eabi-gcc -o "line_follower.elf" @"objects.list"   -mcpu=cortex-m4 -T"C:\Users\7_wick\flf_workspace\line_follower\STM32F411CEUX_FLASH.ld" --specs=nosys.specs -Wl,-Map="line_follower.map" -Wl,--gc-sections -static -u _scanf_float -u _printf_float --specs=nano.specs -mfpu=fpv4-sp-d16 -mfloat-abi=hard -mthumb -Wl,--start-group -lc -lm -Wl,--end-group
Finished building target: line_follower.elf
 
arm-none-eabi-size  line_follower.elf 
arm-none-eabi-objdump -h -S line_follower.elf  > "line_follower.list"
   text	   data	    bss	    dec	    hex	filename
  46996	    508	   2532	  50036	   c374	line_follower.elf
Finished building: default.size.stdout
 
Finished building: line_follower.list
 
23:22:10 **** Incremental Build of configuration Debug for project line_follower ****
make -j12 all 
arm-none-eabi-size  line_follower.elf 
   text	   data	    bss	    dec	    hex	filename
  46996	    508	   2532	  50036	   c374	line_follower.elf
Finished building: default.size.stdout
 
23:25:11 **** Incremental Build of configuration Debug for project line_follower ****
make -j12 all 
arm-none-eabi-gcc "../Core/Src/main.c" -mcpu=cortex-m4 -std=gnu11 -g3 -DDEBUG -DUSE_HAL_DRIVER -DSTM32F411xE -c -I../Core/Inc -I../Drivers/STM32F4xx_HAL_Driver/Inc -I../Drivers/STM32F4xx_HAL_Driver/Inc/Legacy -I../Drivers/CMSIS/Device/ST/STM32F4xx/Include -I../Drivers/CMSIS/Include -O0 -ffunction-sections -fdata-sections -Wall -fstack-usage -fcyclomatic-complexity -MMD -MP -MF"Core/Src/main.d" -MT"Core/Src/main.o" --specs=nano.specs -mfpu=fpv4-sp-d16 -mfloat-abi=hard -mthumb -o "Core/Src/main.o"
../Core/Src/main.c: In function 'main':
../Core/Src/main.c:280:49: error: implicit declaration of function 'HAL_DELAY'; did you mean 'HAL_Delay'? [-Wimplicit-function-declaration]
  280 |                                                 HAL_DELAY(20);
      |                                                 ^~~~~~~~~
      |                                                 HAL_Delay
make: *** [Core/Src/subdir.mk:46: Core/Src/main.o] Error 1
"make -j12 all" terminated with exit code 2. Build might be incomplete.
23:26:13 **** Incremental Build of configuration Debug for project line_follower ****
make -j12 all 
arm-none-eabi-gcc "../Core/Src/main.c" -mcpu=cortex-m4 -std=gnu11 -g3 -DDEBUG -DUSE_HAL_DRIVER -DSTM32F411xE -c -I../Core/Inc -I../Drivers/STM32F4xx_HAL_Driver/Inc -I../Drivers/STM32F4xx_HAL_Driver/Inc/Legacy -I../Drivers/CMSIS/Device/ST/STM32F4xx/Include -I../Drivers/CMSIS/Include -O0 -ffunction-sections -fdata-sections -Wall -fstack-usage -fcyclomatic-complexity -MMD -MP -MF"Core/Src/main.d" -MT"Core/Src/main.o" --specs=nano.specs -mfpu=fpv4-sp-d16 -mfloat-abi=hard -mthumb -o "Core/Src/main.o"
arm-none-eabi-gcc -o "line_follower.elf" @"objects.list"   -mcpu=cortex-m4 -T"C:\Users\7_wick\flf_workspace\line_follower\STM32F411CEUX_FLASH.ld" --specs=nosys.specs -Wl,-Map="line_follower.map" -Wl,--gc-sections -static -u _scanf_float -u _printf_float --specs=nano.specs -mfpu=fpv4-sp-d16 -mfloat-abi=hard -mthumb -Wl,--start-group -lc -lm -Wl,--end-group
Finished building target: line_follower.elf
 
arm-none-eabi-size  line_follower.elf 
arm-none-eabi-objdump -h -S line_follower.elf  > "line_follower.list"
   text	   data	    bss	    dec	    hex	filename
  47004	    508	   2532	  50044	   c37c	line_follower.elf
Finished building: default.size.stdout
 
Finished building: line_follower.list
 
23:31:23 **** Incremental Build of configuration Debug for project line_follower ****
make -j12 all 
arm-none-eabi-gcc "../Core/Src/main.c" -mcpu=cortex-m4 -std=gnu11 -g3 -DDEBUG -DUSE_HAL_DRIVER -DSTM32F411xE -c -I../Core/Inc -I../Drivers/STM32F4xx_HAL_Driver/Inc -I../Drivers/STM32F4xx_HAL_Driver/Inc/Legacy -I../Drivers/CMSIS/Device/ST/STM32F4xx/Include -I../Drivers/CMSIS/Include -O0 -ffunction-sections -fdata-sections -Wall -fstack-usage -fcyclomatic-complexity -MMD -MP -MF"Core/Src/main.d" -MT"Core/Src/main.o" --specs=nano.specs -mfpu=fpv4-sp-d16 -mfloat-abi=hard -mthumb -o "Core/Src/main.o"
arm-none-eabi-gcc "../Core/Src/sensor_module.c" -mcpu=cortex-m4 -std=gnu11 -g3 -DDEBUG -DUSE_HAL_DRIVER -DSTM32F411xE -c -I../Core/Inc -I../Drivers/STM32F4xx_HAL_Driver/Inc -I../Drivers/STM32F4xx_HAL_Driver/Inc/Legacy -I../Drivers/CMSIS/Device/ST/STM32F4xx/Include -I../Drivers/CMSIS/Include -O0 -ffunction-sections -fdata-sections -Wall -fstack-usage -fcyclomatic-complexity -MMD -MP -MF"Core/Src/sensor_module.d" -MT"Core/Src/sensor_module.o" --specs=nano.specs -mfpu=fpv4-sp-d16 -mfloat-abi=hard -mthumb -o "Core/Src/sensor_module.o"
arm-none-eabi-gcc -o "line_follower.elf" @"objects.list"   -mcpu=cortex-m4 -T"C:\Users\7_wick\flf_workspace\line_follower\STM32F411CEUX_FLASH.ld" --specs=nosys.specs -Wl,-Map="line_follower.map" -Wl,--gc-sections -static -u _scanf_float -u _printf_float --specs=nano.specs -mfpu=fpv4-sp-d16 -mfloat-abi=hard -mthumb -Wl,--start-group -lc -lm -Wl,--end-group
Finished building target: line_follower.elf
 
arm-none-eabi-size  line_follower.elf 
arm-none-eabi-objdump -h -S line_follower.elf  > "line_follower.list"
   text	   data	    bss	    dec	    hex	filename
  47004	    508	   2532	  50044	   c37c	line_follower.elf
Finished building: default.size.stdout
 
Finished building: line_follower.list
 
23:57:46 **** Incremental Build of configuration Debug for project line_follower ****
make -j12 all 
arm-none-eabi-size  line_follower.elf 
   text	   data	    bss	    dec	    hex	filename
  47004	    508	   2532	  50044	   c37c	line_follower.elf
Finished building: default.size.stdout
 
00:23:37 **** Incremental Build of configuration Debug for project line_follower ****
make -j12 all 
arm-none-eabi-gcc "../Core/Src/main.c" -mcpu=cortex-m4 -std=gnu11 -g3 -DDEBUG -DUSE_HAL_DRIVER -DSTM32F411xE -c -I../Core/Inc -I../Drivers/STM32F4xx_HAL_Driver/Inc -I../Drivers/STM32F4xx_HAL_Driver/Inc/Legacy -I../Drivers/CMSIS/Device/ST/STM32F4xx/Include -I../Drivers/CMSIS/Include -O0 -ffunction-sections -fdata-sections -Wall -fstack-usage -fcyclomatic-complexity -MMD -MP -MF"Core/Src/main.d" -MT"Core/Src/main.o" --specs=nano.specs -mfpu=fpv4-sp-d16 -mfloat-abi=hard -mthumb -o "Core/Src/main.o"
../Core/Src/main.c: In function 'main':
../Core/Src/main.c:276:75: warning: suggest parentheses around '&&' within '||' [-Wparentheses]
  276 |                                         if (sensor_array.array[8].on == 0 && (sensor_array.array[2].on == 1 && sensor_array.array[3].on == 1)||(sensor_array.array[4].on == 1 && sensor_array.array[5].on == 1))
      |                                             ~~~~~~~~~~~~~~~~~~~~~~~~~~~~~~^~~~~~~~~~~~~~~~~~~~~~~~~~~~~~~~~~~~~~~~~~~~~~~~~~~~~~~~~~~~~~~~~~~
arm-none-eabi-gcc -o "line_follower.elf" @"objects.list"   -mcpu=cortex-m4 -T"C:\Users\7_wick\flf_workspace\line_follower\STM32F411CEUX_FLASH.ld" --specs=nosys.specs -Wl,-Map="line_follower.map" -Wl,--gc-sections -static -u _scanf_float -u _printf_float --specs=nano.specs -mfpu=fpv4-sp-d16 -mfloat-abi=hard -mthumb -Wl,--start-group -lc -lm -Wl,--end-group
Finished building target: line_follower.elf
 
arm-none-eabi-size  line_follower.elf 
arm-none-eabi-objdump -h -S line_follower.elf  > "line_follower.list"
   text	   data	    bss	    dec	    hex	filename
  47044	    508	   2532	  50084	   c3a4	line_follower.elf
Finished building: default.size.stdout
 
Finished building: line_follower.list
 
00:24:49 **** Incremental Build of configuration Debug for project line_follower ****
make -j12 all 
arm-none-eabi-gcc "../Core/Src/main.c" -mcpu=cortex-m4 -std=gnu11 -g3 -DDEBUG -DUSE_HAL_DRIVER -DSTM32F411xE -c -I../Core/Inc -I../Drivers/STM32F4xx_HAL_Driver/Inc -I../Drivers/STM32F4xx_HAL_Driver/Inc/Legacy -I../Drivers/CMSIS/Device/ST/STM32F4xx/Include -I../Drivers/CMSIS/Include -O0 -ffunction-sections -fdata-sections -Wall -fstack-usage -fcyclomatic-complexity -MMD -MP -MF"Core/Src/main.d" -MT"Core/Src/main.o" --specs=nano.specs -mfpu=fpv4-sp-d16 -mfloat-abi=hard -mthumb -o "Core/Src/main.o"
arm-none-eabi-gcc -o "line_follower.elf" @"objects.list"   -mcpu=cortex-m4 -T"C:\Users\7_wick\flf_workspace\line_follower\STM32F411CEUX_FLASH.ld" --specs=nosys.specs -Wl,-Map="line_follower.map" -Wl,--gc-sections -static -u _scanf_float -u _printf_float --specs=nano.specs -mfpu=fpv4-sp-d16 -mfloat-abi=hard -mthumb -Wl,--start-group -lc -lm -Wl,--end-group
Finished building target: line_follower.elf
 
arm-none-eabi-size  line_follower.elf 
arm-none-eabi-objdump -h -S line_follower.elf  > "line_follower.list"
   text	   data	    bss	    dec	    hex	filename
  47044	    508	   2532	  50084	   c3a4	line_follower.elf
Finished building: default.size.stdout
 
Finished building: line_follower.list
 
00:25:33 **** Incremental Build of configuration Debug for project line_follower ****
make -j12 all 
arm-none-eabi-size  line_follower.elf 
   text	   data	    bss	    dec	    hex	filename
  47044	    508	   2532	  50084	   c3a4	line_follower.elf
Finished building: default.size.stdout
 
00:27:38 **** Incremental Build of configuration Debug for project line_follower ****
make -j12 all 
arm-none-eabi-gcc "../Core/Src/sensor_module.c" -mcpu=cortex-m4 -std=gnu11 -g3 -DDEBUG -DUSE_HAL_DRIVER -DSTM32F411xE -c -I../Core/Inc -I../Drivers/STM32F4xx_HAL_Driver/Inc -I../Drivers/STM32F4xx_HAL_Driver/Inc/Legacy -I../Drivers/CMSIS/Device/ST/STM32F4xx/Include -I../Drivers/CMSIS/Include -O0 -ffunction-sections -fdata-sections -Wall -fstack-usage -fcyclomatic-complexity -MMD -MP -MF"Core/Src/sensor_module.d" -MT"Core/Src/sensor_module.o" --specs=nano.specs -mfpu=fpv4-sp-d16 -mfloat-abi=hard -mthumb -o "Core/Src/sensor_module.o"
arm-none-eabi-gcc -o "line_follower.elf" @"objects.list"   -mcpu=cortex-m4 -T"C:\Users\7_wick\flf_workspace\line_follower\STM32F411CEUX_FLASH.ld" --specs=nosys.specs -Wl,-Map="line_follower.map" -Wl,--gc-sections -static -u _scanf_float -u _printf_float --specs=nano.specs -mfpu=fpv4-sp-d16 -mfloat-abi=hard -mthumb -Wl,--start-group -lc -lm -Wl,--end-group
Finished building target: line_follower.elf
 
arm-none-eabi-size  line_follower.elf 
arm-none-eabi-objdump -h -S line_follower.elf  > "line_follower.list"
   text	   data	    bss	    dec	    hex	filename
  47044	    508	   2532	  50084	   c3a4	line_follower.elf
Finished building: default.size.stdout
 
Finished building: line_follower.list
 
00:56:45 **** Incremental Build of configuration Debug for project line_follower ****
make -j12 all 
arm-none-eabi-gcc "../Core/Src/motor.c" -mcpu=cortex-m4 -std=gnu11 -g3 -DDEBUG -DUSE_HAL_DRIVER -DSTM32F411xE -c -I../Core/Inc -I../Drivers/STM32F4xx_HAL_Driver/Inc -I../Drivers/STM32F4xx_HAL_Driver/Inc/Legacy -I../Drivers/CMSIS/Device/ST/STM32F4xx/Include -I../Drivers/CMSIS/Include -O0 -ffunction-sections -fdata-sections -Wall -fstack-usage -fcyclomatic-complexity -MMD -MP -MF"Core/Src/motor.d" -MT"Core/Src/motor.o" --specs=nano.specs -mfpu=fpv4-sp-d16 -mfloat-abi=hard -mthumb -o "Core/Src/motor.o"
arm-none-eabi-gcc "../Core/Src/sensor_module.c" -mcpu=cortex-m4 -std=gnu11 -g3 -DDEBUG -DUSE_HAL_DRIVER -DSTM32F411xE -c -I../Core/Inc -I../Drivers/STM32F4xx_HAL_Driver/Inc -I../Drivers/STM32F4xx_HAL_Driver/Inc/Legacy -I../Drivers/CMSIS/Device/ST/STM32F4xx/Include -I../Drivers/CMSIS/Include -O0 -ffunction-sections -fdata-sections -Wall -fstack-usage -fcyclomatic-complexity -MMD -MP -MF"Core/Src/sensor_module.d" -MT"Core/Src/sensor_module.o" --specs=nano.specs -mfpu=fpv4-sp-d16 -mfloat-abi=hard -mthumb -o "Core/Src/sensor_module.o"
arm-none-eabi-gcc -o "line_follower.elf" @"objects.list"   -mcpu=cortex-m4 -T"C:\Users\7_wick\flf_workspace\line_follower\STM32F411CEUX_FLASH.ld" --specs=nosys.specs -Wl,-Map="line_follower.map" -Wl,--gc-sections -static -u _scanf_float -u _printf_float --specs=nano.specs -mfpu=fpv4-sp-d16 -mfloat-abi=hard -mthumb -Wl,--start-group -lc -lm -Wl,--end-group
Finished building target: line_follower.elf
 
arm-none-eabi-size  line_follower.elf 
arm-none-eabi-objdump -h -S line_follower.elf  > "line_follower.list"
   text	   data	    bss	    dec	    hex	filename
  47108	    508	   2532	  50148	   c3e4	line_follower.elf
Finished building: default.size.stdout
 
Finished building: line_follower.list
 
00:59:35 **** Incremental Build of configuration Debug for project line_follower ****
make -j12 all 
arm-none-eabi-gcc "../Core/Src/sensor_module.c" -mcpu=cortex-m4 -std=gnu11 -g3 -DDEBUG -DUSE_HAL_DRIVER -DSTM32F411xE -c -I../Core/Inc -I../Drivers/STM32F4xx_HAL_Driver/Inc -I../Drivers/STM32F4xx_HAL_Driver/Inc/Legacy -I../Drivers/CMSIS/Device/ST/STM32F4xx/Include -I../Drivers/CMSIS/Include -O0 -ffunction-sections -fdata-sections -Wall -fstack-usage -fcyclomatic-complexity -MMD -MP -MF"Core/Src/sensor_module.d" -MT"Core/Src/sensor_module.o" --specs=nano.specs -mfpu=fpv4-sp-d16 -mfloat-abi=hard -mthumb -o "Core/Src/sensor_module.o"
arm-none-eabi-gcc -o "line_follower.elf" @"objects.list"   -mcpu=cortex-m4 -T"C:\Users\7_wick\flf_workspace\line_follower\STM32F411CEUX_FLASH.ld" --specs=nosys.specs -Wl,-Map="line_follower.map" -Wl,--gc-sections -static -u _scanf_float -u _printf_float --specs=nano.specs -mfpu=fpv4-sp-d16 -mfloat-abi=hard -mthumb -Wl,--start-group -lc -lm -Wl,--end-group
Finished building target: line_follower.elf
 
arm-none-eabi-size  line_follower.elf 
arm-none-eabi-objdump -h -S line_follower.elf  > "line_follower.list"
   text	   data	    bss	    dec	    hex	filename
  47100	    508	   2532	  50140	   c3dc	line_follower.elf
Finished building: default.size.stdout
 
Finished building: line_follower.list
 
01:00:56 **** Incremental Build of configuration Debug for project line_follower ****
make -j12 all 
arm-none-eabi-gcc "../Core/Src/sensor_module.c" -mcpu=cortex-m4 -std=gnu11 -g3 -DDEBUG -DUSE_HAL_DRIVER -DSTM32F411xE -c -I../Core/Inc -I../Drivers/STM32F4xx_HAL_Driver/Inc -I../Drivers/STM32F4xx_HAL_Driver/Inc/Legacy -I../Drivers/CMSIS/Device/ST/STM32F4xx/Include -I../Drivers/CMSIS/Include -O0 -ffunction-sections -fdata-sections -Wall -fstack-usage -fcyclomatic-complexity -MMD -MP -MF"Core/Src/sensor_module.d" -MT"Core/Src/sensor_module.o" --specs=nano.specs -mfpu=fpv4-sp-d16 -mfloat-abi=hard -mthumb -o "Core/Src/sensor_module.o"
arm-none-eabi-gcc -o "line_follower.elf" @"objects.list"   -mcpu=cortex-m4 -T"C:\Users\7_wick\flf_workspace\line_follower\STM32F411CEUX_FLASH.ld" --specs=nosys.specs -Wl,-Map="line_follower.map" -Wl,--gc-sections -static -u _scanf_float -u _printf_float --specs=nano.specs -mfpu=fpv4-sp-d16 -mfloat-abi=hard -mthumb -Wl,--start-group -lc -lm -Wl,--end-group
Finished building target: line_follower.elf
 
arm-none-eabi-size  line_follower.elf 
arm-none-eabi-objdump -h -S line_follower.elf  > "line_follower.list"
   text	   data	    bss	    dec	    hex	filename
  47100	    508	   2532	  50140	   c3dc	line_follower.elf
Finished building: default.size.stdout
 
Finished building: line_follower.list
 
01:01:24 **** Incremental Build of configuration Debug for project line_follower ****
make -j12 all 
arm-none-eabi-size  line_follower.elf 
   text	   data	    bss	    dec	    hex	filename
  47100	    508	   2532	  50140	   c3dc	line_follower.elf
Finished building: default.size.stdout
 
01:04:03 **** Incremental Build of configuration Debug for project line_follower ****
make -j12 all 
arm-none-eabi-size  line_follower.elf 
   text	   data	    bss	    dec	    hex	filename
  47100	    508	   2532	  50140	   c3dc	line_follower.elf
Finished building: default.size.stdout
 
01:04:24 **** Incremental Build of configuration Debug for project line_follower ****
make -j12 all 
arm-none-eabi-size  line_follower.elf 
   text	   data	    bss	    dec	    hex	filename
  47100	    508	   2532	  50140	   c3dc	line_follower.elf
Finished building: default.size.stdout
 
01:04:50 **** Incremental Build of configuration Debug for project line_follower ****
make -j12 all 
arm-none-eabi-size  line_follower.elf 
   text	   data	    bss	    dec	    hex	filename
  47100	    508	   2532	  50140	   c3dc	line_follower.elf
Finished building: default.size.stdout
 
01:06:19 **** Incremental Build of configuration Debug for project line_follower ****
make -j12 all 
arm-none-eabi-gcc "../Core/Src/sensor_module.c" -mcpu=cortex-m4 -std=gnu11 -g3 -DDEBUG -DUSE_HAL_DRIVER -DSTM32F411xE -c -I../Core/Inc -I../Drivers/STM32F4xx_HAL_Driver/Inc -I../Drivers/STM32F4xx_HAL_Driver/Inc/Legacy -I../Drivers/CMSIS/Device/ST/STM32F4xx/Include -I../Drivers/CMSIS/Include -O0 -ffunction-sections -fdata-sections -Wall -fstack-usage -fcyclomatic-complexity -MMD -MP -MF"Core/Src/sensor_module.d" -MT"Core/Src/sensor_module.o" --specs=nano.specs -mfpu=fpv4-sp-d16 -mfloat-abi=hard -mthumb -o "Core/Src/sensor_module.o"
arm-none-eabi-gcc -o "line_follower.elf" @"objects.list"   -mcpu=cortex-m4 -T"C:\Users\7_wick\flf_workspace\line_follower\STM32F411CEUX_FLASH.ld" --specs=nosys.specs -Wl,-Map="line_follower.map" -Wl,--gc-sections -static -u _scanf_float -u _printf_float --specs=nano.specs -mfpu=fpv4-sp-d16 -mfloat-abi=hard -mthumb -Wl,--start-group -lc -lm -Wl,--end-group
Finished building target: line_follower.elf
 
arm-none-eabi-size  line_follower.elf 
arm-none-eabi-objdump -h -S line_follower.elf  > "line_follower.list"
   text	   data	    bss	    dec	    hex	filename
  47100	    508	   2532	  50140	   c3dc	line_follower.elf
Finished building: default.size.stdout
 
Finished building: line_follower.list
 
01:09:31 **** Incremental Build of configuration Debug for project line_follower ****
make -j12 all 
arm-none-eabi-gcc "../Core/Src/sensor_module.c" -mcpu=cortex-m4 -std=gnu11 -g3 -DDEBUG -DUSE_HAL_DRIVER -DSTM32F411xE -c -I../Core/Inc -I../Drivers/STM32F4xx_HAL_Driver/Inc -I../Drivers/STM32F4xx_HAL_Driver/Inc/Legacy -I../Drivers/CMSIS/Device/ST/STM32F4xx/Include -I../Drivers/CMSIS/Include -O0 -ffunction-sections -fdata-sections -Wall -fstack-usage -fcyclomatic-complexity -MMD -MP -MF"Core/Src/sensor_module.d" -MT"Core/Src/sensor_module.o" --specs=nano.specs -mfpu=fpv4-sp-d16 -mfloat-abi=hard -mthumb -o "Core/Src/sensor_module.o"
arm-none-eabi-gcc -o "line_follower.elf" @"objects.list"   -mcpu=cortex-m4 -T"C:\Users\7_wick\flf_workspace\line_follower\STM32F411CEUX_FLASH.ld" --specs=nosys.specs -Wl,-Map="line_follower.map" -Wl,--gc-sections -static -u _scanf_float -u _printf_float --specs=nano.specs -mfpu=fpv4-sp-d16 -mfloat-abi=hard -mthumb -Wl,--start-group -lc -lm -Wl,--end-group
Finished building target: line_follower.elf
 
arm-none-eabi-size  line_follower.elf 
arm-none-eabi-objdump -h -S line_follower.elf  > "line_follower.list"
   text	   data	    bss	    dec	    hex	filename
  47020	    508	   2532	  50060	   c38c	line_follower.elf
Finished building: default.size.stdout
 
Finished building: line_follower.list
 
01:09:56 **** Incremental Build of configuration Debug for project line_follower ****
make -j12 all 
arm-none-eabi-size  line_follower.elf 
   text	   data	    bss	    dec	    hex	filename
  47020	    508	   2532	  50060	   c38c	line_follower.elf
Finished building: default.size.stdout
 
01:13:44 **** Incremental Build of configuration Debug for project line_follower ****
make -j12 all 
arm-none-eabi-gcc "../Core/Src/sensor_module.c" -mcpu=cortex-m4 -std=gnu11 -g3 -DDEBUG -DUSE_HAL_DRIVER -DSTM32F411xE -c -I../Core/Inc -I../Drivers/STM32F4xx_HAL_Driver/Inc -I../Drivers/STM32F4xx_HAL_Driver/Inc/Legacy -I../Drivers/CMSIS/Device/ST/STM32F4xx/Include -I../Drivers/CMSIS/Include -O0 -ffunction-sections -fdata-sections -Wall -fstack-usage -fcyclomatic-complexity -MMD -MP -MF"Core/Src/sensor_module.d" -MT"Core/Src/sensor_module.o" --specs=nano.specs -mfpu=fpv4-sp-d16 -mfloat-abi=hard -mthumb -o "Core/Src/sensor_module.o"
arm-none-eabi-gcc -o "line_follower.elf" @"objects.list"   -mcpu=cortex-m4 -T"C:\Users\7_wick\flf_workspace\line_follower\STM32F411CEUX_FLASH.ld" --specs=nosys.specs -Wl,-Map="line_follower.map" -Wl,--gc-sections -static -u _scanf_float -u _printf_float --specs=nano.specs -mfpu=fpv4-sp-d16 -mfloat-abi=hard -mthumb -Wl,--start-group -lc -lm -Wl,--end-group
Finished building target: line_follower.elf
 
arm-none-eabi-size  line_follower.elf 
arm-none-eabi-objdump -h -S line_follower.elf  > "line_follower.list"
   text	   data	    bss	    dec	    hex	filename
  47044	    508	   2532	  50084	   c3a4	line_follower.elf
Finished building: default.size.stdout
 
Finished building: line_follower.list
 
01:14:23 **** Incremental Build of configuration Debug for project line_follower ****
make -j12 all 
arm-none-eabi-gcc "../Core/Src/main.c" -mcpu=cortex-m4 -std=gnu11 -g3 -DDEBUG -DUSE_HAL_DRIVER -DSTM32F411xE -c -I../Core/Inc -I../Drivers/STM32F4xx_HAL_Driver/Inc -I../Drivers/STM32F4xx_HAL_Driver/Inc/Legacy -I../Drivers/CMSIS/Device/ST/STM32F4xx/Include -I../Drivers/CMSIS/Include -O0 -ffunction-sections -fdata-sections -Wall -fstack-usage -fcyclomatic-complexity -MMD -MP -MF"Core/Src/main.d" -MT"Core/Src/main.o" --specs=nano.specs -mfpu=fpv4-sp-d16 -mfloat-abi=hard -mthumb -o "Core/Src/main.o"
arm-none-eabi-gcc -o "line_follower.elf" @"objects.list"   -mcpu=cortex-m4 -T"C:\Users\7_wick\flf_workspace\line_follower\STM32F411CEUX_FLASH.ld" --specs=nosys.specs -Wl,-Map="line_follower.map" -Wl,--gc-sections -static -u _scanf_float -u _printf_float --specs=nano.specs -mfpu=fpv4-sp-d16 -mfloat-abi=hard -mthumb -Wl,--start-group -lc -lm -Wl,--end-group
Finished building target: line_follower.elf
 
arm-none-eabi-size  line_follower.elf 
arm-none-eabi-objdump -h -S line_follower.elf  > "line_follower.list"
   text	   data	    bss	    dec	    hex	filename
  47044	    508	   2532	  50084	   c3a4	line_follower.elf
Finished building: default.size.stdout
 
Finished building: line_follower.list
 
01:22:10 **** Incremental Build of configuration Debug for project line_follower ****
make -j12 all 
arm-none-eabi-gcc "../Core/Src/main.c" -mcpu=cortex-m4 -std=gnu11 -g3 -DDEBUG -DUSE_HAL_DRIVER -DSTM32F411xE -c -I../Core/Inc -I../Drivers/STM32F4xx_HAL_Driver/Inc -I../Drivers/STM32F4xx_HAL_Driver/Inc/Legacy -I../Drivers/CMSIS/Device/ST/STM32F4xx/Include -I../Drivers/CMSIS/Include -O0 -ffunction-sections -fdata-sections -Wall -fstack-usage -fcyclomatic-complexity -MMD -MP -MF"Core/Src/main.d" -MT"Core/Src/main.o" --specs=nano.specs -mfpu=fpv4-sp-d16 -mfloat-abi=hard -mthumb -o "Core/Src/main.o"
arm-none-eabi-gcc "../Core/Src/sensor_module.c" -mcpu=cortex-m4 -std=gnu11 -g3 -DDEBUG -DUSE_HAL_DRIVER -DSTM32F411xE -c -I../Core/Inc -I../Drivers/STM32F4xx_HAL_Driver/Inc -I../Drivers/STM32F4xx_HAL_Driver/Inc/Legacy -I../Drivers/CMSIS/Device/ST/STM32F4xx/Include -I../Drivers/CMSIS/Include -O0 -ffunction-sections -fdata-sections -Wall -fstack-usage -fcyclomatic-complexity -MMD -MP -MF"Core/Src/sensor_module.d" -MT"Core/Src/sensor_module.o" --specs=nano.specs -mfpu=fpv4-sp-d16 -mfloat-abi=hard -mthumb -o "Core/Src/sensor_module.o"
arm-none-eabi-gcc -o "line_follower.elf" @"objects.list"   -mcpu=cortex-m4 -T"C:\Users\7_wick\flf_workspace\line_follower\STM32F411CEUX_FLASH.ld" --specs=nosys.specs -Wl,-Map="line_follower.map" -Wl,--gc-sections -static -u _scanf_float -u _printf_float --specs=nano.specs -mfpu=fpv4-sp-d16 -mfloat-abi=hard -mthumb -Wl,--start-group -lc -lm -Wl,--end-group
Finished building target: line_follower.elf
 
arm-none-eabi-size  line_follower.elf 
arm-none-eabi-objdump -h -S line_follower.elf  > "line_follower.list"
   text	   data	    bss	    dec	    hex	filename
  46980	    508	   2532	  50020	   c364	line_follower.elf
Finished building: default.size.stdout
 
Finished building: line_follower.list
 
01:28:37 **** Incremental Build of configuration Debug for project line_follower ****
make -j12 all 
arm-none-eabi-gcc "../Core/Src/main.c" -mcpu=cortex-m4 -std=gnu11 -g3 -DDEBUG -DUSE_HAL_DRIVER -DSTM32F411xE -c -I../Core/Inc -I../Drivers/STM32F4xx_HAL_Driver/Inc -I../Drivers/STM32F4xx_HAL_Driver/Inc/Legacy -I../Drivers/CMSIS/Device/ST/STM32F4xx/Include -I../Drivers/CMSIS/Include -O0 -ffunction-sections -fdata-sections -Wall -fstack-usage -fcyclomatic-complexity -MMD -MP -MF"Core/Src/main.d" -MT"Core/Src/main.o" --specs=nano.specs -mfpu=fpv4-sp-d16 -mfloat-abi=hard -mthumb -o "Core/Src/main.o"
arm-none-eabi-gcc -o "line_follower.elf" @"objects.list"   -mcpu=cortex-m4 -T"C:\Users\7_wick\flf_workspace\line_follower\STM32F411CEUX_FLASH.ld" --specs=nosys.specs -Wl,-Map="line_follower.map" -Wl,--gc-sections -static -u _scanf_float -u _printf_float --specs=nano.specs -mfpu=fpv4-sp-d16 -mfloat-abi=hard -mthumb -Wl,--start-group -lc -lm -Wl,--end-group
Finished building target: line_follower.elf
 
arm-none-eabi-size  line_follower.elf 
arm-none-eabi-objdump -h -S line_follower.elf  > "line_follower.list"
   text	   data	    bss	    dec	    hex	filename
  47028	    508	   2532	  50068	   c394	line_follower.elf
Finished building: default.size.stdout
 
Finished building: line_follower.list
 
01:28:57 **** Incremental Build of configuration Debug for project line_follower ****
make -j12 all 
arm-none-eabi-size  line_follower.elf 
   text	   data	    bss	    dec	    hex	filename
  47028	    508	   2532	  50068	   c394	line_follower.elf
Finished building: default.size.stdout
 
01:29:12 **** Incremental Build of configuration Debug for project line_follower ****
make -j12 all 
arm-none-eabi-size  line_follower.elf 
   text	   data	    bss	    dec	    hex	filename
  47028	    508	   2532	  50068	   c394	line_follower.elf
Finished building: default.size.stdout
 
10:17:34 **** Incremental Build of configuration Debug for project line_follower ****
make -j12 all 
arm-none-eabi-gcc "../Core/Src/main.c" -mcpu=cortex-m4 -std=gnu11 -g3 -DDEBUG -DUSE_HAL_DRIVER -DSTM32F411xE -c -I../Core/Inc -I../Drivers/STM32F4xx_HAL_Driver/Inc -I../Drivers/STM32F4xx_HAL_Driver/Inc/Legacy -I../Drivers/CMSIS/Device/ST/STM32F4xx/Include -I../Drivers/CMSIS/Include -O0 -ffunction-sections -fdata-sections -Wall -fstack-usage -fcyclomatic-complexity -MMD -MP -MF"Core/Src/main.d" -MT"Core/Src/main.o" --specs=nano.specs -mfpu=fpv4-sp-d16 -mfloat-abi=hard -mthumb -o "Core/Src/main.o"
arm-none-eabi-gcc "../Core/Src/motor.c" -mcpu=cortex-m4 -std=gnu11 -g3 -DDEBUG -DUSE_HAL_DRIVER -DSTM32F411xE -c -I../Core/Inc -I../Drivers/STM32F4xx_HAL_Driver/Inc -I../Drivers/STM32F4xx_HAL_Driver/Inc/Legacy -I../Drivers/CMSIS/Device/ST/STM32F4xx/Include -I../Drivers/CMSIS/Include -O0 -ffunction-sections -fdata-sections -Wall -fstack-usage -fcyclomatic-complexity -MMD -MP -MF"Core/Src/motor.d" -MT"Core/Src/motor.o" --specs=nano.specs -mfpu=fpv4-sp-d16 -mfloat-abi=hard -mthumb -o "Core/Src/motor.o"
arm-none-eabi-gcc "../Core/Src/sensor_module.c" -mcpu=cortex-m4 -std=gnu11 -g3 -DDEBUG -DUSE_HAL_DRIVER -DSTM32F411xE -c -I../Core/Inc -I../Drivers/STM32F4xx_HAL_Driver/Inc -I../Drivers/STM32F4xx_HAL_Driver/Inc/Legacy -I../Drivers/CMSIS/Device/ST/STM32F4xx/Include -I../Drivers/CMSIS/Include -O0 -ffunction-sections -fdata-sections -Wall -fstack-usage -fcyclomatic-complexity -MMD -MP -MF"Core/Src/sensor_module.d" -MT"Core/Src/sensor_module.o" --specs=nano.specs -mfpu=fpv4-sp-d16 -mfloat-abi=hard -mthumb -o "Core/Src/sensor_module.o"
../Core/Src/main.c: In function 'main':
../Core/Src/main.c:279:49: error: too few arguments to function 'turn_jugaad'
  279 |                                                 turn_jugaad(&sensor_array,base_speed);
      |                                                 ^~~~~~~~~~~
In file included from ../Core/Src/main.c:30:
../Core/Inc/motor.h:15:6: note: declared here
   15 | void turn_jugaad(Sensor_Array *sa, int correction, int base_speed);
      |      ^~~~~~~~~~~
make: *** [Core/Src/subdir.mk:46: Core/Src/main.o] Error 1
make: *** Waiting for unfinished jobs....
"make -j12 all" terminated with exit code 2. Build might be incomplete.
10:18:13 **** Incremental Build of configuration Debug for project line_follower ****
make -j12 all 
arm-none-eabi-gcc "../Core/Src/main.c" -mcpu=cortex-m4 -std=gnu11 -g3 -DDEBUG -DUSE_HAL_DRIVER -DSTM32F411xE -c -I../Core/Inc -I../Drivers/STM32F4xx_HAL_Driver/Inc -I../Drivers/STM32F4xx_HAL_Driver/Inc/Legacy -I../Drivers/CMSIS/Device/ST/STM32F4xx/Include -I../Drivers/CMSIS/Include -O0 -ffunction-sections -fdata-sections -Wall -fstack-usage -fcyclomatic-complexity -MMD -MP -MF"Core/Src/main.d" -MT"Core/Src/main.o" --specs=nano.specs -mfpu=fpv4-sp-d16 -mfloat-abi=hard -mthumb -o "Core/Src/main.o"
arm-none-eabi-gcc -o "line_follower.elf" @"objects.list"   -mcpu=cortex-m4 -T"C:\Users\7_wick\flf_workspace\line_follower\STM32F411CEUX_FLASH.ld" --specs=nosys.specs -Wl,-Map="line_follower.map" -Wl,--gc-sections -static -u _scanf_float -u _printf_float --specs=nano.specs -mfpu=fpv4-sp-d16 -mfloat-abi=hard -mthumb -Wl,--start-group -lc -lm -Wl,--end-group
Finished building target: line_follower.elf
 
arm-none-eabi-size  line_follower.elf 
arm-none-eabi-objdump -h -S line_follower.elf  > "line_follower.list"
   text	   data	    bss	    dec	    hex	filename
  47196	    508	   2532	  50236	   c43c	line_follower.elf
Finished building: default.size.stdout
 
Finished building: line_follower.list
 
10:18:38 **** Incremental Build of configuration Debug for project line_follower ****
make -j12 all 
arm-none-eabi-size  line_follower.elf 
   text	   data	    bss	    dec	    hex	filename
  47196	    508	   2532	  50236	   c43c	line_follower.elf
Finished building: default.size.stdout
 
10:18:54 **** Incremental Build of configuration Debug for project line_follower ****
make -j12 all 
arm-none-eabi-size  line_follower.elf 
   text	   data	    bss	    dec	    hex	filename
  47196	    508	   2532	  50236	   c43c	line_follower.elf
Finished building: default.size.stdout
 
10:22:33 **** Incremental Build of configuration Debug for project line_follower ****
make -j12 all 
arm-none-eabi-gcc "../Core/Src/motor.c" -mcpu=cortex-m4 -std=gnu11 -g3 -DDEBUG -DUSE_HAL_DRIVER -DSTM32F411xE -c -I../Core/Inc -I../Drivers/STM32F4xx_HAL_Driver/Inc -I../Drivers/STM32F4xx_HAL_Driver/Inc/Legacy -I../Drivers/CMSIS/Device/ST/STM32F4xx/Include -I../Drivers/CMSIS/Include -O0 -ffunction-sections -fdata-sections -Wall -fstack-usage -fcyclomatic-complexity -MMD -MP -MF"Core/Src/motor.d" -MT"Core/Src/motor.o" --specs=nano.specs -mfpu=fpv4-sp-d16 -mfloat-abi=hard -mthumb -o "Core/Src/motor.o"
arm-none-eabi-gcc -o "line_follower.elf" @"objects.list"   -mcpu=cortex-m4 -T"C:\Users\7_wick\flf_workspace\line_follower\STM32F411CEUX_FLASH.ld" --specs=nosys.specs -Wl,-Map="line_follower.map" -Wl,--gc-sections -static -u _scanf_float -u _printf_float --specs=nano.specs -mfpu=fpv4-sp-d16 -mfloat-abi=hard -mthumb -Wl,--start-group -lc -lm -Wl,--end-group
Finished building target: line_follower.elf
 
arm-none-eabi-size  line_follower.elf 
arm-none-eabi-objdump -h -S line_follower.elf  > "line_follower.list"
   text	   data	    bss	    dec	    hex	filename
  47100	    508	   2532	  50140	   c3dc	line_follower.elf
Finished building: default.size.stdout
 
Finished building: line_follower.list
 
10:22:53 **** Incremental Build of configuration Debug for project line_follower ****
make -j12 all 
arm-none-eabi-size  line_follower.elf 
   text	   data	    bss	    dec	    hex	filename
  47100	    508	   2532	  50140	   c3dc	line_follower.elf
Finished building: default.size.stdout
 
10:28:08 **** Incremental Build of configuration Debug for project line_follower ****
make -j12 all 
arm-none-eabi-gcc "../Core/Src/main.c" -mcpu=cortex-m4 -std=gnu11 -g3 -DDEBUG -DUSE_HAL_DRIVER -DSTM32F411xE -c -I../Core/Inc -I../Drivers/STM32F4xx_HAL_Driver/Inc -I../Drivers/STM32F4xx_HAL_Driver/Inc/Legacy -I../Drivers/CMSIS/Device/ST/STM32F4xx/Include -I../Drivers/CMSIS/Include -O0 -ffunction-sections -fdata-sections -Wall -fstack-usage -fcyclomatic-complexity -MMD -MP -MF"Core/Src/main.d" -MT"Core/Src/main.o" --specs=nano.specs -mfpu=fpv4-sp-d16 -mfloat-abi=hard -mthumb -o "Core/Src/main.o"
arm-none-eabi-gcc "../Core/Src/motor.c" -mcpu=cortex-m4 -std=gnu11 -g3 -DDEBUG -DUSE_HAL_DRIVER -DSTM32F411xE -c -I../Core/Inc -I../Drivers/STM32F4xx_HAL_Driver/Inc -I../Drivers/STM32F4xx_HAL_Driver/Inc/Legacy -I../Drivers/CMSIS/Device/ST/STM32F4xx/Include -I../Drivers/CMSIS/Include -O0 -ffunction-sections -fdata-sections -Wall -fstack-usage -fcyclomatic-complexity -MMD -MP -MF"Core/Src/motor.d" -MT"Core/Src/motor.o" --specs=nano.specs -mfpu=fpv4-sp-d16 -mfloat-abi=hard -mthumb -o "Core/Src/motor.o"
arm-none-eabi-gcc -o "line_follower.elf" @"objects.list"   -mcpu=cortex-m4 -T"C:\Users\7_wick\flf_workspace\line_follower\STM32F411CEUX_FLASH.ld" --specs=nosys.specs -Wl,-Map="line_follower.map" -Wl,--gc-sections -static -u _scanf_float -u _printf_float --specs=nano.specs -mfpu=fpv4-sp-d16 -mfloat-abi=hard -mthumb -Wl,--start-group -lc -lm -Wl,--end-group
Finished building target: line_follower.elf
 
arm-none-eabi-size  line_follower.elf 
arm-none-eabi-objdump -h -S line_follower.elf  > "line_follower.list"
   text	   data	    bss	    dec	    hex	filename
  47236	    508	   2532	  50276	   c464	line_follower.elf
Finished building: default.size.stdout
 
Finished building: line_follower.list
 
10:33:34 **** Incremental Build of configuration Debug for project line_follower ****
make -j12 all 
arm-none-eabi-gcc "../Core/Src/main.c" -mcpu=cortex-m4 -std=gnu11 -g3 -DDEBUG -DUSE_HAL_DRIVER -DSTM32F411xE -c -I../Core/Inc -I../Drivers/STM32F4xx_HAL_Driver/Inc -I../Drivers/STM32F4xx_HAL_Driver/Inc/Legacy -I../Drivers/CMSIS/Device/ST/STM32F4xx/Include -I../Drivers/CMSIS/Include -O0 -ffunction-sections -fdata-sections -Wall -fstack-usage -fcyclomatic-complexity -MMD -MP -MF"Core/Src/main.d" -MT"Core/Src/main.o" --specs=nano.specs -mfpu=fpv4-sp-d16 -mfloat-abi=hard -mthumb -o "Core/Src/main.o"
arm-none-eabi-gcc "../Core/Src/sensor_module.c" -mcpu=cortex-m4 -std=gnu11 -g3 -DDEBUG -DUSE_HAL_DRIVER -DSTM32F411xE -c -I../Core/Inc -I../Drivers/STM32F4xx_HAL_Driver/Inc -I../Drivers/STM32F4xx_HAL_Driver/Inc/Legacy -I../Drivers/CMSIS/Device/ST/STM32F4xx/Include -I../Drivers/CMSIS/Include -O0 -ffunction-sections -fdata-sections -Wall -fstack-usage -fcyclomatic-complexity -MMD -MP -MF"Core/Src/sensor_module.d" -MT"Core/Src/sensor_module.o" --specs=nano.specs -mfpu=fpv4-sp-d16 -mfloat-abi=hard -mthumb -o "Core/Src/sensor_module.o"
../Core/Src/main.c: In function 'main':
../Core/Src/main.c:347:13: error: invalid storage class for function 'MX_ADC1_Init'
  347 | static void MX_ADC1_Init(void)
      |             ^~~~~~~~~~~~
../Core/Src/main.c:480:13: error: invalid storage class for function 'MX_TIM1_Init'
  480 | static void MX_TIM1_Init(void)
      |             ^~~~~~~~~~~~
../Core/Src/main.c:549:13: error: invalid storage class for function 'MX_USART1_UART_Init'
  549 | static void MX_USART1_UART_Init(void)
      |             ^~~~~~~~~~~~~~~~~~~
../Core/Src/main.c:580:13: error: invalid storage class for function 'MX_DMA_Init'
  580 | static void MX_DMA_Init(void)
      |             ^~~~~~~~~~~
../Core/Src/main.c:598:13: error: invalid storage class for function 'MX_GPIO_Init'
  598 | static void MX_GPIO_Init(void)
      |             ^~~~~~~~~~~~
../Core/Src/main.c:652:1: error: expected declaration or statement at end of input
  652 | }
      | ^
../Core/Src/main.c: At top level:
../Core/Src/main.c:72:13: warning: 'MX_GPIO_Init' used but never defined
   72 | static void MX_GPIO_Init(void);
      |             ^~~~~~~~~~~~
../Core/Src/main.c:73:13: warning: 'MX_DMA_Init' used but never defined
   73 | static void MX_DMA_Init(void);
      |             ^~~~~~~~~~~
../Core/Src/main.c:74:13: warning: 'MX_ADC1_Init' used but never defined
   74 | static void MX_ADC1_Init(void);
      |             ^~~~~~~~~~~~
../Core/Src/main.c:75:13: warning: 'MX_TIM1_Init' used but never defined
   75 | static void MX_TIM1_Init(void);
      |             ^~~~~~~~~~~~
../Core/Src/main.c:76:13: warning: 'MX_USART1_UART_Init' used but never defined
   76 | static void MX_USART1_UART_Init(void);
      |             ^~~~~~~~~~~~~~~~~~~
../Core/Src/main.c:644:6: warning: 'Error_Handler' defined but not used [-Wunused-function]
  644 | void Error_Handler(void)
      |      ^~~~~~~~~~~~~
../Core/Src/main.c:598:13: warning: 'MX_GPIO_Init' defined but not used [-Wunused-function]
  598 | static void MX_GPIO_Init(void)
      |             ^~~~~~~~~~~~
../Core/Src/main.c:580:13: warning: 'MX_DMA_Init' defined but not used [-Wunused-function]
  580 | static void MX_DMA_Init(void)
      |             ^~~~~~~~~~~
../Core/Src/main.c:549:13: warning: 'MX_USART1_UART_Init' defined but not used [-Wunused-function]
  549 | static void MX_USART1_UART_Init(void)
      |             ^~~~~~~~~~~~~~~~~~~
../Core/Src/main.c:480:13: warning: 'MX_TIM1_Init' defined but not used [-Wunused-function]
  480 | static void MX_TIM1_Init(void)
      |             ^~~~~~~~~~~~
../Core/Src/main.c:347:13: warning: 'MX_ADC1_Init' defined but not used [-Wunused-function]
  347 | static void MX_ADC1_Init(void)
      |             ^~~~~~~~~~~~
../Core/Src/main.c:301:6: warning: 'SystemClock_Config' defined but not used [-Wunused-function]
  301 | void SystemClock_Config(void)
      |      ^~~~~~~~~~~~~~~~~~
make: *** [Core/Src/subdir.mk:46: Core/Src/main.o] Error 1
make: *** Waiting for unfinished jobs....
"make -j12 all" terminated with exit code 2. Build might be incomplete.
10:34:05 **** Incremental Build of configuration Debug for project line_follower ****
make -j12 all 
arm-none-eabi-gcc "../Core/Src/main.c" -mcpu=cortex-m4 -std=gnu11 -g3 -DDEBUG -DUSE_HAL_DRIVER -DSTM32F411xE -c -I../Core/Inc -I../Drivers/STM32F4xx_HAL_Driver/Inc -I../Drivers/STM32F4xx_HAL_Driver/Inc/Legacy -I../Drivers/CMSIS/Device/ST/STM32F4xx/Include -I../Drivers/CMSIS/Include -O0 -ffunction-sections -fdata-sections -Wall -fstack-usage -fcyclomatic-complexity -MMD -MP -MF"Core/Src/main.d" -MT"Core/Src/main.o" --specs=nano.specs -mfpu=fpv4-sp-d16 -mfloat-abi=hard -mthumb -o "Core/Src/main.o"
../Core/Src/main.c: In function 'main':
../Core/Src/main.c:347:13: error: invalid storage class for function 'MX_ADC1_Init'
  347 | static void MX_ADC1_Init(void)
      |             ^~~~~~~~~~~~
../Core/Src/main.c:480:13: error: invalid storage class for function 'MX_TIM1_Init'
  480 | static void MX_TIM1_Init(void)
      |             ^~~~~~~~~~~~
../Core/Src/main.c:549:13: error: invalid storage class for function 'MX_USART1_UART_Init'
  549 | static void MX_USART1_UART_Init(void)
      |             ^~~~~~~~~~~~~~~~~~~
../Core/Src/main.c:580:13: error: invalid storage class for function 'MX_DMA_Init'
  580 | static void MX_DMA_Init(void)
      |             ^~~~~~~~~~~
../Core/Src/main.c:598:13: error: invalid storage class for function 'MX_GPIO_Init'
  598 | static void MX_GPIO_Init(void)
      |             ^~~~~~~~~~~~
../Core/Src/main.c:652:1: error: expected declaration or statement at end of input
  652 | }
      | ^
../Core/Src/main.c: At top level:
../Core/Src/main.c:72:13: warning: 'MX_GPIO_Init' used but never defined
   72 | static void MX_GPIO_Init(void);
      |             ^~~~~~~~~~~~
../Core/Src/main.c:73:13: warning: 'MX_DMA_Init' used but never defined
   73 | static void MX_DMA_Init(void);
      |             ^~~~~~~~~~~
../Core/Src/main.c:74:13: warning: 'MX_ADC1_Init' used but never defined
   74 | static void MX_ADC1_Init(void);
      |             ^~~~~~~~~~~~
../Core/Src/main.c:75:13: warning: 'MX_TIM1_Init' used but never defined
   75 | static void MX_TIM1_Init(void);
      |             ^~~~~~~~~~~~
../Core/Src/main.c:76:13: warning: 'MX_USART1_UART_Init' used but never defined
   76 | static void MX_USART1_UART_Init(void);
      |             ^~~~~~~~~~~~~~~~~~~
../Core/Src/main.c:644:6: warning: 'Error_Handler' defined but not used [-Wunused-function]
  644 | void Error_Handler(void)
      |      ^~~~~~~~~~~~~
../Core/Src/main.c:598:13: warning: 'MX_GPIO_Init' defined but not used [-Wunused-function]
  598 | static void MX_GPIO_Init(void)
      |             ^~~~~~~~~~~~
../Core/Src/main.c:580:13: warning: 'MX_DMA_Init' defined but not used [-Wunused-function]
  580 | static void MX_DMA_Init(void)
      |             ^~~~~~~~~~~
../Core/Src/main.c:549:13: warning: 'MX_USART1_UART_Init' defined but not used [-Wunused-function]
  549 | static void MX_USART1_UART_Init(void)
      |             ^~~~~~~~~~~~~~~~~~~
../Core/Src/main.c:480:13: warning: 'MX_TIM1_Init' defined but not used [-Wunused-function]
  480 | static void MX_TIM1_Init(void)
      |             ^~~~~~~~~~~~
../Core/Src/main.c:347:13: warning: 'MX_ADC1_Init' defined but not used [-Wunused-function]
  347 | static void MX_ADC1_Init(void)
      |             ^~~~~~~~~~~~
../Core/Src/main.c:301:6: warning: 'SystemClock_Config' defined but not used [-Wunused-function]
  301 | void SystemClock_Config(void)
      |      ^~~~~~~~~~~~~~~~~~
make: *** [Core/Src/subdir.mk:46: Core/Src/main.o] Error 1
"make -j12 all" terminated with exit code 2. Build might be incomplete.
10:34:51 **** Incremental Build of configuration Debug for project line_follower ****
make -j12 all 
arm-none-eabi-gcc "../Core/Src/main.c" -mcpu=cortex-m4 -std=gnu11 -g3 -DDEBUG -DUSE_HAL_DRIVER -DSTM32F411xE -c -I../Core/Inc -I../Drivers/STM32F4xx_HAL_Driver/Inc -I../Drivers/STM32F4xx_HAL_Driver/Inc/Legacy -I../Drivers/CMSIS/Device/ST/STM32F4xx/Include -I../Drivers/CMSIS/Include -O0 -ffunction-sections -fdata-sections -Wall -fstack-usage -fcyclomatic-complexity -MMD -MP -MF"Core/Src/main.d" -MT"Core/Src/main.o" --specs=nano.specs -mfpu=fpv4-sp-d16 -mfloat-abi=hard -mthumb -o "Core/Src/main.o"
../Core/Src/main.c: In function 'main':
../Core/Src/main.c:347:13: error: invalid storage class for function 'MX_ADC1_Init'
  347 | static void MX_ADC1_Init(void)
      |             ^~~~~~~~~~~~
../Core/Src/main.c:480:13: error: invalid storage class for function 'MX_TIM1_Init'
  480 | static void MX_TIM1_Init(void)
      |             ^~~~~~~~~~~~
../Core/Src/main.c:549:13: error: invalid storage class for function 'MX_USART1_UART_Init'
  549 | static void MX_USART1_UART_Init(void)
      |             ^~~~~~~~~~~~~~~~~~~
../Core/Src/main.c:580:13: error: invalid storage class for function 'MX_DMA_Init'
  580 | static void MX_DMA_Init(void)
      |             ^~~~~~~~~~~
../Core/Src/main.c:598:13: error: invalid storage class for function 'MX_GPIO_Init'
  598 | static void MX_GPIO_Init(void)
      |             ^~~~~~~~~~~~
../Core/Src/main.c:652:1: error: expected declaration or statement at end of input
  652 | }
      | ^
../Core/Src/main.c: At top level:
../Core/Src/main.c:72:13: warning: 'MX_GPIO_Init' used but never defined
   72 | static void MX_GPIO_Init(void);
      |             ^~~~~~~~~~~~
../Core/Src/main.c:73:13: warning: 'MX_DMA_Init' used but never defined
   73 | static void MX_DMA_Init(void);
      |             ^~~~~~~~~~~
../Core/Src/main.c:74:13: warning: 'MX_ADC1_Init' used but never defined
   74 | static void MX_ADC1_Init(void);
      |             ^~~~~~~~~~~~
../Core/Src/main.c:75:13: warning: 'MX_TIM1_Init' used but never defined
   75 | static void MX_TIM1_Init(void);
      |             ^~~~~~~~~~~~
../Core/Src/main.c:76:13: warning: 'MX_USART1_UART_Init' used but never defined
   76 | static void MX_USART1_UART_Init(void);
      |             ^~~~~~~~~~~~~~~~~~~
../Core/Src/main.c:644:6: warning: 'Error_Handler' defined but not used [-Wunused-function]
  644 | void Error_Handler(void)
      |      ^~~~~~~~~~~~~
../Core/Src/main.c:598:13: warning: 'MX_GPIO_Init' defined but not used [-Wunused-function]
  598 | static void MX_GPIO_Init(void)
      |             ^~~~~~~~~~~~
../Core/Src/main.c:580:13: warning: 'MX_DMA_Init' defined but not used [-Wunused-function]
  580 | static void MX_DMA_Init(void)
      |             ^~~~~~~~~~~
../Core/Src/main.c:549:13: warning: 'MX_USART1_UART_Init' defined but not used [-Wunused-function]
  549 | static void MX_USART1_UART_Init(void)
      |             ^~~~~~~~~~~~~~~~~~~
../Core/Src/main.c:480:13: warning: 'MX_TIM1_Init' defined but not used [-Wunused-function]
  480 | static void MX_TIM1_Init(void)
      |             ^~~~~~~~~~~~
../Core/Src/main.c:347:13: warning: 'MX_ADC1_Init' defined but not used [-Wunused-function]
  347 | static void MX_ADC1_Init(void)
      |             ^~~~~~~~~~~~
../Core/Src/main.c:301:6: warning: 'SystemClock_Config' defined but not used [-Wunused-function]
  301 | void SystemClock_Config(void)
      |      ^~~~~~~~~~~~~~~~~~
make: *** [Core/Src/subdir.mk:46: Core/Src/main.o] Error 1
"make -j12 all" terminated with exit code 2. Build might be incomplete.
10:35:19 **** Incremental Build of configuration Debug for project line_follower ****
make -j12 all 
arm-none-eabi-gcc "../Core/Src/main.c" -mcpu=cortex-m4 -std=gnu11 -g3 -DDEBUG -DUSE_HAL_DRIVER -DSTM32F411xE -c -I../Core/Inc -I../Drivers/STM32F4xx_HAL_Driver/Inc -I../Drivers/STM32F4xx_HAL_Driver/Inc/Legacy -I../Drivers/CMSIS/Device/ST/STM32F4xx/Include -I../Drivers/CMSIS/Include -O0 -ffunction-sections -fdata-sections -Wall -fstack-usage -fcyclomatic-complexity -MMD -MP -MF"Core/Src/main.d" -MT"Core/Src/main.o" --specs=nano.specs -mfpu=fpv4-sp-d16 -mfloat-abi=hard -mthumb -o "Core/Src/main.o"
arm-none-eabi-gcc -o "line_follower.elf" @"objects.list"   -mcpu=cortex-m4 -T"C:\Users\7_wick\flf_workspace\line_follower\STM32F411CEUX_FLASH.ld" --specs=nosys.specs -Wl,-Map="line_follower.map" -Wl,--gc-sections -static -u _scanf_float -u _printf_float --specs=nano.specs -mfpu=fpv4-sp-d16 -mfloat-abi=hard -mthumb -Wl,--start-group -lc -lm -Wl,--end-group
Finished building target: line_follower.elf
 
arm-none-eabi-size  line_follower.elf 
arm-none-eabi-objdump -h -S line_follower.elf  > "line_follower.list"
   text	   data	    bss	    dec	    hex	filename
  47260	    508	   2532	  50300	   c47c	line_follower.elf
Finished building: default.size.stdout
 
Finished building: line_follower.list
 
10:39:19 **** Incremental Build of configuration Debug for project line_follower ****
make -j12 all 
arm-none-eabi-gcc "../Core/Src/main.c" -mcpu=cortex-m4 -std=gnu11 -g3 -DDEBUG -DUSE_HAL_DRIVER -DSTM32F411xE -c -I../Core/Inc -I../Drivers/STM32F4xx_HAL_Driver/Inc -I../Drivers/STM32F4xx_HAL_Driver/Inc/Legacy -I../Drivers/CMSIS/Device/ST/STM32F4xx/Include -I../Drivers/CMSIS/Include -O0 -ffunction-sections -fdata-sections -Wall -fstack-usage -fcyclomatic-complexity -MMD -MP -MF"Core/Src/main.d" -MT"Core/Src/main.o" --specs=nano.specs -mfpu=fpv4-sp-d16 -mfloat-abi=hard -mthumb -o "Core/Src/main.o"
arm-none-eabi-gcc "../Core/Src/sensor_module.c" -mcpu=cortex-m4 -std=gnu11 -g3 -DDEBUG -DUSE_HAL_DRIVER -DSTM32F411xE -c -I../Core/Inc -I../Drivers/STM32F4xx_HAL_Driver/Inc -I../Drivers/STM32F4xx_HAL_Driver/Inc/Legacy -I../Drivers/CMSIS/Device/ST/STM32F4xx/Include -I../Drivers/CMSIS/Include -O0 -ffunction-sections -fdata-sections -Wall -fstack-usage -fcyclomatic-complexity -MMD -MP -MF"Core/Src/sensor_module.d" -MT"Core/Src/sensor_module.o" --specs=nano.specs -mfpu=fpv4-sp-d16 -mfloat-abi=hard -mthumb -o "Core/Src/sensor_module.o"
arm-none-eabi-gcc -o "line_follower.elf" @"objects.list"   -mcpu=cortex-m4 -T"C:\Users\7_wick\flf_workspace\line_follower\STM32F411CEUX_FLASH.ld" --specs=nosys.specs -Wl,-Map="line_follower.map" -Wl,--gc-sections -static -u _scanf_float -u _printf_float --specs=nano.specs -mfpu=fpv4-sp-d16 -mfloat-abi=hard -mthumb -Wl,--start-group -lc -lm -Wl,--end-group
Finished building target: line_follower.elf
 
arm-none-eabi-size  line_follower.elf 
arm-none-eabi-objdump -h -S line_follower.elf  > "line_follower.list"
   text	   data	    bss	    dec	    hex	filename
  47284	    508	   2532	  50324	   c494	line_follower.elf
Finished building: default.size.stdout
 
Finished building: line_follower.list
 
10:39:42 **** Incremental Build of configuration Debug for project line_follower ****
make -j12 all 
arm-none-eabi-size  line_follower.elf 
   text	   data	    bss	    dec	    hex	filename
  47284	    508	   2532	  50324	   c494	line_follower.elf
Finished building: default.size.stdout
 
10:40:22 **** Incremental Build of configuration Debug for project line_follower ****
make -j12 all 
arm-none-eabi-size  line_follower.elf 
   text	   data	    bss	    dec	    hex	filename
  47284	    508	   2532	  50324	   c494	line_follower.elf
Finished building: default.size.stdout
 
10:43:27 **** Incremental Build of configuration Debug for project line_follower ****
make -j12 all 
arm-none-eabi-gcc "../Core/Src/main.c" -mcpu=cortex-m4 -std=gnu11 -g3 -DDEBUG -DUSE_HAL_DRIVER -DSTM32F411xE -c -I../Core/Inc -I../Drivers/STM32F4xx_HAL_Driver/Inc -I../Drivers/STM32F4xx_HAL_Driver/Inc/Legacy -I../Drivers/CMSIS/Device/ST/STM32F4xx/Include -I../Drivers/CMSIS/Include -O0 -ffunction-sections -fdata-sections -Wall -fstack-usage -fcyclomatic-complexity -MMD -MP -MF"Core/Src/main.d" -MT"Core/Src/main.o" --specs=nano.specs -mfpu=fpv4-sp-d16 -mfloat-abi=hard -mthumb -o "Core/Src/main.o"
arm-none-eabi-gcc -o "line_follower.elf" @"objects.list"   -mcpu=cortex-m4 -T"C:\Users\7_wick\flf_workspace\line_follower\STM32F411CEUX_FLASH.ld" --specs=nosys.specs -Wl,-Map="line_follower.map" -Wl,--gc-sections -static -u _scanf_float -u _printf_float --specs=nano.specs -mfpu=fpv4-sp-d16 -mfloat-abi=hard -mthumb -Wl,--start-group -lc -lm -Wl,--end-group
Finished building target: line_follower.elf
 
arm-none-eabi-size  line_follower.elf 
arm-none-eabi-objdump -h -S line_follower.elf  > "line_follower.list"
   text	   data	    bss	    dec	    hex	filename
  47284	    508	   2532	  50324	   c494	line_follower.elf
Finished building: default.size.stdout
 
Finished building: line_follower.list
 
10:54:19 **** Incremental Build of configuration Debug for project line_follower ****
make -j12 all 
arm-none-eabi-gcc "../Core/Src/main.c" -mcpu=cortex-m4 -std=gnu11 -g3 -DDEBUG -DUSE_HAL_DRIVER -DSTM32F411xE -c -I../Core/Inc -I../Drivers/STM32F4xx_HAL_Driver/Inc -I../Drivers/STM32F4xx_HAL_Driver/Inc/Legacy -I../Drivers/CMSIS/Device/ST/STM32F4xx/Include -I../Drivers/CMSIS/Include -O0 -ffunction-sections -fdata-sections -Wall -fstack-usage -fcyclomatic-complexity -MMD -MP -MF"Core/Src/main.d" -MT"Core/Src/main.o" --specs=nano.specs -mfpu=fpv4-sp-d16 -mfloat-abi=hard -mthumb -o "Core/Src/main.o"
arm-none-eabi-gcc "../Core/Src/motor.c" -mcpu=cortex-m4 -std=gnu11 -g3 -DDEBUG -DUSE_HAL_DRIVER -DSTM32F411xE -c -I../Core/Inc -I../Drivers/STM32F4xx_HAL_Driver/Inc -I../Drivers/STM32F4xx_HAL_Driver/Inc/Legacy -I../Drivers/CMSIS/Device/ST/STM32F4xx/Include -I../Drivers/CMSIS/Include -O0 -ffunction-sections -fdata-sections -Wall -fstack-usage -fcyclomatic-complexity -MMD -MP -MF"Core/Src/motor.d" -MT"Core/Src/motor.o" --specs=nano.specs -mfpu=fpv4-sp-d16 -mfloat-abi=hard -mthumb -o "Core/Src/motor.o"
arm-none-eabi-gcc -o "line_follower.elf" @"objects.list"   -mcpu=cortex-m4 -T"C:\Users\7_wick\flf_workspace\line_follower\STM32F411CEUX_FLASH.ld" --specs=nosys.specs -Wl,-Map="line_follower.map" -Wl,--gc-sections -static -u _scanf_float -u _printf_float --specs=nano.specs -mfpu=fpv4-sp-d16 -mfloat-abi=hard -mthumb -Wl,--start-group -lc -lm -Wl,--end-group
Finished building target: line_follower.elf
 
arm-none-eabi-size  line_follower.elf 
arm-none-eabi-objdump -h -S line_follower.elf  > "line_follower.list"
   text	   data	    bss	    dec	    hex	filename
  47356	    508	   2532	  50396	   c4dc	line_follower.elf
Finished building: default.size.stdout
 
Finished building: line_follower.list
 
11:02:05 **** Incremental Build of configuration Debug for project line_follower ****
make -j12 all 
arm-none-eabi-gcc "../Core/Src/main.c" -mcpu=cortex-m4 -std=gnu11 -g3 -DDEBUG -DUSE_HAL_DRIVER -DSTM32F411xE -c -I../Core/Inc -I../Drivers/STM32F4xx_HAL_Driver/Inc -I../Drivers/STM32F4xx_HAL_Driver/Inc/Legacy -I../Drivers/CMSIS/Device/ST/STM32F4xx/Include -I../Drivers/CMSIS/Include -O0 -ffunction-sections -fdata-sections -Wall -fstack-usage -fcyclomatic-complexity -MMD -MP -MF"Core/Src/main.d" -MT"Core/Src/main.o" --specs=nano.specs -mfpu=fpv4-sp-d16 -mfloat-abi=hard -mthumb -o "Core/Src/main.o"
arm-none-eabi-gcc -o "line_follower.elf" @"objects.list"   -mcpu=cortex-m4 -T"C:\Users\7_wick\flf_workspace\line_follower\STM32F411CEUX_FLASH.ld" --specs=nosys.specs -Wl,-Map="line_follower.map" -Wl,--gc-sections -static -u _scanf_float -u _printf_float --specs=nano.specs -mfpu=fpv4-sp-d16 -mfloat-abi=hard -mthumb -Wl,--start-group -lc -lm -Wl,--end-group
Finished building target: line_follower.elf
 
arm-none-eabi-size  line_follower.elf 
arm-none-eabi-objdump -h -S line_follower.elf  > "line_follower.list"
   text	   data	    bss	    dec	    hex	filename
  47356	    508	   2532	  50396	   c4dc	line_follower.elf
Finished building: default.size.stdout
 
Finished building: line_follower.list
 
11:02:25 **** Incremental Build of configuration Debug for project line_follower ****
make -j12 all 
arm-none-eabi-size  line_follower.elf 
   text	   data	    bss	    dec	    hex	filename
  47356	    508	   2532	  50396	   c4dc	line_follower.elf
Finished building: default.size.stdout
 
11:02:42 **** Incremental Build of configuration Debug for project line_follower ****
make -j12 all 
arm-none-eabi-size  line_follower.elf 
   text	   data	    bss	    dec	    hex	filename
  47356	    508	   2532	  50396	   c4dc	line_follower.elf
Finished building: default.size.stdout
 
11:05:31 **** Incremental Build of configuration Debug for project line_follower ****
make -j12 all 
arm-none-eabi-gcc "../Core/Src/main.c" -mcpu=cortex-m4 -std=gnu11 -g3 -DDEBUG -DUSE_HAL_DRIVER -DSTM32F411xE -c -I../Core/Inc -I../Drivers/STM32F4xx_HAL_Driver/Inc -I../Drivers/STM32F4xx_HAL_Driver/Inc/Legacy -I../Drivers/CMSIS/Device/ST/STM32F4xx/Include -I../Drivers/CMSIS/Include -O0 -ffunction-sections -fdata-sections -Wall -fstack-usage -fcyclomatic-complexity -MMD -MP -MF"Core/Src/main.d" -MT"Core/Src/main.o" --specs=nano.specs -mfpu=fpv4-sp-d16 -mfloat-abi=hard -mthumb -o "Core/Src/main.o"
arm-none-eabi-gcc "../Core/Src/motor.c" -mcpu=cortex-m4 -std=gnu11 -g3 -DDEBUG -DUSE_HAL_DRIVER -DSTM32F411xE -c -I../Core/Inc -I../Drivers/STM32F4xx_HAL_Driver/Inc -I../Drivers/STM32F4xx_HAL_Driver/Inc/Legacy -I../Drivers/CMSIS/Device/ST/STM32F4xx/Include -I../Drivers/CMSIS/Include -O0 -ffunction-sections -fdata-sections -Wall -fstack-usage -fcyclomatic-complexity -MMD -MP -MF"Core/Src/motor.d" -MT"Core/Src/motor.o" --specs=nano.specs -mfpu=fpv4-sp-d16 -mfloat-abi=hard -mthumb -o "Core/Src/motor.o"
arm-none-eabi-gcc -o "line_follower.elf" @"objects.list"   -mcpu=cortex-m4 -T"C:\Users\7_wick\flf_workspace\line_follower\STM32F411CEUX_FLASH.ld" --specs=nosys.specs -Wl,-Map="line_follower.map" -Wl,--gc-sections -static -u _scanf_float -u _printf_float --specs=nano.specs -mfpu=fpv4-sp-d16 -mfloat-abi=hard -mthumb -Wl,--start-group -lc -lm -Wl,--end-group
Finished building target: line_follower.elf
 
arm-none-eabi-size  line_follower.elf 
arm-none-eabi-objdump -h -S line_follower.elf  > "line_follower.list"
   text	   data	    bss	    dec	    hex	filename
  47356	    508	   2532	  50396	   c4dc	line_follower.elf
Finished building: default.size.stdout
 
Finished building: line_follower.list
 
11:13:57 **** Incremental Build of configuration Debug for project line_follower ****
make -j12 all 
arm-none-eabi-size  line_follower.elf 
   text	   data	    bss	    dec	    hex	filename
  47356	    508	   2532	  50396	   c4dc	line_follower.elf
Finished building: default.size.stdout
 
11:18:48 **** Incremental Build of configuration Debug for project line_follower ****
make -j12 all 
arm-none-eabi-size  line_follower.elf 
   text	   data	    bss	    dec	    hex	filename
  47356	    508	   2532	  50396	   c4dc	line_follower.elf
Finished building: default.size.stdout
 
11:19:12 **** Incremental Build of configuration Debug for project line_follower ****
make -j12 all 
arm-none-eabi-size  line_follower.elf 
   text	   data	    bss	    dec	    hex	filename
  47356	    508	   2532	  50396	   c4dc	line_follower.elf
Finished building: default.size.stdout
 
11:19:38 **** Incremental Build of configuration Debug for project line_follower ****
make -j12 all 
arm-none-eabi-size  line_follower.elf 
   text	   data	    bss	    dec	    hex	filename
  47356	    508	   2532	  50396	   c4dc	line_follower.elf
Finished building: default.size.stdout
 
11:23:16 **** Incremental Build of configuration Debug for project line_follower ****
make -j12 all 
arm-none-eabi-gcc "../Core/Src/main.c" -mcpu=cortex-m4 -std=gnu11 -g3 -DDEBUG -DUSE_HAL_DRIVER -DSTM32F411xE -c -I../Core/Inc -I../Drivers/STM32F4xx_HAL_Driver/Inc -I../Drivers/STM32F4xx_HAL_Driver/Inc/Legacy -I../Drivers/CMSIS/Device/ST/STM32F4xx/Include -I../Drivers/CMSIS/Include -O0 -ffunction-sections -fdata-sections -Wall -fstack-usage -fcyclomatic-complexity -MMD -MP -MF"Core/Src/main.d" -MT"Core/Src/main.o" --specs=nano.specs -mfpu=fpv4-sp-d16 -mfloat-abi=hard -mthumb -o "Core/Src/main.o"
arm-none-eabi-gcc "../Core/Src/sensor_module.c" -mcpu=cortex-m4 -std=gnu11 -g3 -DDEBUG -DUSE_HAL_DRIVER -DSTM32F411xE -c -I../Core/Inc -I../Drivers/STM32F4xx_HAL_Driver/Inc -I../Drivers/STM32F4xx_HAL_Driver/Inc/Legacy -I../Drivers/CMSIS/Device/ST/STM32F4xx/Include -I../Drivers/CMSIS/Include -O0 -ffunction-sections -fdata-sections -Wall -fstack-usage -fcyclomatic-complexity -MMD -MP -MF"Core/Src/sensor_module.d" -MT"Core/Src/sensor_module.o" --specs=nano.specs -mfpu=fpv4-sp-d16 -mfloat-abi=hard -mthumb -o "Core/Src/sensor_module.o"
arm-none-eabi-gcc -o "line_follower.elf" @"objects.list"   -mcpu=cortex-m4 -T"C:\Users\7_wick\flf_workspace\line_follower\STM32F411CEUX_FLASH.ld" --specs=nosys.specs -Wl,-Map="line_follower.map" -Wl,--gc-sections -static -u _scanf_float -u _printf_float --specs=nano.specs -mfpu=fpv4-sp-d16 -mfloat-abi=hard -mthumb -Wl,--start-group -lc -lm -Wl,--end-group
Finished building target: line_follower.elf
 
arm-none-eabi-size  line_follower.elf 
arm-none-eabi-objdump -h -S line_follower.elf  > "line_follower.list"
   text	   data	    bss	    dec	    hex	filename
  46964	    508	   2532	  50004	   c354	line_follower.elf
Finished building: default.size.stdout
 
Finished building: line_follower.list
 
11:34:17 **** Incremental Build of configuration Debug for project line_follower ****
make -j12 all 
arm-none-eabi-gcc "../Core/Src/main.c" -mcpu=cortex-m4 -std=gnu11 -g3 -DDEBUG -DUSE_HAL_DRIVER -DSTM32F411xE -c -I../Core/Inc -I../Drivers/STM32F4xx_HAL_Driver/Inc -I../Drivers/STM32F4xx_HAL_Driver/Inc/Legacy -I../Drivers/CMSIS/Device/ST/STM32F4xx/Include -I../Drivers/CMSIS/Include -O0 -ffunction-sections -fdata-sections -Wall -fstack-usage -fcyclomatic-complexity -MMD -MP -MF"Core/Src/main.d" -MT"Core/Src/main.o" --specs=nano.specs -mfpu=fpv4-sp-d16 -mfloat-abi=hard -mthumb -o "Core/Src/main.o"
arm-none-eabi-gcc -o "line_follower.elf" @"objects.list"   -mcpu=cortex-m4 -T"C:\Users\7_wick\flf_workspace\line_follower\STM32F411CEUX_FLASH.ld" --specs=nosys.specs -Wl,-Map="line_follower.map" -Wl,--gc-sections -static -u _scanf_float -u _printf_float --specs=nano.specs -mfpu=fpv4-sp-d16 -mfloat-abi=hard -mthumb -Wl,--start-group -lc -lm -Wl,--end-group
Finished building target: line_follower.elf
 
arm-none-eabi-size  line_follower.elf 
arm-none-eabi-objdump -h -S line_follower.elf  > "line_follower.list"
   text	   data	    bss	    dec	    hex	filename
  46964	    508	   2532	  50004	   c354	line_follower.elf
Finished building: default.size.stdout
 
Finished building: line_follower.list
 
11:34:43 **** Incremental Build of configuration Debug for project line_follower ****
make -j12 all 
arm-none-eabi-size  line_follower.elf 
   text	   data	    bss	    dec	    hex	filename
  46964	    508	   2532	  50004	   c354	line_follower.elf
Finished building: default.size.stdout
 
11:35:00 **** Incremental Build of configuration Debug for project line_follower ****
make -j12 all 
arm-none-eabi-size  line_follower.elf 
   text	   data	    bss	    dec	    hex	filename
  46964	    508	   2532	  50004	   c354	line_follower.elf
Finished building: default.size.stdout
 
11:35:24 **** Incremental Build of configuration Debug for project line_follower ****
make -j12 all 
arm-none-eabi-size  line_follower.elf 
   text	   data	    bss	    dec	    hex	filename
  46964	    508	   2532	  50004	   c354	line_follower.elf
Finished building: default.size.stdout
 
11:35:42 **** Incremental Build of configuration Debug for project line_follower ****
make -j12 all 
arm-none-eabi-size  line_follower.elf 
   text	   data	    bss	    dec	    hex	filename
  46964	    508	   2532	  50004	   c354	line_follower.elf
Finished building: default.size.stdout
 
11:35:57 **** Incremental Build of configuration Debug for project line_follower ****
make -j12 all 
arm-none-eabi-size  line_follower.elf 
   text	   data	    bss	    dec	    hex	filename
  46964	    508	   2532	  50004	   c354	line_follower.elf
Finished building: default.size.stdout
 
11:36:16 **** Incremental Build of configuration Debug for project line_follower ****
make -j12 all 
arm-none-eabi-size  line_follower.elf 
   text	   data	    bss	    dec	    hex	filename
  46964	    508	   2532	  50004	   c354	line_follower.elf
Finished building: default.size.stdout
 
11:36:42 **** Incremental Build of configuration Debug for project line_follower ****
make -j12 all 
arm-none-eabi-size  line_follower.elf 
   text	   data	    bss	    dec	    hex	filename
  46964	    508	   2532	  50004	   c354	line_follower.elf
Finished building: default.size.stdout
 
11:40:41 **** Incremental Build of configuration Debug for project line_follower ****
make -j12 all 
arm-none-eabi-gcc "../Core/Src/main.c" -mcpu=cortex-m4 -std=gnu11 -g3 -DDEBUG -DUSE_HAL_DRIVER -DSTM32F411xE -c -I../Core/Inc -I../Drivers/STM32F4xx_HAL_Driver/Inc -I../Drivers/STM32F4xx_HAL_Driver/Inc/Legacy -I../Drivers/CMSIS/Device/ST/STM32F4xx/Include -I../Drivers/CMSIS/Include -O0 -ffunction-sections -fdata-sections -Wall -fstack-usage -fcyclomatic-complexity -MMD -MP -MF"Core/Src/main.d" -MT"Core/Src/main.o" --specs=nano.specs -mfpu=fpv4-sp-d16 -mfloat-abi=hard -mthumb -o "Core/Src/main.o"
arm-none-eabi-gcc "../Core/Src/sensor_module.c" -mcpu=cortex-m4 -std=gnu11 -g3 -DDEBUG -DUSE_HAL_DRIVER -DSTM32F411xE -c -I../Core/Inc -I../Drivers/STM32F4xx_HAL_Driver/Inc -I../Drivers/STM32F4xx_HAL_Driver/Inc/Legacy -I../Drivers/CMSIS/Device/ST/STM32F4xx/Include -I../Drivers/CMSIS/Include -O0 -ffunction-sections -fdata-sections -Wall -fstack-usage -fcyclomatic-complexity -MMD -MP -MF"Core/Src/sensor_module.d" -MT"Core/Src/sensor_module.o" --specs=nano.specs -mfpu=fpv4-sp-d16 -mfloat-abi=hard -mthumb -o "Core/Src/sensor_module.o"
arm-none-eabi-gcc -o "line_follower.elf" @"objects.list"   -mcpu=cortex-m4 -T"C:\Users\7_wick\flf_workspace\line_follower\STM32F411CEUX_FLASH.ld" --specs=nosys.specs -Wl,-Map="line_follower.map" -Wl,--gc-sections -static -u _scanf_float -u _printf_float --specs=nano.specs -mfpu=fpv4-sp-d16 -mfloat-abi=hard -mthumb -Wl,--start-group -lc -lm -Wl,--end-group
Finished building target: line_follower.elf
 
arm-none-eabi-size  line_follower.elf 
arm-none-eabi-objdump -h -S line_follower.elf  > "line_follower.list"
   text	   data	    bss	    dec	    hex	filename
  46964	    508	   2532	  50004	   c354	line_follower.elf
Finished building: default.size.stdout
 
Finished building: line_follower.list
 
11:48:08 **** Incremental Build of configuration Debug for project line_follower ****
make -j12 all 
arm-none-eabi-gcc "../Core/Src/main.c" -mcpu=cortex-m4 -std=gnu11 -g3 -DDEBUG -DUSE_HAL_DRIVER -DSTM32F411xE -c -I../Core/Inc -I../Drivers/STM32F4xx_HAL_Driver/Inc -I../Drivers/STM32F4xx_HAL_Driver/Inc/Legacy -I../Drivers/CMSIS/Device/ST/STM32F4xx/Include -I../Drivers/CMSIS/Include -O0 -ffunction-sections -fdata-sections -Wall -fstack-usage -fcyclomatic-complexity -MMD -MP -MF"Core/Src/main.d" -MT"Core/Src/main.o" --specs=nano.specs -mfpu=fpv4-sp-d16 -mfloat-abi=hard -mthumb -o "Core/Src/main.o"
arm-none-eabi-gcc "../Core/Src/motor.c" -mcpu=cortex-m4 -std=gnu11 -g3 -DDEBUG -DUSE_HAL_DRIVER -DSTM32F411xE -c -I../Core/Inc -I../Drivers/STM32F4xx_HAL_Driver/Inc -I../Drivers/STM32F4xx_HAL_Driver/Inc/Legacy -I../Drivers/CMSIS/Device/ST/STM32F4xx/Include -I../Drivers/CMSIS/Include -O0 -ffunction-sections -fdata-sections -Wall -fstack-usage -fcyclomatic-complexity -MMD -MP -MF"Core/Src/motor.d" -MT"Core/Src/motor.o" --specs=nano.specs -mfpu=fpv4-sp-d16 -mfloat-abi=hard -mthumb -o "Core/Src/motor.o"
arm-none-eabi-gcc "../Core/Src/sensor_module.c" -mcpu=cortex-m4 -std=gnu11 -g3 -DDEBUG -DUSE_HAL_DRIVER -DSTM32F411xE -c -I../Core/Inc -I../Drivers/STM32F4xx_HAL_Driver/Inc -I../Drivers/STM32F4xx_HAL_Driver/Inc/Legacy -I../Drivers/CMSIS/Device/ST/STM32F4xx/Include -I../Drivers/CMSIS/Include -O0 -ffunction-sections -fdata-sections -Wall -fstack-usage -fcyclomatic-complexity -MMD -MP -MF"Core/Src/sensor_module.d" -MT"Core/Src/sensor_module.o" --specs=nano.specs -mfpu=fpv4-sp-d16 -mfloat-abi=hard -mthumb -o "Core/Src/sensor_module.o"
arm-none-eabi-gcc -o "line_follower.elf" @"objects.list"   -mcpu=cortex-m4 -T"C:\Users\7_wick\flf_workspace\line_follower\STM32F411CEUX_FLASH.ld" --specs=nosys.specs -Wl,-Map="line_follower.map" -Wl,--gc-sections -static -u _scanf_float -u _printf_float --specs=nano.specs -mfpu=fpv4-sp-d16 -mfloat-abi=hard -mthumb -Wl,--start-group -lc -lm -Wl,--end-group
Finished building target: line_follower.elf
 
arm-none-eabi-size  line_follower.elf 
arm-none-eabi-objdump -h -S line_follower.elf  > "line_follower.list"
   text	   data	    bss	    dec	    hex	filename
  47268	    508	   2532	  50308	   c484	line_follower.elf
Finished building: default.size.stdout
 
Finished building: line_follower.list
 
11:51:13 **** Incremental Build of configuration Debug for project line_follower ****
make -j12 all 
arm-none-eabi-gcc "../Core/Src/sensor_module.c" -mcpu=cortex-m4 -std=gnu11 -g3 -DDEBUG -DUSE_HAL_DRIVER -DSTM32F411xE -c -I../Core/Inc -I../Drivers/STM32F4xx_HAL_Driver/Inc -I../Drivers/STM32F4xx_HAL_Driver/Inc/Legacy -I../Drivers/CMSIS/Device/ST/STM32F4xx/Include -I../Drivers/CMSIS/Include -O0 -ffunction-sections -fdata-sections -Wall -fstack-usage -fcyclomatic-complexity -MMD -MP -MF"Core/Src/sensor_module.d" -MT"Core/Src/sensor_module.o" --specs=nano.specs -mfpu=fpv4-sp-d16 -mfloat-abi=hard -mthumb -o "Core/Src/sensor_module.o"
arm-none-eabi-gcc -o "line_follower.elf" @"objects.list"   -mcpu=cortex-m4 -T"C:\Users\7_wick\flf_workspace\line_follower\STM32F411CEUX_FLASH.ld" --specs=nosys.specs -Wl,-Map="line_follower.map" -Wl,--gc-sections -static -u _scanf_float -u _printf_float --specs=nano.specs -mfpu=fpv4-sp-d16 -mfloat-abi=hard -mthumb -Wl,--start-group -lc -lm -Wl,--end-group
Finished building target: line_follower.elf
 
arm-none-eabi-size  line_follower.elf 
arm-none-eabi-objdump -h -S line_follower.elf  > "line_follower.list"
   text	   data	    bss	    dec	    hex	filename
  47276	    508	   2532	  50316	   c48c	line_follower.elf
Finished building: default.size.stdout
 
Finished building: line_follower.list
 
11:52:14 **** Incremental Build of configuration Debug for project line_follower ****
make -j12 all 
arm-none-eabi-size  line_follower.elf 
   text	   data	    bss	    dec	    hex	filename
  47276	    508	   2532	  50316	   c48c	line_follower.elf
Finished building: default.size.stdout
 
11:55:27 **** Incremental Build of configuration Debug for project line_follower ****
make -j12 all 
arm-none-eabi-gcc "../Core/Src/main.c" -mcpu=cortex-m4 -std=gnu11 -g3 -DDEBUG -DUSE_HAL_DRIVER -DSTM32F411xE -c -I../Core/Inc -I../Drivers/STM32F4xx_HAL_Driver/Inc -I../Drivers/STM32F4xx_HAL_Driver/Inc/Legacy -I../Drivers/CMSIS/Device/ST/STM32F4xx/Include -I../Drivers/CMSIS/Include -O0 -ffunction-sections -fdata-sections -Wall -fstack-usage -fcyclomatic-complexity -MMD -MP -MF"Core/Src/main.d" -MT"Core/Src/main.o" --specs=nano.specs -mfpu=fpv4-sp-d16 -mfloat-abi=hard -mthumb -o "Core/Src/main.o"
arm-none-eabi-gcc -o "line_follower.elf" @"objects.list"   -mcpu=cortex-m4 -T"C:\Users\7_wick\flf_workspace\line_follower\STM32F411CEUX_FLASH.ld" --specs=nosys.specs -Wl,-Map="line_follower.map" -Wl,--gc-sections -static -u _scanf_float -u _printf_float --specs=nano.specs -mfpu=fpv4-sp-d16 -mfloat-abi=hard -mthumb -Wl,--start-group -lc -lm -Wl,--end-group
Finished building target: line_follower.elf
 
arm-none-eabi-size  line_follower.elf 
arm-none-eabi-objdump -h -S line_follower.elf  > "line_follower.list"
   text	   data	    bss	    dec	    hex	filename
  47276	    508	   2532	  50316	   c48c	line_follower.elf
Finished building: default.size.stdout
 
Finished building: line_follower.list
 
12:03:46 **** Incremental Build of configuration Debug for project line_follower ****
make -j12 all 
arm-none-eabi-gcc "../Core/Src/main.c" -mcpu=cortex-m4 -std=gnu11 -g3 -DDEBUG -DUSE_HAL_DRIVER -DSTM32F411xE -c -I../Core/Inc -I../Drivers/STM32F4xx_HAL_Driver/Inc -I../Drivers/STM32F4xx_HAL_Driver/Inc/Legacy -I../Drivers/CMSIS/Device/ST/STM32F4xx/Include -I../Drivers/CMSIS/Include -O0 -ffunction-sections -fdata-sections -Wall -fstack-usage -fcyclomatic-complexity -MMD -MP -MF"Core/Src/main.d" -MT"Core/Src/main.o" --specs=nano.specs -mfpu=fpv4-sp-d16 -mfloat-abi=hard -mthumb -o "Core/Src/main.o"
arm-none-eabi-gcc -o "line_follower.elf" @"objects.list"   -mcpu=cortex-m4 -T"C:\Users\7_wick\flf_workspace\line_follower\STM32F411CEUX_FLASH.ld" --specs=nosys.specs -Wl,-Map="line_follower.map" -Wl,--gc-sections -static -u _scanf_float -u _printf_float --specs=nano.specs -mfpu=fpv4-sp-d16 -mfloat-abi=hard -mthumb -Wl,--start-group -lc -lm -Wl,--end-group
Finished building target: line_follower.elf
 
arm-none-eabi-size  line_follower.elf 
arm-none-eabi-objdump -h -S line_follower.elf  > "line_follower.list"
   text	   data	    bss	    dec	    hex	filename
  47276	    508	   2532	  50316	   c48c	line_follower.elf
Finished building: default.size.stdout
 
Finished building: line_follower.list
 
12:09:48 **** Incremental Build of configuration Debug for project line_follower ****
make -j12 all 
arm-none-eabi-gcc "../Core/Src/sensor_module.c" -mcpu=cortex-m4 -std=gnu11 -g3 -DDEBUG -DUSE_HAL_DRIVER -DSTM32F411xE -c -I../Core/Inc -I../Drivers/STM32F4xx_HAL_Driver/Inc -I../Drivers/STM32F4xx_HAL_Driver/Inc/Legacy -I../Drivers/CMSIS/Device/ST/STM32F4xx/Include -I../Drivers/CMSIS/Include -O0 -ffunction-sections -fdata-sections -Wall -fstack-usage -fcyclomatic-complexity -MMD -MP -MF"Core/Src/sensor_module.d" -MT"Core/Src/sensor_module.o" --specs=nano.specs -mfpu=fpv4-sp-d16 -mfloat-abi=hard -mthumb -o "Core/Src/sensor_module.o"
arm-none-eabi-gcc -o "line_follower.elf" @"objects.list"   -mcpu=cortex-m4 -T"C:\Users\7_wick\flf_workspace\line_follower\STM32F411CEUX_FLASH.ld" --specs=nosys.specs -Wl,-Map="line_follower.map" -Wl,--gc-sections -static -u _scanf_float -u _printf_float --specs=nano.specs -mfpu=fpv4-sp-d16 -mfloat-abi=hard -mthumb -Wl,--start-group -lc -lm -Wl,--end-group
Finished building target: line_follower.elf
 
arm-none-eabi-size  line_follower.elf 
arm-none-eabi-objdump -h -S line_follower.elf  > "line_follower.list"
   text	   data	    bss	    dec	    hex	filename
  47276	    508	   2532	  50316	   c48c	line_follower.elf
Finished building: default.size.stdout
 
Finished building: line_follower.list
 
12:10:21 **** Incremental Build of configuration Debug for project line_follower ****
make -j12 all 
arm-none-eabi-size  line_follower.elf 
   text	   data	    bss	    dec	    hex	filename
  47276	    508	   2532	  50316	   c48c	line_follower.elf
Finished building: default.size.stdout
 
12:10:39 **** Incremental Build of configuration Debug for project line_follower ****
make -j12 all 
arm-none-eabi-size  line_follower.elf 
   text	   data	    bss	    dec	    hex	filename
  47276	    508	   2532	  50316	   c48c	line_follower.elf
Finished building: default.size.stdout
 
12:33:47 **** Incremental Build of configuration Debug for project line_follower ****
make -j12 all 
arm-none-eabi-gcc "../Core/Src/main.c" -mcpu=cortex-m4 -std=gnu11 -g3 -DDEBUG -DUSE_HAL_DRIVER -DSTM32F411xE -c -I../Core/Inc -I../Drivers/STM32F4xx_HAL_Driver/Inc -I../Drivers/STM32F4xx_HAL_Driver/Inc/Legacy -I../Drivers/CMSIS/Device/ST/STM32F4xx/Include -I../Drivers/CMSIS/Include -O0 -ffunction-sections -fdata-sections -Wall -fstack-usage -fcyclomatic-complexity -MMD -MP -MF"Core/Src/main.d" -MT"Core/Src/main.o" --specs=nano.specs -mfpu=fpv4-sp-d16 -mfloat-abi=hard -mthumb -o "Core/Src/main.o"
arm-none-eabi-gcc "../Core/Src/sensor_module.c" -mcpu=cortex-m4 -std=gnu11 -g3 -DDEBUG -DUSE_HAL_DRIVER -DSTM32F411xE -c -I../Core/Inc -I../Drivers/STM32F4xx_HAL_Driver/Inc -I../Drivers/STM32F4xx_HAL_Driver/Inc/Legacy -I../Drivers/CMSIS/Device/ST/STM32F4xx/Include -I../Drivers/CMSIS/Include -O0 -ffunction-sections -fdata-sections -Wall -fstack-usage -fcyclomatic-complexity -MMD -MP -MF"Core/Src/sensor_module.d" -MT"Core/Src/sensor_module.o" --specs=nano.specs -mfpu=fpv4-sp-d16 -mfloat-abi=hard -mthumb -o "Core/Src/sensor_module.o"
arm-none-eabi-gcc -o "line_follower.elf" @"objects.list"   -mcpu=cortex-m4 -T"C:\Users\7_wick\flf_workspace\line_follower\STM32F411CEUX_FLASH.ld" --specs=nosys.specs -Wl,-Map="line_follower.map" -Wl,--gc-sections -static -u _scanf_float -u _printf_float --specs=nano.specs -mfpu=fpv4-sp-d16 -mfloat-abi=hard -mthumb -Wl,--start-group -lc -lm -Wl,--end-group
Finished building target: line_follower.elf
 
arm-none-eabi-size  line_follower.elf 
arm-none-eabi-objdump -h -S line_follower.elf  > "line_follower.list"
   text	   data	    bss	    dec	    hex	filename
  47276	    508	   2532	  50316	   c48c	line_follower.elf
Finished building: default.size.stdout
 
Finished building: line_follower.list
 
12:36:00 **** Incremental Build of configuration Debug for project line_follower ****
make -j12 all 
arm-none-eabi-gcc "../Core/Src/sensor_module.c" -mcpu=cortex-m4 -std=gnu11 -g3 -DDEBUG -DUSE_HAL_DRIVER -DSTM32F411xE -c -I../Core/Inc -I../Drivers/STM32F4xx_HAL_Driver/Inc -I../Drivers/STM32F4xx_HAL_Driver/Inc/Legacy -I../Drivers/CMSIS/Device/ST/STM32F4xx/Include -I../Drivers/CMSIS/Include -O0 -ffunction-sections -fdata-sections -Wall -fstack-usage -fcyclomatic-complexity -MMD -MP -MF"Core/Src/sensor_module.d" -MT"Core/Src/sensor_module.o" --specs=nano.specs -mfpu=fpv4-sp-d16 -mfloat-abi=hard -mthumb -o "Core/Src/sensor_module.o"
arm-none-eabi-gcc -o "line_follower.elf" @"objects.list"   -mcpu=cortex-m4 -T"C:\Users\7_wick\flf_workspace\line_follower\STM32F411CEUX_FLASH.ld" --specs=nosys.specs -Wl,-Map="line_follower.map" -Wl,--gc-sections -static -u _scanf_float -u _printf_float --specs=nano.specs -mfpu=fpv4-sp-d16 -mfloat-abi=hard -mthumb -Wl,--start-group -lc -lm -Wl,--end-group
Finished building target: line_follower.elf
 
arm-none-eabi-size  line_follower.elf 
arm-none-eabi-objdump -h -S line_follower.elf  > "line_follower.list"
   text	   data	    bss	    dec	    hex	filename
  47276	    508	   2532	  50316	   c48c	line_follower.elf
Finished building: default.size.stdout
 
Finished building: line_follower.list
 
12:40:54 **** Incremental Build of configuration Debug for project line_follower ****
make -j12 all 
arm-none-eabi-gcc "../Core/Src/main.c" -mcpu=cortex-m4 -std=gnu11 -g3 -DDEBUG -DUSE_HAL_DRIVER -DSTM32F411xE -c -I../Core/Inc -I../Drivers/STM32F4xx_HAL_Driver/Inc -I../Drivers/STM32F4xx_HAL_Driver/Inc/Legacy -I../Drivers/CMSIS/Device/ST/STM32F4xx/Include -I../Drivers/CMSIS/Include -O0 -ffunction-sections -fdata-sections -Wall -fstack-usage -fcyclomatic-complexity -MMD -MP -MF"Core/Src/main.d" -MT"Core/Src/main.o" --specs=nano.specs -mfpu=fpv4-sp-d16 -mfloat-abi=hard -mthumb -o "Core/Src/main.o"
arm-none-eabi-gcc -o "line_follower.elf" @"objects.list"   -mcpu=cortex-m4 -T"C:\Users\7_wick\flf_workspace\line_follower\STM32F411CEUX_FLASH.ld" --specs=nosys.specs -Wl,-Map="line_follower.map" -Wl,--gc-sections -static -u _scanf_float -u _printf_float --specs=nano.specs -mfpu=fpv4-sp-d16 -mfloat-abi=hard -mthumb -Wl,--start-group -lc -lm -Wl,--end-group
Finished building target: line_follower.elf
 
arm-none-eabi-size  line_follower.elf 
arm-none-eabi-objdump -h -S line_follower.elf  > "line_follower.list"
   text	   data	    bss	    dec	    hex	filename
  47308	    508	   2532	  50348	   c4ac	line_follower.elf
Finished building: default.size.stdout
 
Finished building: line_follower.list
 
12:41:14 **** Incremental Build of configuration Debug for project line_follower ****
make -j12 all 
arm-none-eabi-size  line_follower.elf 
   text	   data	    bss	    dec	    hex	filename
  47308	    508	   2532	  50348	   c4ac	line_follower.elf
Finished building: default.size.stdout
 
12:41:33 **** Incremental Build of configuration Debug for project line_follower ****
make -j12 all 
arm-none-eabi-size  line_follower.elf 
   text	   data	    bss	    dec	    hex	filename
  47308	    508	   2532	  50348	   c4ac	line_follower.elf
Finished building: default.size.stdout
 
13:48:52 **** Incremental Build of configuration Debug for project line_follower ****
make -j12 all 
arm-none-eabi-gcc "../Core/Src/main.c" -mcpu=cortex-m4 -std=gnu11 -g3 -DDEBUG -DUSE_HAL_DRIVER -DSTM32F411xE -c -I../Core/Inc -I../Drivers/STM32F4xx_HAL_Driver/Inc -I../Drivers/STM32F4xx_HAL_Driver/Inc/Legacy -I../Drivers/CMSIS/Device/ST/STM32F4xx/Include -I../Drivers/CMSIS/Include -O0 -ffunction-sections -fdata-sections -Wall -fstack-usage -fcyclomatic-complexity -MMD -MP -MF"Core/Src/main.d" -MT"Core/Src/main.o" --specs=nano.specs -mfpu=fpv4-sp-d16 -mfloat-abi=hard -mthumb -o "Core/Src/main.o"
arm-none-eabi-gcc -o "line_follower.elf" @"objects.list"   -mcpu=cortex-m4 -T"C:\Users\7_wick\flf_workspace\line_follower\STM32F411CEUX_FLASH.ld" --specs=nosys.specs -Wl,-Map="line_follower.map" -Wl,--gc-sections -static -u _scanf_float -u _printf_float --specs=nano.specs -mfpu=fpv4-sp-d16 -mfloat-abi=hard -mthumb -Wl,--start-group -lc -lm -Wl,--end-group
Finished building target: line_follower.elf
 
arm-none-eabi-size  line_follower.elf 
arm-none-eabi-objdump -h -S line_follower.elf  > "line_follower.list"
   text	   data	    bss	    dec	    hex	filename
  47300	    508	   2532	  50340	   c4a4	line_follower.elf
Finished building: default.size.stdout
 
Finished building: line_follower.list
 
13:49:16 **** Incremental Build of configuration Debug for project line_follower ****
make -j12 all 
arm-none-eabi-size  line_follower.elf 
   text	   data	    bss	    dec	    hex	filename
  47300	    508	   2532	  50340	   c4a4	line_follower.elf
Finished building: default.size.stdout
 
13:59:04 **** Incremental Build of configuration Debug for project line_follower ****
make -j12 all 
arm-none-eabi-gcc "../Core/Src/sensor_module.c" -mcpu=cortex-m4 -std=gnu11 -g3 -DDEBUG -DUSE_HAL_DRIVER -DSTM32F411xE -c -I../Core/Inc -I../Drivers/STM32F4xx_HAL_Driver/Inc -I../Drivers/STM32F4xx_HAL_Driver/Inc/Legacy -I../Drivers/CMSIS/Device/ST/STM32F4xx/Include -I../Drivers/CMSIS/Include -O0 -ffunction-sections -fdata-sections -Wall -fstack-usage -fcyclomatic-complexity -MMD -MP -MF"Core/Src/sensor_module.d" -MT"Core/Src/sensor_module.o" --specs=nano.specs -mfpu=fpv4-sp-d16 -mfloat-abi=hard -mthumb -o "Core/Src/sensor_module.o"
arm-none-eabi-gcc -o "line_follower.elf" @"objects.list"   -mcpu=cortex-m4 -T"C:\Users\7_wick\flf_workspace\line_follower\STM32F411CEUX_FLASH.ld" --specs=nosys.specs -Wl,-Map="line_follower.map" -Wl,--gc-sections -static -u _scanf_float -u _printf_float --specs=nano.specs -mfpu=fpv4-sp-d16 -mfloat-abi=hard -mthumb -Wl,--start-group -lc -lm -Wl,--end-group
Finished building target: line_follower.elf
 
arm-none-eabi-size  line_follower.elf 
arm-none-eabi-objdump -h -S line_follower.elf  > "line_follower.list"
   text	   data	    bss	    dec	    hex	filename
  47300	    508	   2532	  50340	   c4a4	line_follower.elf
Finished building: default.size.stdout
 
Finished building: line_follower.list
 
13:59:23 **** Incremental Build of configuration Debug for project line_follower ****
make -j12 all 
arm-none-eabi-size  line_follower.elf 
   text	   data	    bss	    dec	    hex	filename
  47300	    508	   2532	  50340	   c4a4	line_follower.elf
Finished building: default.size.stdout
 
14:02:24 **** Incremental Build of configuration Debug for project line_follower ****
make -j12 all 
arm-none-eabi-gcc "../Core/Src/sensor_module.c" -mcpu=cortex-m4 -std=gnu11 -g3 -DDEBUG -DUSE_HAL_DRIVER -DSTM32F411xE -c -I../Core/Inc -I../Drivers/STM32F4xx_HAL_Driver/Inc -I../Drivers/STM32F4xx_HAL_Driver/Inc/Legacy -I../Drivers/CMSIS/Device/ST/STM32F4xx/Include -I../Drivers/CMSIS/Include -O0 -ffunction-sections -fdata-sections -Wall -fstack-usage -fcyclomatic-complexity -MMD -MP -MF"Core/Src/sensor_module.d" -MT"Core/Src/sensor_module.o" --specs=nano.specs -mfpu=fpv4-sp-d16 -mfloat-abi=hard -mthumb -o "Core/Src/sensor_module.o"
arm-none-eabi-gcc -o "line_follower.elf" @"objects.list"   -mcpu=cortex-m4 -T"C:\Users\7_wick\flf_workspace\line_follower\STM32F411CEUX_FLASH.ld" --specs=nosys.specs -Wl,-Map="line_follower.map" -Wl,--gc-sections -static -u _scanf_float -u _printf_float --specs=nano.specs -mfpu=fpv4-sp-d16 -mfloat-abi=hard -mthumb -Wl,--start-group -lc -lm -Wl,--end-group
Finished building target: line_follower.elf
 
arm-none-eabi-size  line_follower.elf 
arm-none-eabi-objdump -h -S line_follower.elf  > "line_follower.list"
   text	   data	    bss	    dec	    hex	filename
  47300	    508	   2532	  50340	   c4a4	line_follower.elf
Finished building: default.size.stdout
 
Finished building: line_follower.list
 
14:02:51 **** Incremental Build of configuration Debug for project line_follower ****
make -j12 all 
arm-none-eabi-gcc "../Core/Src/main.c" -mcpu=cortex-m4 -std=gnu11 -g3 -DDEBUG -DUSE_HAL_DRIVER -DSTM32F411xE -c -I../Core/Inc -I../Drivers/STM32F4xx_HAL_Driver/Inc -I../Drivers/STM32F4xx_HAL_Driver/Inc/Legacy -I../Drivers/CMSIS/Device/ST/STM32F4xx/Include -I../Drivers/CMSIS/Include -O0 -ffunction-sections -fdata-sections -Wall -fstack-usage -fcyclomatic-complexity -MMD -MP -MF"Core/Src/main.d" -MT"Core/Src/main.o" --specs=nano.specs -mfpu=fpv4-sp-d16 -mfloat-abi=hard -mthumb -o "Core/Src/main.o"
arm-none-eabi-gcc -o "line_follower.elf" @"objects.list"   -mcpu=cortex-m4 -T"C:\Users\7_wick\flf_workspace\line_follower\STM32F411CEUX_FLASH.ld" --specs=nosys.specs -Wl,-Map="line_follower.map" -Wl,--gc-sections -static -u _scanf_float -u _printf_float --specs=nano.specs -mfpu=fpv4-sp-d16 -mfloat-abi=hard -mthumb -Wl,--start-group -lc -lm -Wl,--end-group
Finished building target: line_follower.elf
 
arm-none-eabi-size  line_follower.elf 
arm-none-eabi-objdump -h -S line_follower.elf  > "line_follower.list"
   text	   data	    bss	    dec	    hex	filename
  47300	    508	   2532	  50340	   c4a4	line_follower.elf
Finished building: default.size.stdout
 
Finished building: line_follower.list
 
14:03:19 **** Incremental Build of configuration Debug for project line_follower ****
make -j12 all 
arm-none-eabi-size  line_follower.elf 
   text	   data	    bss	    dec	    hex	filename
  47300	    508	   2532	  50340	   c4a4	line_follower.elf
Finished building: default.size.stdout
 
14:16:42 **** Incremental Build of configuration Debug for project line_follower ****
make -j12 all 
arm-none-eabi-gcc "../Core/Src/main.c" -mcpu=cortex-m4 -std=gnu11 -g3 -DDEBUG -DUSE_HAL_DRIVER -DSTM32F411xE -c -I../Core/Inc -I../Drivers/STM32F4xx_HAL_Driver/Inc -I../Drivers/STM32F4xx_HAL_Driver/Inc/Legacy -I../Drivers/CMSIS/Device/ST/STM32F4xx/Include -I../Drivers/CMSIS/Include -O0 -ffunction-sections -fdata-sections -Wall -fstack-usage -fcyclomatic-complexity -MMD -MP -MF"Core/Src/main.d" -MT"Core/Src/main.o" --specs=nano.specs -mfpu=fpv4-sp-d16 -mfloat-abi=hard -mthumb -o "Core/Src/main.o"
arm-none-eabi-gcc -o "line_follower.elf" @"objects.list"   -mcpu=cortex-m4 -T"C:\Users\7_wick\flf_workspace\line_follower\STM32F411CEUX_FLASH.ld" --specs=nosys.specs -Wl,-Map="line_follower.map" -Wl,--gc-sections -static -u _scanf_float -u _printf_float --specs=nano.specs -mfpu=fpv4-sp-d16 -mfloat-abi=hard -mthumb -Wl,--start-group -lc -lm -Wl,--end-group
Finished building target: line_follower.elf
 
arm-none-eabi-size  line_follower.elf 
arm-none-eabi-objdump -h -S line_follower.elf  > "line_follower.list"
   text	   data	    bss	    dec	    hex	filename
  47300	    508	   2532	  50340	   c4a4	line_follower.elf
Finished building: default.size.stdout
 
Finished building: line_follower.list
 
14:59:47 **** Incremental Build of configuration Debug for project line_follower ****
make -j12 all 
arm-none-eabi-gcc "../Core/Src/main.c" -mcpu=cortex-m4 -std=gnu11 -g3 -DDEBUG -DUSE_HAL_DRIVER -DSTM32F411xE -c -I../Core/Inc -I../Drivers/STM32F4xx_HAL_Driver/Inc -I../Drivers/STM32F4xx_HAL_Driver/Inc/Legacy -I../Drivers/CMSIS/Device/ST/STM32F4xx/Include -I../Drivers/CMSIS/Include -O0 -ffunction-sections -fdata-sections -Wall -fstack-usage -fcyclomatic-complexity -MMD -MP -MF"Core/Src/main.d" -MT"Core/Src/main.o" --specs=nano.specs -mfpu=fpv4-sp-d16 -mfloat-abi=hard -mthumb -o "Core/Src/main.o"
arm-none-eabi-gcc "../Core/Src/sensor_module.c" -mcpu=cortex-m4 -std=gnu11 -g3 -DDEBUG -DUSE_HAL_DRIVER -DSTM32F411xE -c -I../Core/Inc -I../Drivers/STM32F4xx_HAL_Driver/Inc -I../Drivers/STM32F4xx_HAL_Driver/Inc/Legacy -I../Drivers/CMSIS/Device/ST/STM32F4xx/Include -I../Drivers/CMSIS/Include -O0 -ffunction-sections -fdata-sections -Wall -fstack-usage -fcyclomatic-complexity -MMD -MP -MF"Core/Src/sensor_module.d" -MT"Core/Src/sensor_module.o" --specs=nano.specs -mfpu=fpv4-sp-d16 -mfloat-abi=hard -mthumb -o "Core/Src/sensor_module.o"
arm-none-eabi-gcc -o "line_follower.elf" @"objects.list"   -mcpu=cortex-m4 -T"C:\Users\7_wick\flf_workspace\line_follower\STM32F411CEUX_FLASH.ld" --specs=nosys.specs -Wl,-Map="line_follower.map" -Wl,--gc-sections -static -u _scanf_float -u _printf_float --specs=nano.specs -mfpu=fpv4-sp-d16 -mfloat-abi=hard -mthumb -Wl,--start-group -lc -lm -Wl,--end-group
Finished building target: line_follower.elf
 
arm-none-eabi-size  line_follower.elf 
arm-none-eabi-objdump -h -S line_follower.elf  > "line_follower.list"
   text	   data	    bss	    dec	    hex	filename
  47308	    508	   2532	  50348	   c4ac	line_follower.elf
Finished building: default.size.stdout
 
Finished building: line_follower.list
 
15:13:27 **** Incremental Build of configuration Debug for project line_follower ****
make -j12 all 
arm-none-eabi-size  line_follower.elf 
   text	   data	    bss	    dec	    hex	filename
  47308	    508	   2532	  50348	   c4ac	line_follower.elf
Finished building: default.size.stdout
 
15:19:57 **** Incremental Build of configuration Debug for project line_follower ****
make -j12 all 
arm-none-eabi-gcc "../Core/Src/main.c" -mcpu=cortex-m4 -std=gnu11 -g3 -DDEBUG -DUSE_HAL_DRIVER -DSTM32F411xE -c -I../Core/Inc -I../Drivers/STM32F4xx_HAL_Driver/Inc -I../Drivers/STM32F4xx_HAL_Driver/Inc/Legacy -I../Drivers/CMSIS/Device/ST/STM32F4xx/Include -I../Drivers/CMSIS/Include -O0 -ffunction-sections -fdata-sections -Wall -fstack-usage -fcyclomatic-complexity -MMD -MP -MF"Core/Src/main.d" -MT"Core/Src/main.o" --specs=nano.specs -mfpu=fpv4-sp-d16 -mfloat-abi=hard -mthumb -o "Core/Src/main.o"
arm-none-eabi-gcc -o "line_follower.elf" @"objects.list"   -mcpu=cortex-m4 -T"C:\Users\7_wick\flf_workspace\line_follower\STM32F411CEUX_FLASH.ld" --specs=nosys.specs -Wl,-Map="line_follower.map" -Wl,--gc-sections -static -u _scanf_float -u _printf_float --specs=nano.specs -mfpu=fpv4-sp-d16 -mfloat-abi=hard -mthumb -Wl,--start-group -lc -lm -Wl,--end-group
Finished building target: line_follower.elf
 
arm-none-eabi-size  line_follower.elf 
arm-none-eabi-objdump -h -S line_follower.elf  > "line_follower.list"
   text	   data	    bss	    dec	    hex	filename
  47308	    508	   2532	  50348	   c4ac	line_follower.elf
Finished building: default.size.stdout
 
Finished building: line_follower.list
 
15:20:18 **** Incremental Build of configuration Debug for project line_follower ****
make -j12 all 
arm-none-eabi-size  line_follower.elf 
   text	   data	    bss	    dec	    hex	filename
  47308	    508	   2532	  50348	   c4ac	line_follower.elf
Finished building: default.size.stdout
 
15:20:37 **** Incremental Build of configuration Debug for project line_follower ****
make -j12 all 
arm-none-eabi-size  line_follower.elf 
   text	   data	    bss	    dec	    hex	filename
  47308	    508	   2532	  50348	   c4ac	line_follower.elf
Finished building: default.size.stdout
 
15:20:58 **** Incremental Build of configuration Debug for project line_follower ****
make -j12 all 
arm-none-eabi-size  line_follower.elf 
   text	   data	    bss	    dec	    hex	filename
  47308	    508	   2532	  50348	   c4ac	line_follower.elf
Finished building: default.size.stdout
 
15:21:24 **** Incremental Build of configuration Debug for project line_follower ****
make -j12 all 
arm-none-eabi-size  line_follower.elf 
   text	   data	    bss	    dec	    hex	filename
  47308	    508	   2532	  50348	   c4ac	line_follower.elf
Finished building: default.size.stdout
 
15:21:51 **** Incremental Build of configuration Debug for project line_follower ****
make -j12 all 
arm-none-eabi-size  line_follower.elf 
   text	   data	    bss	    dec	    hex	filename
  47308	    508	   2532	  50348	   c4ac	line_follower.elf
Finished building: default.size.stdout
 
15:22:13 **** Incremental Build of configuration Debug for project line_follower ****
make -j12 all 
arm-none-eabi-size  line_follower.elf 
   text	   data	    bss	    dec	    hex	filename
  47308	    508	   2532	  50348	   c4ac	line_follower.elf
Finished building: default.size.stdout
 
15:22:39 **** Incremental Build of configuration Debug for project line_follower ****
make -j12 all 
arm-none-eabi-size  line_follower.elf 
   text	   data	    bss	    dec	    hex	filename
  47308	    508	   2532	  50348	   c4ac	line_follower.elf
Finished building: default.size.stdout
 
15:22:57 **** Incremental Build of configuration Debug for project line_follower ****
make -j12 all 
arm-none-eabi-size  line_follower.elf 
   text	   data	    bss	    dec	    hex	filename
  47308	    508	   2532	  50348	   c4ac	line_follower.elf
Finished building: default.size.stdout
 
15:23:25 **** Incremental Build of configuration Debug for project line_follower ****
make -j12 all 
arm-none-eabi-size  line_follower.elf 
   text	   data	    bss	    dec	    hex	filename
  47308	    508	   2532	  50348	   c4ac	line_follower.elf
Finished building: default.size.stdout
 
15:24:16 **** Incremental Build of configuration Debug for project line_follower ****
make -j12 all 
arm-none-eabi-size  line_follower.elf 
   text	   data	    bss	    dec	    hex	filename
  47308	    508	   2532	  50348	   c4ac	line_follower.elf
Finished building: default.size.stdout
 
15:24:47 **** Incremental Build of configuration Debug for project line_follower ****
make -j12 all 
arm-none-eabi-size  line_follower.elf 
   text	   data	    bss	    dec	    hex	filename
  47308	    508	   2532	  50348	   c4ac	line_follower.elf
Finished building: default.size.stdout
 
15:40:26 **** Incremental Build of configuration Debug for project line_follower ****
make -j12 all 
arm-none-eabi-size  line_follower.elf 
   text	   data	    bss	    dec	    hex	filename
  47308	    508	   2532	  50348	   c4ac	line_follower.elf
Finished building: default.size.stdout
 
15:40:51 **** Incremental Build of configuration Debug for project line_follower ****
make -j12 all 
arm-none-eabi-size  line_follower.elf 
   text	   data	    bss	    dec	    hex	filename
  47308	    508	   2532	  50348	   c4ac	line_follower.elf
Finished building: default.size.stdout
 
15:41:08 **** Incremental Build of configuration Debug for project line_follower ****
make -j12 all 
arm-none-eabi-size  line_follower.elf 
   text	   data	    bss	    dec	    hex	filename
  47308	    508	   2532	  50348	   c4ac	line_follower.elf
Finished building: default.size.stdout
 
15:41:22 **** Incremental Build of configuration Debug for project line_follower ****
make -j12 all 
arm-none-eabi-size  line_follower.elf 
   text	   data	    bss	    dec	    hex	filename
  47308	    508	   2532	  50348	   c4ac	line_follower.elf
Finished building: default.size.stdout
 
15:41:45 **** Incremental Build of configuration Debug for project line_follower ****
make -j12 all 
arm-none-eabi-size  line_follower.elf 
   text	   data	    bss	    dec	    hex	filename
  47308	    508	   2532	  50348	   c4ac	line_follower.elf
Finished building: default.size.stdout
 
15:43:11 **** Incremental Build of configuration Debug for project line_follower ****
make -j12 all 
arm-none-eabi-size  line_follower.elf 
   text	   data	    bss	    dec	    hex	filename
  47308	    508	   2532	  50348	   c4ac	line_follower.elf
Finished building: default.size.stdout
 
15:44:00 **** Incremental Build of configuration Debug for project line_follower ****
make -j12 all 
arm-none-eabi-size  line_follower.elf 
   text	   data	    bss	    dec	    hex	filename
  47308	    508	   2532	  50348	   c4ac	line_follower.elf
Finished building: default.size.stdout
 
15:44:34 **** Incremental Build of configuration Debug for project line_follower ****
make -j12 all 
arm-none-eabi-size  line_follower.elf 
   text	   data	    bss	    dec	    hex	filename
  47308	    508	   2532	  50348	   c4ac	line_follower.elf
Finished building: default.size.stdout
 
15:48:01 **** Incremental Build of configuration Debug for project line_follower ****
make -j12 all 
arm-none-eabi-size  line_follower.elf 
   text	   data	    bss	    dec	    hex	filename
  47308	    508	   2532	  50348	   c4ac	line_follower.elf
Finished building: default.size.stdout
 
15:49:08 **** Incremental Build of configuration Debug for project line_follower ****
make -j12 all 
arm-none-eabi-size  line_follower.elf 
   text	   data	    bss	    dec	    hex	filename
  47308	    508	   2532	  50348	   c4ac	line_follower.elf
Finished building: default.size.stdout
 
15:49:48 **** Incremental Build of configuration Debug for project line_follower ****
make -j12 all 
arm-none-eabi-size  line_follower.elf 
   text	   data	    bss	    dec	    hex	filename
  47308	    508	   2532	  50348	   c4ac	line_follower.elf
Finished building: default.size.stdout
 
16:03:51 **** Incremental Build of configuration Debug for project line_follower ****
make -j12 all 
arm-none-eabi-gcc "../Core/Src/main.c" -mcpu=cortex-m4 -std=gnu11 -g3 -DDEBUG -DUSE_HAL_DRIVER -DSTM32F411xE -c -I../Core/Inc -I../Drivers/STM32F4xx_HAL_Driver/Inc -I../Drivers/STM32F4xx_HAL_Driver/Inc/Legacy -I../Drivers/CMSIS/Device/ST/STM32F4xx/Include -I../Drivers/CMSIS/Include -O0 -ffunction-sections -fdata-sections -Wall -fstack-usage -fcyclomatic-complexity -MMD -MP -MF"Core/Src/main.d" -MT"Core/Src/main.o" --specs=nano.specs -mfpu=fpv4-sp-d16 -mfloat-abi=hard -mthumb -o "Core/Src/main.o"
arm-none-eabi-gcc -o "line_follower.elf" @"objects.list"   -mcpu=cortex-m4 -T"C:\Users\7_wick\flf_workspace\line_follower\STM32F411CEUX_FLASH.ld" --specs=nosys.specs -Wl,-Map="line_follower.map" -Wl,--gc-sections -static -u _scanf_float -u _printf_float --specs=nano.specs -mfpu=fpv4-sp-d16 -mfloat-abi=hard -mthumb -Wl,--start-group -lc -lm -Wl,--end-group
Finished building target: line_follower.elf
 
arm-none-eabi-size  line_follower.elf 
arm-none-eabi-objdump -h -S line_follower.elf  > "line_follower.list"
   text	   data	    bss	    dec	    hex	filename
  47308	    508	   2532	  50348	   c4ac	line_follower.elf
Finished building: default.size.stdout
 
Finished building: line_follower.list
 
16:04:30 **** Incremental Build of configuration Debug for project line_follower ****
make -j12 all 
arm-none-eabi-gcc "../Core/Src/main.c" -mcpu=cortex-m4 -std=gnu11 -g3 -DDEBUG -DUSE_HAL_DRIVER -DSTM32F411xE -c -I../Core/Inc -I../Drivers/STM32F4xx_HAL_Driver/Inc -I../Drivers/STM32F4xx_HAL_Driver/Inc/Legacy -I../Drivers/CMSIS/Device/ST/STM32F4xx/Include -I../Drivers/CMSIS/Include -O0 -ffunction-sections -fdata-sections -Wall -fstack-usage -fcyclomatic-complexity -MMD -MP -MF"Core/Src/main.d" -MT"Core/Src/main.o" --specs=nano.specs -mfpu=fpv4-sp-d16 -mfloat-abi=hard -mthumb -o "Core/Src/main.o"
arm-none-eabi-gcc -o "line_follower.elf" @"objects.list"   -mcpu=cortex-m4 -T"C:\Users\7_wick\flf_workspace\line_follower\STM32F411CEUX_FLASH.ld" --specs=nosys.specs -Wl,-Map="line_follower.map" -Wl,--gc-sections -static -u _scanf_float -u _printf_float --specs=nano.specs -mfpu=fpv4-sp-d16 -mfloat-abi=hard -mthumb -Wl,--start-group -lc -lm -Wl,--end-group
Finished building target: line_follower.elf
 
arm-none-eabi-size  line_follower.elf 
arm-none-eabi-objdump -h -S line_follower.elf  > "line_follower.list"
   text	   data	    bss	    dec	    hex	filename
  47308	    508	   2532	  50348	   c4ac	line_follower.elf
Finished building: default.size.stdout
 
Finished building: line_follower.list
 
16:09:21 **** Incremental Build of configuration Debug for project line_follower ****
make -j12 all 
arm-none-eabi-size  line_follower.elf 
   text	   data	    bss	    dec	    hex	filename
  47308	    508	   2532	  50348	   c4ac	line_follower.elf
Finished building: default.size.stdout
 
16:13:54 **** Incremental Build of configuration Debug for project line_follower ****
make -j12 all 
arm-none-eabi-size  line_follower.elf 
   text	   data	    bss	    dec	    hex	filename
  47308	    508	   2532	  50348	   c4ac	line_follower.elf
Finished building: default.size.stdout
 
16:14:59 **** Incremental Build of configuration Debug for project line_follower ****
make -j12 all 
arm-none-eabi-gcc "../Core/Src/main.c" -mcpu=cortex-m4 -std=gnu11 -g3 -DDEBUG -DUSE_HAL_DRIVER -DSTM32F411xE -c -I../Core/Inc -I../Drivers/STM32F4xx_HAL_Driver/Inc -I../Drivers/STM32F4xx_HAL_Driver/Inc/Legacy -I../Drivers/CMSIS/Device/ST/STM32F4xx/Include -I../Drivers/CMSIS/Include -O0 -ffunction-sections -fdata-sections -Wall -fstack-usage -fcyclomatic-complexity -MMD -MP -MF"Core/Src/main.d" -MT"Core/Src/main.o" --specs=nano.specs -mfpu=fpv4-sp-d16 -mfloat-abi=hard -mthumb -o "Core/Src/main.o"
arm-none-eabi-gcc -o "line_follower.elf" @"objects.list"   -mcpu=cortex-m4 -T"C:\Users\7_wick\flf_workspace\line_follower\STM32F411CEUX_FLASH.ld" --specs=nosys.specs -Wl,-Map="line_follower.map" -Wl,--gc-sections -static -u _scanf_float -u _printf_float --specs=nano.specs -mfpu=fpv4-sp-d16 -mfloat-abi=hard -mthumb -Wl,--start-group -lc -lm -Wl,--end-group
Finished building target: line_follower.elf
 
arm-none-eabi-size  line_follower.elf 
arm-none-eabi-objdump -h -S line_follower.elf  > "line_follower.list"
   text	   data	    bss	    dec	    hex	filename
  47308	    508	   2532	  50348	   c4ac	line_follower.elf
Finished building: default.size.stdout
 
Finished building: line_follower.list
 
16:16:02 **** Incremental Build of configuration Debug for project line_follower ****
make -j12 all 
arm-none-eabi-size  line_follower.elf 
   text	   data	    bss	    dec	    hex	filename
  47308	    508	   2532	  50348	   c4ac	line_follower.elf
Finished building: default.size.stdout
 
16:20:18 **** Incremental Build of configuration Debug for project line_follower ****
make -j12 all 
arm-none-eabi-size  line_follower.elf 
   text	   data	    bss	    dec	    hex	filename
  47308	    508	   2532	  50348	   c4ac	line_follower.elf
Finished building: default.size.stdout
 
16:21:14 **** Incremental Build of configuration Debug for project line_follower ****
make -j12 all 
arm-none-eabi-size  line_follower.elf 
   text	   data	    bss	    dec	    hex	filename
  47308	    508	   2532	  50348	   c4ac	line_follower.elf
Finished building: default.size.stdout
 
16:23:29 **** Incremental Build of configuration Debug for project line_follower ****
make -j12 all 
arm-none-eabi-size  line_follower.elf 
   text	   data	    bss	    dec	    hex	filename
  47308	    508	   2532	  50348	   c4ac	line_follower.elf
Finished building: default.size.stdout
 
16:24:46 **** Incremental Build of configuration Debug for project line_follower ****
make -j12 all 
arm-none-eabi-gcc "../Core/Src/main.c" -mcpu=cortex-m4 -std=gnu11 -g3 -DDEBUG -DUSE_HAL_DRIVER -DSTM32F411xE -c -I../Core/Inc -I../Drivers/STM32F4xx_HAL_Driver/Inc -I../Drivers/STM32F4xx_HAL_Driver/Inc/Legacy -I../Drivers/CMSIS/Device/ST/STM32F4xx/Include -I../Drivers/CMSIS/Include -O0 -ffunction-sections -fdata-sections -Wall -fstack-usage -fcyclomatic-complexity -MMD -MP -MF"Core/Src/main.d" -MT"Core/Src/main.o" --specs=nano.specs -mfpu=fpv4-sp-d16 -mfloat-abi=hard -mthumb -o "Core/Src/main.o"
arm-none-eabi-gcc -o "line_follower.elf" @"objects.list"   -mcpu=cortex-m4 -T"C:\Users\7_wick\flf_workspace\line_follower\STM32F411CEUX_FLASH.ld" --specs=nosys.specs -Wl,-Map="line_follower.map" -Wl,--gc-sections -static -u _scanf_float -u _printf_float --specs=nano.specs -mfpu=fpv4-sp-d16 -mfloat-abi=hard -mthumb -Wl,--start-group -lc -lm -Wl,--end-group
Finished building target: line_follower.elf
 
arm-none-eabi-size  line_follower.elf 
arm-none-eabi-objdump -h -S line_follower.elf  > "line_follower.list"
   text	   data	    bss	    dec	    hex	filename
  46964	    508	   2532	  50004	   c354	line_follower.elf
Finished building: default.size.stdout
 
Finished building: line_follower.list
 
16:26:20 **** Incremental Build of configuration Debug for project line_follower ****
make -j12 all 
arm-none-eabi-size  line_follower.elf 
   text	   data	    bss	    dec	    hex	filename
  46964	    508	   2532	  50004	   c354	line_follower.elf
Finished building: default.size.stdout
 
16:28:12 **** Incremental Build of configuration Debug for project line_follower ****
make -j12 all 
arm-none-eabi-size  line_follower.elf 
   text	   data	    bss	    dec	    hex	filename
  46964	    508	   2532	  50004	   c354	line_follower.elf
Finished building: default.size.stdout
 
16:57:27 **** Incremental Build of configuration Debug for project line_follower ****
make -j12 all 
arm-none-eabi-gcc "../Core/Src/main.c" -mcpu=cortex-m4 -std=gnu11 -g3 -DDEBUG -DUSE_HAL_DRIVER -DSTM32F411xE -c -I../Core/Inc -I../Drivers/STM32F4xx_HAL_Driver/Inc -I../Drivers/STM32F4xx_HAL_Driver/Inc/Legacy -I../Drivers/CMSIS/Device/ST/STM32F4xx/Include -I../Drivers/CMSIS/Include -O0 -ffunction-sections -fdata-sections -Wall -fstack-usage -fcyclomatic-complexity -MMD -MP -MF"Core/Src/main.d" -MT"Core/Src/main.o" --specs=nano.specs -mfpu=fpv4-sp-d16 -mfloat-abi=hard -mthumb -o "Core/Src/main.o"
arm-none-eabi-gcc -o "line_follower.elf" @"objects.list"   -mcpu=cortex-m4 -T"C:\Users\7_wick\flf_workspace\line_follower\STM32F411CEUX_FLASH.ld" --specs=nosys.specs -Wl,-Map="line_follower.map" -Wl,--gc-sections -static -u _scanf_float -u _printf_float --specs=nano.specs -mfpu=fpv4-sp-d16 -mfloat-abi=hard -mthumb -Wl,--start-group -lc -lm -Wl,--end-group
Finished building target: line_follower.elf
 
arm-none-eabi-size  line_follower.elf 
arm-none-eabi-objdump -h -S line_follower.elf  > "line_follower.list"
   text	   data	    bss	    dec	    hex	filename
  47308	    508	   2532	  50348	   c4ac	line_follower.elf
Finished building: default.size.stdout
 
Finished building: line_follower.list
 
16:58:04 **** Incremental Build of configuration Debug for project line_follower ****
make -j12 all 
arm-none-eabi-size  line_follower.elf 
   text	   data	    bss	    dec	    hex	filename
  47308	    508	   2532	  50348	   c4ac	line_follower.elf
Finished building: default.size.stdout
 
16:59:30 **** Incremental Build of configuration Debug for project line_follower ****
make -j12 all 
arm-none-eabi-size  line_follower.elf 
   text	   data	    bss	    dec	    hex	filename
  47308	    508	   2532	  50348	   c4ac	line_follower.elf
Finished building: default.size.stdout
 
17:49:32 **** Incremental Build of configuration Debug for project line_follower ****
make -j12 all 
arm-none-eabi-gcc "../Core/Src/main.c" -mcpu=cortex-m4 -std=gnu11 -g3 -DDEBUG -DUSE_HAL_DRIVER -DSTM32F411xE -c -I../Core/Inc -I../Drivers/STM32F4xx_HAL_Driver/Inc -I../Drivers/STM32F4xx_HAL_Driver/Inc/Legacy -I../Drivers/CMSIS/Device/ST/STM32F4xx/Include -I../Drivers/CMSIS/Include -O0 -ffunction-sections -fdata-sections -Wall -fstack-usage -fcyclomatic-complexity -MMD -MP -MF"Core/Src/main.d" -MT"Core/Src/main.o" --specs=nano.specs -mfpu=fpv4-sp-d16 -mfloat-abi=hard -mthumb -o "Core/Src/main.o"
arm-none-eabi-gcc -o "line_follower.elf" @"objects.list"   -mcpu=cortex-m4 -T"C:\Users\7_wick\flf_workspace\line_follower\STM32F411CEUX_FLASH.ld" --specs=nosys.specs -Wl,-Map="line_follower.map" -Wl,--gc-sections -static -u _scanf_float -u _printf_float --specs=nano.specs -mfpu=fpv4-sp-d16 -mfloat-abi=hard -mthumb -Wl,--start-group -lc -lm -Wl,--end-group
Finished building target: line_follower.elf
 
arm-none-eabi-size  line_follower.elf 
arm-none-eabi-objdump -h -S line_follower.elf  > "line_follower.list"
   text	   data	    bss	    dec	    hex	filename
  47316	    508	   2532	  50356	   c4b4	line_follower.elf
Finished building: default.size.stdout
 
Finished building: line_follower.list
 
17:54:48 **** Incremental Build of configuration Debug for project line_follower ****
make -j12 all 
arm-none-eabi-gcc "../Core/Src/main.c" -mcpu=cortex-m4 -std=gnu11 -g3 -DDEBUG -DUSE_HAL_DRIVER -DSTM32F411xE -c -I../Core/Inc -I../Drivers/STM32F4xx_HAL_Driver/Inc -I../Drivers/STM32F4xx_HAL_Driver/Inc/Legacy -I../Drivers/CMSIS/Device/ST/STM32F4xx/Include -I../Drivers/CMSIS/Include -O0 -ffunction-sections -fdata-sections -Wall -fstack-usage -fcyclomatic-complexity -MMD -MP -MF"Core/Src/main.d" -MT"Core/Src/main.o" --specs=nano.specs -mfpu=fpv4-sp-d16 -mfloat-abi=hard -mthumb -o "Core/Src/main.o"
arm-none-eabi-gcc "../Core/Src/sensor_module.c" -mcpu=cortex-m4 -std=gnu11 -g3 -DDEBUG -DUSE_HAL_DRIVER -DSTM32F411xE -c -I../Core/Inc -I../Drivers/STM32F4xx_HAL_Driver/Inc -I../Drivers/STM32F4xx_HAL_Driver/Inc/Legacy -I../Drivers/CMSIS/Device/ST/STM32F4xx/Include -I../Drivers/CMSIS/Include -O0 -ffunction-sections -fdata-sections -Wall -fstack-usage -fcyclomatic-complexity -MMD -MP -MF"Core/Src/sensor_module.d" -MT"Core/Src/sensor_module.o" --specs=nano.specs -mfpu=fpv4-sp-d16 -mfloat-abi=hard -mthumb -o "Core/Src/sensor_module.o"
../Core/Src/sensor_module.c: In function 'jugaad':
../Core/Src/sensor_module.c:60:23: error: 'sensor_array' undeclared (first use in this function); did you mean 'Sensor_Array'?
   60 |         Sync_Sensors(&sensor_array);
      |                       ^~~~~~~~~~~~
      |                       Sensor_Array
../Core/Src/sensor_module.c:60:23: note: each undeclared identifier is reported only once for each function it appears in
make: *** [Core/Src/subdir.mk:46: Core/Src/sensor_module.o] Error 1
make: *** Waiting for unfinished jobs....
"make -j12 all" terminated with exit code 2. Build might be incomplete.
17:55:33 **** Incremental Build of configuration Debug for project line_follower ****
make -j12 all 
arm-none-eabi-gcc "../Core/Src/sensor_module.c" -mcpu=cortex-m4 -std=gnu11 -g3 -DDEBUG -DUSE_HAL_DRIVER -DSTM32F411xE -c -I../Core/Inc -I../Drivers/STM32F4xx_HAL_Driver/Inc -I../Drivers/STM32F4xx_HAL_Driver/Inc/Legacy -I../Drivers/CMSIS/Device/ST/STM32F4xx/Include -I../Drivers/CMSIS/Include -O0 -ffunction-sections -fdata-sections -Wall -fstack-usage -fcyclomatic-complexity -MMD -MP -MF"Core/Src/sensor_module.d" -MT"Core/Src/sensor_module.o" --specs=nano.specs -mfpu=fpv4-sp-d16 -mfloat-abi=hard -mthumb -o "Core/Src/sensor_module.o"
../Core/Src/sensor_module.c: In function 'jugaad':
../Core/Src/sensor_module.c:60:23: error: 'sensor_array' undeclared (first use in this function); did you mean 'Sensor_Array'?
   60 |         Sync_Sensors(&sensor_array);
      |                       ^~~~~~~~~~~~
      |                       Sensor_Array
../Core/Src/sensor_module.c:60:23: note: each undeclared identifier is reported only once for each function it appears in
make: *** [Core/Src/subdir.mk:46: Core/Src/sensor_module.o] Error 1
"make -j12 all" terminated with exit code 2. Build might be incomplete.
17:56:48 **** Incremental Build of configuration Debug for project line_follower ****
make -j12 all 
arm-none-eabi-gcc "../Core/Src/main.c" -mcpu=cortex-m4 -std=gnu11 -g3 -DDEBUG -DUSE_HAL_DRIVER -DSTM32F411xE -c -I../Core/Inc -I../Drivers/STM32F4xx_HAL_Driver/Inc -I../Drivers/STM32F4xx_HAL_Driver/Inc/Legacy -I../Drivers/CMSIS/Device/ST/STM32F4xx/Include -I../Drivers/CMSIS/Include -O0 -ffunction-sections -fdata-sections -Wall -fstack-usage -fcyclomatic-complexity -MMD -MP -MF"Core/Src/main.d" -MT"Core/Src/main.o" --specs=nano.specs -mfpu=fpv4-sp-d16 -mfloat-abi=hard -mthumb -o "Core/Src/main.o"
arm-none-eabi-gcc "../Core/Src/sensor_module.c" -mcpu=cortex-m4 -std=gnu11 -g3 -DDEBUG -DUSE_HAL_DRIVER -DSTM32F411xE -c -I../Core/Inc -I../Drivers/STM32F4xx_HAL_Driver/Inc -I../Drivers/STM32F4xx_HAL_Driver/Inc/Legacy -I../Drivers/CMSIS/Device/ST/STM32F4xx/Include -I../Drivers/CMSIS/Include -O0 -ffunction-sections -fdata-sections -Wall -fstack-usage -fcyclomatic-complexity -MMD -MP -MF"Core/Src/sensor_module.d" -MT"Core/Src/sensor_module.o" --specs=nano.specs -mfpu=fpv4-sp-d16 -mfloat-abi=hard -mthumb -o "Core/Src/sensor_module.o"
arm-none-eabi-gcc -o "line_follower.elf" @"objects.list"   -mcpu=cortex-m4 -T"C:\Users\7_wick\flf_workspace\line_follower\STM32F411CEUX_FLASH.ld" --specs=nosys.specs -Wl,-Map="line_follower.map" -Wl,--gc-sections -static -u _scanf_float -u _printf_float --specs=nano.specs -mfpu=fpv4-sp-d16 -mfloat-abi=hard -mthumb -Wl,--start-group -lc -lm -Wl,--end-group
Finished building target: line_follower.elf
 
arm-none-eabi-size  line_follower.elf 
arm-none-eabi-objdump -h -S line_follower.elf  > "line_follower.list"
   text	   data	    bss	    dec	    hex	filename
  47340	    508	   2532	  50380	   c4cc	line_follower.elf
Finished building: default.size.stdout
 
Finished building: line_follower.list
 
18:04:42 **** Incremental Build of configuration Debug for project line_follower ****
make -j12 all 
arm-none-eabi-gcc "../Core/Src/main.c" -mcpu=cortex-m4 -std=gnu11 -g3 -DDEBUG -DUSE_HAL_DRIVER -DSTM32F411xE -c -I../Core/Inc -I../Drivers/STM32F4xx_HAL_Driver/Inc -I../Drivers/STM32F4xx_HAL_Driver/Inc/Legacy -I../Drivers/CMSIS/Device/ST/STM32F4xx/Include -I../Drivers/CMSIS/Include -O0 -ffunction-sections -fdata-sections -Wall -fstack-usage -fcyclomatic-complexity -MMD -MP -MF"Core/Src/main.d" -MT"Core/Src/main.o" --specs=nano.specs -mfpu=fpv4-sp-d16 -mfloat-abi=hard -mthumb -o "Core/Src/main.o"
arm-none-eabi-gcc -o "line_follower.elf" @"objects.list"   -mcpu=cortex-m4 -T"C:\Users\7_wick\flf_workspace\line_follower\STM32F411CEUX_FLASH.ld" --specs=nosys.specs -Wl,-Map="line_follower.map" -Wl,--gc-sections -static -u _scanf_float -u _printf_float --specs=nano.specs -mfpu=fpv4-sp-d16 -mfloat-abi=hard -mthumb -Wl,--start-group -lc -lm -Wl,--end-group
Finished building target: line_follower.elf
 
arm-none-eabi-size  line_follower.elf 
arm-none-eabi-objdump -h -S line_follower.elf  > "line_follower.list"
   text	   data	    bss	    dec	    hex	filename
  47340	    508	   2532	  50380	   c4cc	line_follower.elf
Finished building: default.size.stdout
 
Finished building: line_follower.list
 
18:09:37 **** Incremental Build of configuration Debug for project line_follower ****
make -j12 all 
arm-none-eabi-size  line_follower.elf 
   text	   data	    bss	    dec	    hex	filename
  47340	    508	   2532	  50380	   c4cc	line_follower.elf
Finished building: default.size.stdout
 
20:31:26 **** Incremental Build of configuration Debug for project line_follower ****
make -j12 all 
arm-none-eabi-size  line_follower.elf 
   text	   data	    bss	    dec	    hex	filename
  47340	    508	   2532	  50380	   c4cc	line_follower.elf
Finished building: default.size.stdout
 
20:32:13 **** Incremental Build of configuration Debug for project line_follower ****
make -j12 all 
arm-none-eabi-size  line_follower.elf 
   text	   data	    bss	    dec	    hex	filename
  47340	    508	   2532	  50380	   c4cc	line_follower.elf
Finished building: default.size.stdout
 
20:32:31 **** Incremental Build of configuration Debug for project line_follower ****
make -j12 all 
arm-none-eabi-size  line_follower.elf 
   text	   data	    bss	    dec	    hex	filename
  47340	    508	   2532	  50380	   c4cc	line_follower.elf
Finished building: default.size.stdout
 
20:33:00 **** Incremental Build of configuration Debug for project line_follower ****
make -j12 all 
arm-none-eabi-size  line_follower.elf 
   text	   data	    bss	    dec	    hex	filename
  47340	    508	   2532	  50380	   c4cc	line_follower.elf
Finished building: default.size.stdout
 
21:32:00 **** Incremental Build of configuration Debug for project line_follower ****
make -j12 all 
arm-none-eabi-gcc "../Core/Src/main.c" -mcpu=cortex-m4 -std=gnu11 -g3 -DDEBUG -DUSE_HAL_DRIVER -DSTM32F411xE -c -I../Core/Inc -I../Drivers/STM32F4xx_HAL_Driver/Inc -I../Drivers/STM32F4xx_HAL_Driver/Inc/Legacy -I../Drivers/CMSIS/Device/ST/STM32F4xx/Include -I../Drivers/CMSIS/Include -O0 -ffunction-sections -fdata-sections -Wall -fstack-usage -fcyclomatic-complexity -MMD -MP -MF"Core/Src/main.d" -MT"Core/Src/main.o" --specs=nano.specs -mfpu=fpv4-sp-d16 -mfloat-abi=hard -mthumb -o "Core/Src/main.o"
arm-none-eabi-gcc -o "line_follower.elf" @"objects.list"   -mcpu=cortex-m4 -T"C:\Users\7_wick\flf_workspace\line_follower\STM32F411CEUX_FLASH.ld" --specs=nosys.specs -Wl,-Map="line_follower.map" -Wl,--gc-sections -static -u _scanf_float -u _printf_float --specs=nano.specs -mfpu=fpv4-sp-d16 -mfloat-abi=hard -mthumb -Wl,--start-group -lc -lm -Wl,--end-group
Finished building target: line_follower.elf
 
arm-none-eabi-size  line_follower.elf 
arm-none-eabi-objdump -h -S line_follower.elf  > "line_follower.list"
   text	   data	    bss	    dec	    hex	filename
  47340	    508	   2532	  50380	   c4cc	line_follower.elf
Finished building: default.size.stdout
 
Finished building: line_follower.list
 
00:27:53 **** Incremental Build of configuration Debug for project line_follower ****
make -j12 all 
arm-none-eabi-gcc "../Core/Src/bluetooth.c" -mcpu=cortex-m4 -std=gnu11 -g3 -DDEBUG -DUSE_HAL_DRIVER -DSTM32F411xE -c -I../Core/Inc -I../Drivers/STM32F4xx_HAL_Driver/Inc -I../Drivers/STM32F4xx_HAL_Driver/Inc/Legacy -I../Drivers/CMSIS/Device/ST/STM32F4xx/Include -I../Drivers/CMSIS/Include -O0 -ffunction-sections -fdata-sections -Wall -fstack-usage -fcyclomatic-complexity -MMD -MP -MF"Core/Src/bluetooth.d" -MT"Core/Src/bluetooth.o" --specs=nano.specs -mfpu=fpv4-sp-d16 -mfloat-abi=hard -mthumb -o "Core/Src/bluetooth.o"
arm-none-eabi-gcc "../Core/Src/main.c" -mcpu=cortex-m4 -std=gnu11 -g3 -DDEBUG -DUSE_HAL_DRIVER -DSTM32F411xE -c -I../Core/Inc -I../Drivers/STM32F4xx_HAL_Driver/Inc -I../Drivers/STM32F4xx_HAL_Driver/Inc/Legacy -I../Drivers/CMSIS/Device/ST/STM32F4xx/Include -I../Drivers/CMSIS/Include -O0 -ffunction-sections -fdata-sections -Wall -fstack-usage -fcyclomatic-complexity -MMD -MP -MF"Core/Src/main.d" -MT"Core/Src/main.o" --specs=nano.specs -mfpu=fpv4-sp-d16 -mfloat-abi=hard -mthumb -o "Core/Src/main.o"
arm-none-eabi-gcc "../Core/Src/motor.c" -mcpu=cortex-m4 -std=gnu11 -g3 -DDEBUG -DUSE_HAL_DRIVER -DSTM32F411xE -c -I../Core/Inc -I../Drivers/STM32F4xx_HAL_Driver/Inc -I../Drivers/STM32F4xx_HAL_Driver/Inc/Legacy -I../Drivers/CMSIS/Device/ST/STM32F4xx/Include -I../Drivers/CMSIS/Include -O0 -ffunction-sections -fdata-sections -Wall -fstack-usage -fcyclomatic-complexity -MMD -MP -MF"Core/Src/motor.d" -MT"Core/Src/motor.o" --specs=nano.specs -mfpu=fpv4-sp-d16 -mfloat-abi=hard -mthumb -o "Core/Src/motor.o"
arm-none-eabi-gcc "../Core/Src/sensor_module.c" -mcpu=cortex-m4 -std=gnu11 -g3 -DDEBUG -DUSE_HAL_DRIVER -DSTM32F411xE -c -I../Core/Inc -I../Drivers/STM32F4xx_HAL_Driver/Inc -I../Drivers/STM32F4xx_HAL_Driver/Inc/Legacy -I../Drivers/CMSIS/Device/ST/STM32F4xx/Include -I../Drivers/CMSIS/Include -O0 -ffunction-sections -fdata-sections -Wall -fstack-usage -fcyclomatic-complexity -MMD -MP -MF"Core/Src/sensor_module.d" -MT"Core/Src/sensor_module.o" --specs=nano.specs -mfpu=fpv4-sp-d16 -mfloat-abi=hard -mthumb -o "Core/Src/sensor_module.o"
arm-none-eabi-gcc "../Core/Src/stm32f4xx_hal_msp.c" -mcpu=cortex-m4 -std=gnu11 -g3 -DDEBUG -DUSE_HAL_DRIVER -DSTM32F411xE -c -I../Core/Inc -I../Drivers/STM32F4xx_HAL_Driver/Inc -I../Drivers/STM32F4xx_HAL_Driver/Inc/Legacy -I../Drivers/CMSIS/Device/ST/STM32F4xx/Include -I../Drivers/CMSIS/Include -O0 -ffunction-sections -fdata-sections -Wall -fstack-usage -fcyclomatic-complexity -MMD -MP -MF"Core/Src/stm32f4xx_hal_msp.d" -MT"Core/Src/stm32f4xx_hal_msp.o" --specs=nano.specs -mfpu=fpv4-sp-d16 -mfloat-abi=hard -mthumb -o "Core/Src/stm32f4xx_hal_msp.o"
arm-none-eabi-gcc "../Core/Src/stm32f4xx_it.c" -mcpu=cortex-m4 -std=gnu11 -g3 -DDEBUG -DUSE_HAL_DRIVER -DSTM32F411xE -c -I../Core/Inc -I../Drivers/STM32F4xx_HAL_Driver/Inc -I../Drivers/STM32F4xx_HAL_Driver/Inc/Legacy -I../Drivers/CMSIS/Device/ST/STM32F4xx/Include -I../Drivers/CMSIS/Include -O0 -ffunction-sections -fdata-sections -Wall -fstack-usage -fcyclomatic-complexity -MMD -MP -MF"Core/Src/stm32f4xx_it.d" -MT"Core/Src/stm32f4xx_it.o" --specs=nano.specs -mfpu=fpv4-sp-d16 -mfloat-abi=hard -mthumb -o "Core/Src/stm32f4xx_it.o"
arm-none-eabi-gcc "../Core/Src/utils.c" -mcpu=cortex-m4 -std=gnu11 -g3 -DDEBUG -DUSE_HAL_DRIVER -DSTM32F411xE -c -I../Core/Inc -I../Drivers/STM32F4xx_HAL_Driver/Inc -I../Drivers/STM32F4xx_HAL_Driver/Inc/Legacy -I../Drivers/CMSIS/Device/ST/STM32F4xx/Include -I../Drivers/CMSIS/Include -O0 -ffunction-sections -fdata-sections -Wall -fstack-usage -fcyclomatic-complexity -MMD -MP -MF"Core/Src/utils.d" -MT"Core/Src/utils.o" --specs=nano.specs -mfpu=fpv4-sp-d16 -mfloat-abi=hard -mthumb -o "Core/Src/utils.o"
../Core/Src/motor.c: In function 'turn_jugaad':
../Core/Src/motor.c:81:23: error: 'sensor_array' undeclared (first use in this function); did you mean 'Sensor_Array'?
   81 |         Sync_Sensors(&sensor_array);
      |                       ^~~~~~~~~~~~
      |                       Sensor_Array
../Core/Src/motor.c:81:23: note: each undeclared identifier is reported only once for each function it appears in
make: *** [Core/Src/subdir.mk:46: Core/Src/motor.o] Error 1
make: *** Waiting for unfinished jobs....
../Core/Src/sensor_module.c: In function 'jugaad':
../Core/Src/sensor_module.c:58:23: error: 'sensor_array' undeclared (first use in this function); did you mean 'Sensor_Array'?
   58 |         Sync_Sensors(&sensor_array);
      |                       ^~~~~~~~~~~~
      |                       Sensor_Array
../Core/Src/sensor_module.c:58:23: note: each undeclared identifier is reported only once for each function it appears in
../Core/Src/main.c:104:1: error: unknown type name 'JunctionType'
  104 | JunctionType j;
      | ^~~~~~~~~~~~
../Core/Src/main.c: In function 'main':
../Core/Src/main.c:270:66: error: invalid operands to binary == (have 'Sensor' and 'int')
  270 |                                         if (sensor_array.array[8]==0)
      |                                             ~~~~~~~~~~~~~~~~~~~~~^~
      |                                                               |
      |                                                               Sensor
../Core/Src/main.c:229:13: warning: unused variable 'cornering_speed' [-Wunused-variable]
  229 |         int cornering_speed;
      |             ^~~~~~~~~~~~~~~
make: *** [Core/Src/subdir.mk:46: Core/Src/sensor_module.o] Error 1
make: *** [Core/Src/subdir.mk:46: Core/Src/main.o] Error 1
"make -j12 all" terminated with exit code 2. Build might be incomplete.
00:30:24 **** Incremental Build of configuration Debug for project line_follower ****
make -j12 all 
arm-none-eabi-gcc "../Core/Src/main.c" -mcpu=cortex-m4 -std=gnu11 -g3 -DDEBUG -DUSE_HAL_DRIVER -DSTM32F411xE -c -I../Core/Inc -I../Drivers/STM32F4xx_HAL_Driver/Inc -I../Drivers/STM32F4xx_HAL_Driver/Inc/Legacy -I../Drivers/CMSIS/Device/ST/STM32F4xx/Include -I../Drivers/CMSIS/Include -O0 -ffunction-sections -fdata-sections -Wall -fstack-usage -fcyclomatic-complexity -MMD -MP -MF"Core/Src/main.d" -MT"Core/Src/main.o" --specs=nano.specs -mfpu=fpv4-sp-d16 -mfloat-abi=hard -mthumb -o "Core/Src/main.o"
arm-none-eabi-gcc "../Core/Src/motor.c" -mcpu=cortex-m4 -std=gnu11 -g3 -DDEBUG -DUSE_HAL_DRIVER -DSTM32F411xE -c -I../Core/Inc -I../Drivers/STM32F4xx_HAL_Driver/Inc -I../Drivers/STM32F4xx_HAL_Driver/Inc/Legacy -I../Drivers/CMSIS/Device/ST/STM32F4xx/Include -I../Drivers/CMSIS/Include -O0 -ffunction-sections -fdata-sections -Wall -fstack-usage -fcyclomatic-complexity -MMD -MP -MF"Core/Src/motor.d" -MT"Core/Src/motor.o" --specs=nano.specs -mfpu=fpv4-sp-d16 -mfloat-abi=hard -mthumb -o "Core/Src/motor.o"
arm-none-eabi-gcc "../Core/Src/sensor_module.c" -mcpu=cortex-m4 -std=gnu11 -g3 -DDEBUG -DUSE_HAL_DRIVER -DSTM32F411xE -c -I../Core/Inc -I../Drivers/STM32F4xx_HAL_Driver/Inc -I../Drivers/STM32F4xx_HAL_Driver/Inc/Legacy -I../Drivers/CMSIS/Device/ST/STM32F4xx/Include -I../Drivers/CMSIS/Include -O0 -ffunction-sections -fdata-sections -Wall -fstack-usage -fcyclomatic-complexity -MMD -MP -MF"Core/Src/sensor_module.d" -MT"Core/Src/sensor_module.o" --specs=nano.specs -mfpu=fpv4-sp-d16 -mfloat-abi=hard -mthumb -o "Core/Src/sensor_module.o"
../Core/Src/main.c:104:1: error: unknown type name 'JunctionType'
  104 | JunctionType j;
      | ^~~~~~~~~~~~
../Core/Src/main.c: In function 'main':
../Core/Src/main.c:270:66: error: invalid operands to binary == (have 'Sensor' and 'int')
  270 |                                         if (sensor_array.array[8]==0)
      |                                             ~~~~~~~~~~~~~~~~~~~~~^~
      |                                                               |
      |                                                               Sensor
../Core/Src/main.c:229:13: warning: unused variable 'cornering_speed' [-Wunused-variable]
  229 |         int cornering_speed;
      |             ^~~~~~~~~~~~~~~
make: *** [Core/Src/subdir.mk:46: Core/Src/main.o] Error 1
make: *** Waiting for unfinished jobs....
"make -j12 all" terminated with exit code 2. Build might be incomplete.
00:31:20 **** Incremental Build of configuration Debug for project line_follower ****
make -j12 all 
arm-none-eabi-gcc "../Core/Src/main.c" -mcpu=cortex-m4 -std=gnu11 -g3 -DDEBUG -DUSE_HAL_DRIVER -DSTM32F411xE -c -I../Core/Inc -I../Drivers/STM32F4xx_HAL_Driver/Inc -I../Drivers/STM32F4xx_HAL_Driver/Inc/Legacy -I../Drivers/CMSIS/Device/ST/STM32F4xx/Include -I../Drivers/CMSIS/Include -O0 -ffunction-sections -fdata-sections -Wall -fstack-usage -fcyclomatic-complexity -MMD -MP -MF"Core/Src/main.d" -MT"Core/Src/main.o" --specs=nano.specs -mfpu=fpv4-sp-d16 -mfloat-abi=hard -mthumb -o "Core/Src/main.o"
../Core/Src/main.c: In function 'Send_Telemetry':
../Core/Src/main.c:173:49: error: 'j' undeclared (first use in this function)
  173 |         b, (float)line, (float)correction, (int)j
      |                                                 ^
../Core/Src/main.c:173:49: note: each undeclared identifier is reported only once for each function it appears in
../Core/Src/main.c: In function 'main':
../Core/Src/main.c:270:66: error: invalid operands to binary == (have 'Sensor' and 'int')
  270 |                                         if (sensor_array.array[8]==0)
      |                                             ~~~~~~~~~~~~~~~~~~~~~^~
      |                                                               |
      |                                                               Sensor
make: *** [Core/Src/subdir.mk:46: Core/Src/main.o] Error 1
"make -j12 all" terminated with exit code 2. Build might be incomplete.
00:32:49 **** Incremental Build of configuration Debug for project line_follower ****
make -j12 all 
arm-none-eabi-gcc "../Core/Src/main.c" -mcpu=cortex-m4 -std=gnu11 -g3 -DDEBUG -DUSE_HAL_DRIVER -DSTM32F411xE -c -I../Core/Inc -I../Drivers/STM32F4xx_HAL_Driver/Inc -I../Drivers/STM32F4xx_HAL_Driver/Inc/Legacy -I../Drivers/CMSIS/Device/ST/STM32F4xx/Include -I../Drivers/CMSIS/Include -O0 -ffunction-sections -fdata-sections -Wall -fstack-usage -fcyclomatic-complexity -MMD -MP -MF"Core/Src/main.d" -MT"Core/Src/main.o" --specs=nano.specs -mfpu=fpv4-sp-d16 -mfloat-abi=hard -mthumb -o "Core/Src/main.o"
../Core/Src/main.c: In function 'Send_Telemetry':
../Core/Src/main.c:169:53: warning: format '%d' expects a matching 'int' argument [-Wformat=]
  169 |         "%s;PL:%d;PR:%d;BV:%.1f;PE:%.1f;PO:%.1f;JC:%d\n",
      |                                                    ~^
      |                                                     |
      |                                                     int
arm-none-eabi-gcc -o "line_follower.elf" @"objects.list"   -mcpu=cortex-m4 -T"C:\Users\7_wick\flf_workspace\line_follower\STM32F411CEUX_FLASH.ld" --specs=nosys.specs -Wl,-Map="line_follower.map" -Wl,--gc-sections -static -u _scanf_float -u _printf_float --specs=nano.specs -mfpu=fpv4-sp-d16 -mfloat-abi=hard -mthumb -Wl,--start-group -lc -lm -Wl,--end-group
Finished building target: line_follower.elf
 
arm-none-eabi-size  line_follower.elf 
arm-none-eabi-objdump -h -S line_follower.elf  > "line_follower.list"
   text	   data	    bss	    dec	    hex	filename
  47148	    508	   2492	  50148	   c3e4	line_follower.elf
Finished building: default.size.stdout
 
Finished building: line_follower.list
 
00:33:08 **** Incremental Build of configuration Debug for project line_follower ****
make -j12 all 
arm-none-eabi-size  line_follower.elf 
   text	   data	    bss	    dec	    hex	filename
  47148	    508	   2492	  50148	   c3e4	line_follower.elf
Finished building: default.size.stdout
 
00:34:18 **** Incremental Build of configuration Debug for project line_follower ****
make -j12 all 
arm-none-eabi-gcc "../Core/Src/main.c" -mcpu=cortex-m4 -std=gnu11 -g3 -DDEBUG -DUSE_HAL_DRIVER -DSTM32F411xE -c -I../Core/Inc -I../Drivers/STM32F4xx_HAL_Driver/Inc -I../Drivers/STM32F4xx_HAL_Driver/Inc/Legacy -I../Drivers/CMSIS/Device/ST/STM32F4xx/Include -I../Drivers/CMSIS/Include -O0 -ffunction-sections -fdata-sections -Wall -fstack-usage -fcyclomatic-complexity -MMD -MP -MF"Core/Src/main.d" -MT"Core/Src/main.o" --specs=nano.specs -mfpu=fpv4-sp-d16 -mfloat-abi=hard -mthumb -o "Core/Src/main.o"
arm-none-eabi-gcc -o "line_follower.elf" @"objects.list"   -mcpu=cortex-m4 -T"C:\Users\7_wick\flf_workspace\line_follower\STM32F411CEUX_FLASH.ld" --specs=nosys.specs -Wl,-Map="line_follower.map" -Wl,--gc-sections -static -u _scanf_float -u _printf_float --specs=nano.specs -mfpu=fpv4-sp-d16 -mfloat-abi=hard -mthumb -Wl,--start-group -lc -lm -Wl,--end-group
Finished building target: line_follower.elf
 
arm-none-eabi-size  line_follower.elf 
arm-none-eabi-objdump -h -S line_follower.elf  > "line_follower.list"
   text	   data	    bss	    dec	    hex	filename
  47140	    508	   2492	  50140	   c3dc	line_follower.elf
Finished building: default.size.stdout
 
Finished building: line_follower.list
 
00:34:44 **** Incremental Build of configuration Debug for project line_follower ****
make -j12 all 
arm-none-eabi-size  line_follower.elf 
   text	   data	    bss	    dec	    hex	filename
  47140	    508	   2492	  50140	   c3dc	line_follower.elf
Finished building: default.size.stdout
 
00:39:09 **** Incremental Build of configuration Debug for project line_follower ****
make -j12 all 
arm-none-eabi-gcc "../Core/Src/motor.c" -mcpu=cortex-m4 -std=gnu11 -g3 -DDEBUG -DUSE_HAL_DRIVER -DSTM32F411xE -c -I../Core/Inc -I../Drivers/STM32F4xx_HAL_Driver/Inc -I../Drivers/STM32F4xx_HAL_Driver/Inc/Legacy -I../Drivers/CMSIS/Device/ST/STM32F4xx/Include -I../Drivers/CMSIS/Include -O0 -ffunction-sections -fdata-sections -Wall -fstack-usage -fcyclomatic-complexity -MMD -MP -MF"Core/Src/motor.d" -MT"Core/Src/motor.o" --specs=nano.specs -mfpu=fpv4-sp-d16 -mfloat-abi=hard -mthumb -o "Core/Src/motor.o"
arm-none-eabi-gcc "../Core/Src/sensor_module.c" -mcpu=cortex-m4 -std=gnu11 -g3 -DDEBUG -DUSE_HAL_DRIVER -DSTM32F411xE -c -I../Core/Inc -I../Drivers/STM32F4xx_HAL_Driver/Inc -I../Drivers/STM32F4xx_HAL_Driver/Inc/Legacy -I../Drivers/CMSIS/Device/ST/STM32F4xx/Include -I../Drivers/CMSIS/Include -O0 -ffunction-sections -fdata-sections -Wall -fstack-usage -fcyclomatic-complexity -MMD -MP -MF"Core/Src/sensor_module.d" -MT"Core/Src/sensor_module.o" --specs=nano.specs -mfpu=fpv4-sp-d16 -mfloat-abi=hard -mthumb -o "Core/Src/sensor_module.o"
arm-none-eabi-gcc -o "line_follower.elf" @"objects.list"   -mcpu=cortex-m4 -T"C:\Users\7_wick\flf_workspace\line_follower\STM32F411CEUX_FLASH.ld" --specs=nosys.specs -Wl,-Map="line_follower.map" -Wl,--gc-sections -static -u _scanf_float -u _printf_float --specs=nano.specs -mfpu=fpv4-sp-d16 -mfloat-abi=hard -mthumb -Wl,--start-group -lc -lm -Wl,--end-group
Finished building target: line_follower.elf
 
arm-none-eabi-size  line_follower.elf 
arm-none-eabi-objdump -h -S line_follower.elf  > "line_follower.list"
   text	   data	    bss	    dec	    hex	filename
  47116	    508	   2492	  50116	   c3c4	line_follower.elf
Finished building: default.size.stdout
 
Finished building: line_follower.list
 
00:42:53 **** Incremental Build of configuration Debug for project line_follower ****
make -j12 all 
arm-none-eabi-gcc "../Core/Src/motor.c" -mcpu=cortex-m4 -std=gnu11 -g3 -DDEBUG -DUSE_HAL_DRIVER -DSTM32F411xE -c -I../Core/Inc -I../Drivers/STM32F4xx_HAL_Driver/Inc -I../Drivers/STM32F4xx_HAL_Driver/Inc/Legacy -I../Drivers/CMSIS/Device/ST/STM32F4xx/Include -I../Drivers/CMSIS/Include -O0 -ffunction-sections -fdata-sections -Wall -fstack-usage -fcyclomatic-complexity -MMD -MP -MF"Core/Src/motor.d" -MT"Core/Src/motor.o" --specs=nano.specs -mfpu=fpv4-sp-d16 -mfloat-abi=hard -mthumb -o "Core/Src/motor.o"
arm-none-eabi-gcc "../Core/Src/sensor_module.c" -mcpu=cortex-m4 -std=gnu11 -g3 -DDEBUG -DUSE_HAL_DRIVER -DSTM32F411xE -c -I../Core/Inc -I../Drivers/STM32F4xx_HAL_Driver/Inc -I../Drivers/STM32F4xx_HAL_Driver/Inc/Legacy -I../Drivers/CMSIS/Device/ST/STM32F4xx/Include -I../Drivers/CMSIS/Include -O0 -ffunction-sections -fdata-sections -Wall -fstack-usage -fcyclomatic-complexity -MMD -MP -MF"Core/Src/sensor_module.d" -MT"Core/Src/sensor_module.o" --specs=nano.specs -mfpu=fpv4-sp-d16 -mfloat-abi=hard -mthumb -o "Core/Src/sensor_module.o"
arm-none-eabi-gcc -o "line_follower.elf" @"objects.list"   -mcpu=cortex-m4 -T"C:\Users\7_wick\flf_workspace\line_follower\STM32F411CEUX_FLASH.ld" --specs=nosys.specs -Wl,-Map="line_follower.map" -Wl,--gc-sections -static -u _scanf_float -u _printf_float --specs=nano.specs -mfpu=fpv4-sp-d16 -mfloat-abi=hard -mthumb -Wl,--start-group -lc -lm -Wl,--end-group
Finished building target: line_follower.elf
 
arm-none-eabi-size  line_follower.elf 
arm-none-eabi-objdump -h -S line_follower.elf  > "line_follower.list"
   text	   data	    bss	    dec	    hex	filename
  47140	    508	   2492	  50140	   c3dc	line_follower.elf
Finished building: default.size.stdout
 
Finished building: line_follower.list
 
00:47:07 **** Incremental Build of configuration Debug for project line_follower ****
make -j12 all 
arm-none-eabi-gcc "../Core/Src/motor.c" -mcpu=cortex-m4 -std=gnu11 -g3 -DDEBUG -DUSE_HAL_DRIVER -DSTM32F411xE -c -I../Core/Inc -I../Drivers/STM32F4xx_HAL_Driver/Inc -I../Drivers/STM32F4xx_HAL_Driver/Inc/Legacy -I../Drivers/CMSIS/Device/ST/STM32F4xx/Include -I../Drivers/CMSIS/Include -O0 -ffunction-sections -fdata-sections -Wall -fstack-usage -fcyclomatic-complexity -MMD -MP -MF"Core/Src/motor.d" -MT"Core/Src/motor.o" --specs=nano.specs -mfpu=fpv4-sp-d16 -mfloat-abi=hard -mthumb -o "Core/Src/motor.o"
arm-none-eabi-gcc "../Core/Src/sensor_module.c" -mcpu=cortex-m4 -std=gnu11 -g3 -DDEBUG -DUSE_HAL_DRIVER -DSTM32F411xE -c -I../Core/Inc -I../Drivers/STM32F4xx_HAL_Driver/Inc -I../Drivers/STM32F4xx_HAL_Driver/Inc/Legacy -I../Drivers/CMSIS/Device/ST/STM32F4xx/Include -I../Drivers/CMSIS/Include -O0 -ffunction-sections -fdata-sections -Wall -fstack-usage -fcyclomatic-complexity -MMD -MP -MF"Core/Src/sensor_module.d" -MT"Core/Src/sensor_module.o" --specs=nano.specs -mfpu=fpv4-sp-d16 -mfloat-abi=hard -mthumb -o "Core/Src/sensor_module.o"
arm-none-eabi-gcc -o "line_follower.elf" @"objects.list"   -mcpu=cortex-m4 -T"C:\Users\7_wick\flf_workspace\line_follower\STM32F411CEUX_FLASH.ld" --specs=nosys.specs -Wl,-Map="line_follower.map" -Wl,--gc-sections -static -u _scanf_float -u _printf_float --specs=nano.specs -mfpu=fpv4-sp-d16 -mfloat-abi=hard -mthumb -Wl,--start-group -lc -lm -Wl,--end-group
Finished building target: line_follower.elf
 
arm-none-eabi-size  line_follower.elf 
arm-none-eabi-objdump -h -S line_follower.elf  > "line_follower.list"
   text	   data	    bss	    dec	    hex	filename
  47140	    508	   2492	  50140	   c3dc	line_follower.elf
Finished building: default.size.stdout
 
Finished building: line_follower.list
 
00:47:25 **** Incremental Build of configuration Debug for project line_follower ****
make -j12 all 
arm-none-eabi-size  line_follower.elf 
   text	   data	    bss	    dec	    hex	filename
  47140	    508	   2492	  50140	   c3dc	line_follower.elf
Finished building: default.size.stdout
 
00:54:57 **** Incremental Build of configuration Debug for project line_follower ****
make -j12 all 
arm-none-eabi-gcc "../Core/Src/motor.c" -mcpu=cortex-m4 -std=gnu11 -g3 -DDEBUG -DUSE_HAL_DRIVER -DSTM32F411xE -c -I../Core/Inc -I../Drivers/STM32F4xx_HAL_Driver/Inc -I../Drivers/STM32F4xx_HAL_Driver/Inc/Legacy -I../Drivers/CMSIS/Device/ST/STM32F4xx/Include -I../Drivers/CMSIS/Include -O0 -ffunction-sections -fdata-sections -Wall -fstack-usage -fcyclomatic-complexity -MMD -MP -MF"Core/Src/motor.d" -MT"Core/Src/motor.o" --specs=nano.specs -mfpu=fpv4-sp-d16 -mfloat-abi=hard -mthumb -o "Core/Src/motor.o"
arm-none-eabi-gcc -o "line_follower.elf" @"objects.list"   -mcpu=cortex-m4 -T"C:\Users\7_wick\flf_workspace\line_follower\STM32F411CEUX_FLASH.ld" --specs=nosys.specs -Wl,-Map="line_follower.map" -Wl,--gc-sections -static -u _scanf_float -u _printf_float --specs=nano.specs -mfpu=fpv4-sp-d16 -mfloat-abi=hard -mthumb -Wl,--start-group -lc -lm -Wl,--end-group
Finished building target: line_follower.elf
 
arm-none-eabi-size  line_follower.elf 
arm-none-eabi-objdump -h -S line_follower.elf  > "line_follower.list"
   text	   data	    bss	    dec	    hex	filename
  47140	    508	   2492	  50140	   c3dc	line_follower.elf
Finished building: default.size.stdout
 
Finished building: line_follower.list
 
01:15:28 **** Incremental Build of configuration Debug for project line_follower ****
make -j12 all 
arm-none-eabi-gcc "../Core/Src/motor.c" -mcpu=cortex-m4 -std=gnu11 -g3 -DDEBUG -DUSE_HAL_DRIVER -DSTM32F411xE -c -I../Core/Inc -I../Drivers/STM32F4xx_HAL_Driver/Inc -I../Drivers/STM32F4xx_HAL_Driver/Inc/Legacy -I../Drivers/CMSIS/Device/ST/STM32F4xx/Include -I../Drivers/CMSIS/Include -O0 -ffunction-sections -fdata-sections -Wall -fstack-usage -fcyclomatic-complexity -MMD -MP -MF"Core/Src/motor.d" -MT"Core/Src/motor.o" --specs=nano.specs -mfpu=fpv4-sp-d16 -mfloat-abi=hard -mthumb -o "Core/Src/motor.o"
arm-none-eabi-gcc "../Core/Src/sensor_module.c" -mcpu=cortex-m4 -std=gnu11 -g3 -DDEBUG -DUSE_HAL_DRIVER -DSTM32F411xE -c -I../Core/Inc -I../Drivers/STM32F4xx_HAL_Driver/Inc -I../Drivers/STM32F4xx_HAL_Driver/Inc/Legacy -I../Drivers/CMSIS/Device/ST/STM32F4xx/Include -I../Drivers/CMSIS/Include -O0 -ffunction-sections -fdata-sections -Wall -fstack-usage -fcyclomatic-complexity -MMD -MP -MF"Core/Src/sensor_module.d" -MT"Core/Src/sensor_module.o" --specs=nano.specs -mfpu=fpv4-sp-d16 -mfloat-abi=hard -mthumb -o "Core/Src/sensor_module.o"
arm-none-eabi-gcc -o "line_follower.elf" @"objects.list"   -mcpu=cortex-m4 -T"C:\Users\7_wick\flf_workspace\line_follower\STM32F411CEUX_FLASH.ld" --specs=nosys.specs -Wl,-Map="line_follower.map" -Wl,--gc-sections -static -u _scanf_float -u _printf_float --specs=nano.specs -mfpu=fpv4-sp-d16 -mfloat-abi=hard -mthumb -Wl,--start-group -lc -lm -Wl,--end-group
Finished building target: line_follower.elf
 
arm-none-eabi-size  line_follower.elf 
arm-none-eabi-objdump -h -S line_follower.elf  > "line_follower.list"
   text	   data	    bss	    dec	    hex	filename
  47236	    508	   2492	  50236	   c43c	line_follower.elf
Finished building: default.size.stdout
 
Finished building: line_follower.list
 
01:15:48 **** Incremental Build of configuration Debug for project line_follower ****
make -j12 all 
arm-none-eabi-size  line_follower.elf 
   text	   data	    bss	    dec	    hex	filename
  47236	    508	   2492	  50236	   c43c	line_follower.elf
Finished building: default.size.stdout
 
01:18:39 **** Incremental Build of configuration Debug for project line_follower ****
make -j12 all 
arm-none-eabi-gcc "../Core/Src/main.c" -mcpu=cortex-m4 -std=gnu11 -g3 -DDEBUG -DUSE_HAL_DRIVER -DSTM32F411xE -c -I../Core/Inc -I../Drivers/STM32F4xx_HAL_Driver/Inc -I../Drivers/STM32F4xx_HAL_Driver/Inc/Legacy -I../Drivers/CMSIS/Device/ST/STM32F4xx/Include -I../Drivers/CMSIS/Include -O0 -ffunction-sections -fdata-sections -Wall -fstack-usage -fcyclomatic-complexity -MMD -MP -MF"Core/Src/main.d" -MT"Core/Src/main.o" --specs=nano.specs -mfpu=fpv4-sp-d16 -mfloat-abi=hard -mthumb -o "Core/Src/main.o"
arm-none-eabi-gcc "../Core/Src/motor.c" -mcpu=cortex-m4 -std=gnu11 -g3 -DDEBUG -DUSE_HAL_DRIVER -DSTM32F411xE -c -I../Core/Inc -I../Drivers/STM32F4xx_HAL_Driver/Inc -I../Drivers/STM32F4xx_HAL_Driver/Inc/Legacy -I../Drivers/CMSIS/Device/ST/STM32F4xx/Include -I../Drivers/CMSIS/Include -O0 -ffunction-sections -fdata-sections -Wall -fstack-usage -fcyclomatic-complexity -MMD -MP -MF"Core/Src/motor.d" -MT"Core/Src/motor.o" --specs=nano.specs -mfpu=fpv4-sp-d16 -mfloat-abi=hard -mthumb -o "Core/Src/motor.o"
arm-none-eabi-gcc "../Core/Src/sensor_module.c" -mcpu=cortex-m4 -std=gnu11 -g3 -DDEBUG -DUSE_HAL_DRIVER -DSTM32F411xE -c -I../Core/Inc -I../Drivers/STM32F4xx_HAL_Driver/Inc -I../Drivers/STM32F4xx_HAL_Driver/Inc/Legacy -I../Drivers/CMSIS/Device/ST/STM32F4xx/Include -I../Drivers/CMSIS/Include -O0 -ffunction-sections -fdata-sections -Wall -fstack-usage -fcyclomatic-complexity -MMD -MP -MF"Core/Src/sensor_module.d" -MT"Core/Src/sensor_module.o" --specs=nano.specs -mfpu=fpv4-sp-d16 -mfloat-abi=hard -mthumb -o "Core/Src/sensor_module.o"
arm-none-eabi-gcc "../Core/Src/utils.c" -mcpu=cortex-m4 -std=gnu11 -g3 -DDEBUG -DUSE_HAL_DRIVER -DSTM32F411xE -c -I../Core/Inc -I../Drivers/STM32F4xx_HAL_Driver/Inc -I../Drivers/STM32F4xx_HAL_Driver/Inc/Legacy -I../Drivers/CMSIS/Device/ST/STM32F4xx/Include -I../Drivers/CMSIS/Include -O0 -ffunction-sections -fdata-sections -Wall -fstack-usage -fcyclomatic-complexity -MMD -MP -MF"Core/Src/utils.d" -MT"Core/Src/utils.o" --specs=nano.specs -mfpu=fpv4-sp-d16 -mfloat-abi=hard -mthumb -o "Core/Src/utils.o"
../Core/Src/motor.c: In function 'turn_jugaad':
../Core/Src/motor.c:83:26: error: 'sensor_array' undeclared (first use in this function); did you mean 'Sensor_Array'?
   83 |         binarizeSensors(&sensor_array);
      |                          ^~~~~~~~~~~~
      |                          Sensor_Array
../Core/Src/motor.c:83:26: note: each undeclared identifier is reported only once for each function it appears in
make: *** [Core/Src/subdir.mk:46: Core/Src/motor.o] Error 1
make: *** Waiting for unfinished jobs....
../Core/Src/sensor_module.c: In function 'jugaad':
../Core/Src/sensor_module.c:70:26: error: 'sensor_array' undeclared (first use in this function); did you mean 'Sensor_Array'?
   70 |         binarizeSensors(&sensor_array);
      |                          ^~~~~~~~~~~~
      |                          Sensor_Array
../Core/Src/sensor_module.c:70:26: note: each undeclared identifier is reported only once for each function it appears in
make: *** [Core/Src/subdir.mk:46: Core/Src/sensor_module.o] Error 1
"make -j12 all" terminated with exit code 2. Build might be incomplete.
01:19:30 **** Incremental Build of configuration Debug for project line_follower ****
make -j12 all 
arm-none-eabi-gcc "../Core/Src/motor.c" -mcpu=cortex-m4 -std=gnu11 -g3 -DDEBUG -DUSE_HAL_DRIVER -DSTM32F411xE -c -I../Core/Inc -I../Drivers/STM32F4xx_HAL_Driver/Inc -I../Drivers/STM32F4xx_HAL_Driver/Inc/Legacy -I../Drivers/CMSIS/Device/ST/STM32F4xx/Include -I../Drivers/CMSIS/Include -O0 -ffunction-sections -fdata-sections -Wall -fstack-usage -fcyclomatic-complexity -MMD -MP -MF"Core/Src/motor.d" -MT"Core/Src/motor.o" --specs=nano.specs -mfpu=fpv4-sp-d16 -mfloat-abi=hard -mthumb -o "Core/Src/motor.o"
arm-none-eabi-gcc "../Core/Src/sensor_module.c" -mcpu=cortex-m4 -std=gnu11 -g3 -DDEBUG -DUSE_HAL_DRIVER -DSTM32F411xE -c -I../Core/Inc -I../Drivers/STM32F4xx_HAL_Driver/Inc -I../Drivers/STM32F4xx_HAL_Driver/Inc/Legacy -I../Drivers/CMSIS/Device/ST/STM32F4xx/Include -I../Drivers/CMSIS/Include -O0 -ffunction-sections -fdata-sections -Wall -fstack-usage -fcyclomatic-complexity -MMD -MP -MF"Core/Src/sensor_module.d" -MT"Core/Src/sensor_module.o" --specs=nano.specs -mfpu=fpv4-sp-d16 -mfloat-abi=hard -mthumb -o "Core/Src/sensor_module.o"
arm-none-eabi-gcc -o "line_follower.elf" @"objects.list"   -mcpu=cortex-m4 -T"C:\Users\7_wick\flf_workspace\line_follower\STM32F411CEUX_FLASH.ld" --specs=nosys.specs -Wl,-Map="line_follower.map" -Wl,--gc-sections -static -u _scanf_float -u _printf_float --specs=nano.specs -mfpu=fpv4-sp-d16 -mfloat-abi=hard -mthumb -Wl,--start-group -lc -lm -Wl,--end-group
Finished building target: line_follower.elf
 
arm-none-eabi-size  line_follower.elf 
arm-none-eabi-objdump -h -S line_follower.elf  > "line_follower.list"
   text	   data	    bss	    dec	    hex	filename
  47340	    508	   2492	  50340	   c4a4	line_follower.elf
Finished building: default.size.stdout
 
Finished building: line_follower.list
 
01:25:04 **** Incremental Build of configuration Debug for project line_follower ****
make -j12 all 
arm-none-eabi-gcc "../Core/Src/main.c" -mcpu=cortex-m4 -std=gnu11 -g3 -DDEBUG -DUSE_HAL_DRIVER -DSTM32F411xE -c -I../Core/Inc -I../Drivers/STM32F4xx_HAL_Driver/Inc -I../Drivers/STM32F4xx_HAL_Driver/Inc/Legacy -I../Drivers/CMSIS/Device/ST/STM32F4xx/Include -I../Drivers/CMSIS/Include -O0 -ffunction-sections -fdata-sections -Wall -fstack-usage -fcyclomatic-complexity -MMD -MP -MF"Core/Src/main.d" -MT"Core/Src/main.o" --specs=nano.specs -mfpu=fpv4-sp-d16 -mfloat-abi=hard -mthumb -o "Core/Src/main.o"
arm-none-eabi-gcc -o "line_follower.elf" @"objects.list"   -mcpu=cortex-m4 -T"C:\Users\7_wick\flf_workspace\line_follower\STM32F411CEUX_FLASH.ld" --specs=nosys.specs -Wl,-Map="line_follower.map" -Wl,--gc-sections -static -u _scanf_float -u _printf_float --specs=nano.specs -mfpu=fpv4-sp-d16 -mfloat-abi=hard -mthumb -Wl,--start-group -lc -lm -Wl,--end-group
Finished building target: line_follower.elf
 
arm-none-eabi-size  line_follower.elf 
arm-none-eabi-objdump -h -S line_follower.elf  > "line_follower.list"
   text	   data	    bss	    dec	    hex	filename
  46956	    508	   2492	  49956	   c324	line_follower.elf
Finished building: default.size.stdout
 
Finished building: line_follower.list
 
01:25:45 **** Incremental Build of configuration Debug for project line_follower ****
make -j12 all 
arm-none-eabi-size  line_follower.elf 
   text	   data	    bss	    dec	    hex	filename
  46956	    508	   2492	  49956	   c324	line_follower.elf
Finished building: default.size.stdout
 
10:42:04 **** Incremental Build of configuration Debug for project line_follower ****
make -j12 all 
arm-none-eabi-gcc "../Core/Src/main.c" -mcpu=cortex-m4 -std=gnu11 -g3 -DDEBUG -DUSE_HAL_DRIVER -DSTM32F411xE -c -I../Core/Inc -I../Drivers/STM32F4xx_HAL_Driver/Inc -I../Drivers/STM32F4xx_HAL_Driver/Inc/Legacy -I../Drivers/CMSIS/Device/ST/STM32F4xx/Include -I../Drivers/CMSIS/Include -O0 -ffunction-sections -fdata-sections -Wall -fstack-usage -fcyclomatic-complexity -MMD -MP -MF"Core/Src/main.d" -MT"Core/Src/main.o" --specs=nano.specs -mfpu=fpv4-sp-d16 -mfloat-abi=hard -mthumb -o "Core/Src/main.o"
arm-none-eabi-gcc "../Core/Src/motor.c" -mcpu=cortex-m4 -std=gnu11 -g3 -DDEBUG -DUSE_HAL_DRIVER -DSTM32F411xE -c -I../Core/Inc -I../Drivers/STM32F4xx_HAL_Driver/Inc -I../Drivers/STM32F4xx_HAL_Driver/Inc/Legacy -I../Drivers/CMSIS/Device/ST/STM32F4xx/Include -I../Drivers/CMSIS/Include -O0 -ffunction-sections -fdata-sections -Wall -fstack-usage -fcyclomatic-complexity -MMD -MP -MF"Core/Src/motor.d" -MT"Core/Src/motor.o" --specs=nano.specs -mfpu=fpv4-sp-d16 -mfloat-abi=hard -mthumb -o "Core/Src/motor.o"
arm-none-eabi-gcc "../Core/Src/sensor_module.c" -mcpu=cortex-m4 -std=gnu11 -g3 -DDEBUG -DUSE_HAL_DRIVER -DSTM32F411xE -c -I../Core/Inc -I../Drivers/STM32F4xx_HAL_Driver/Inc -I../Drivers/STM32F4xx_HAL_Driver/Inc/Legacy -I../Drivers/CMSIS/Device/ST/STM32F4xx/Include -I../Drivers/CMSIS/Include -O0 -ffunction-sections -fdata-sections -Wall -fstack-usage -fcyclomatic-complexity -MMD -MP -MF"Core/Src/sensor_module.d" -MT"Core/Src/sensor_module.o" --specs=nano.specs -mfpu=fpv4-sp-d16 -mfloat-abi=hard -mthumb -o "Core/Src/sensor_module.o"
arm-none-eabi-gcc -o "line_follower.elf" @"objects.list"   -mcpu=cortex-m4 -T"C:\Users\7_wick\flf_workspace\line_follower\STM32F411CEUX_FLASH.ld" --specs=nosys.specs -Wl,-Map="line_follower.map" -Wl,--gc-sections -static -u _scanf_float -u _printf_float --specs=nano.specs -mfpu=fpv4-sp-d16 -mfloat-abi=hard -mthumb -Wl,--start-group -lc -lm -Wl,--end-group
Finished building target: line_follower.elf
 
arm-none-eabi-size  line_follower.elf 
arm-none-eabi-objdump -h -S line_follower.elf  > "line_follower.list"
   text	   data	    bss	    dec	    hex	filename
  47244	    508	   2492	  50244	   c444	line_follower.elf
Finished building: default.size.stdout
 
Finished building: line_follower.list
 
10:44:09 **** Incremental Build of configuration Debug for project line_follower ****
make -j12 all 
arm-none-eabi-gcc "../Core/Src/main.c" -mcpu=cortex-m4 -std=gnu11 -g3 -DDEBUG -DUSE_HAL_DRIVER -DSTM32F411xE -c -I../Core/Inc -I../Drivers/STM32F4xx_HAL_Driver/Inc -I../Drivers/STM32F4xx_HAL_Driver/Inc/Legacy -I../Drivers/CMSIS/Device/ST/STM32F4xx/Include -I../Drivers/CMSIS/Include -O0 -ffunction-sections -fdata-sections -Wall -fstack-usage -fcyclomatic-complexity -MMD -MP -MF"Core/Src/main.d" -MT"Core/Src/main.o" --specs=nano.specs -mfpu=fpv4-sp-d16 -mfloat-abi=hard -mthumb -o "Core/Src/main.o"
arm-none-eabi-gcc "../Core/Src/sensor_module.c" -mcpu=cortex-m4 -std=gnu11 -g3 -DDEBUG -DUSE_HAL_DRIVER -DSTM32F411xE -c -I../Core/Inc -I../Drivers/STM32F4xx_HAL_Driver/Inc -I../Drivers/STM32F4xx_HAL_Driver/Inc/Legacy -I../Drivers/CMSIS/Device/ST/STM32F4xx/Include -I../Drivers/CMSIS/Include -O0 -ffunction-sections -fdata-sections -Wall -fstack-usage -fcyclomatic-complexity -MMD -MP -MF"Core/Src/sensor_module.d" -MT"Core/Src/sensor_module.o" --specs=nano.specs -mfpu=fpv4-sp-d16 -mfloat-abi=hard -mthumb -o "Core/Src/sensor_module.o"
arm-none-eabi-gcc -o "line_follower.elf" @"objects.list"   -mcpu=cortex-m4 -T"C:\Users\7_wick\flf_workspace\line_follower\STM32F411CEUX_FLASH.ld" --specs=nosys.specs -Wl,-Map="line_follower.map" -Wl,--gc-sections -static -u _scanf_float -u _printf_float --specs=nano.specs -mfpu=fpv4-sp-d16 -mfloat-abi=hard -mthumb -Wl,--start-group -lc -lm -Wl,--end-group
Finished building target: line_follower.elf
 
arm-none-eabi-size  line_follower.elf 
arm-none-eabi-objdump -h -S line_follower.elf  > "line_follower.list"
   text	   data	    bss	    dec	    hex	filename
  47244	    508	   2492	  50244	   c444	line_follower.elf
Finished building: default.size.stdout
 
Finished building: line_follower.list
 
10:44:27 **** Incremental Build of configuration Debug for project line_follower ****
make -j12 all 
arm-none-eabi-size  line_follower.elf 
   text	   data	    bss	    dec	    hex	filename
  47244	    508	   2492	  50244	   c444	line_follower.elf
Finished building: default.size.stdout
 
10:46:16 **** Incremental Build of configuration Debug for project line_follower ****
make -j12 all 
arm-none-eabi-gcc "../Core/Src/main.c" -mcpu=cortex-m4 -std=gnu11 -g3 -DDEBUG -DUSE_HAL_DRIVER -DSTM32F411xE -c -I../Core/Inc -I../Drivers/STM32F4xx_HAL_Driver/Inc -I../Drivers/STM32F4xx_HAL_Driver/Inc/Legacy -I../Drivers/CMSIS/Device/ST/STM32F4xx/Include -I../Drivers/CMSIS/Include -O0 -ffunction-sections -fdata-sections -Wall -fstack-usage -fcyclomatic-complexity -MMD -MP -MF"Core/Src/main.d" -MT"Core/Src/main.o" --specs=nano.specs -mfpu=fpv4-sp-d16 -mfloat-abi=hard -mthumb -o "Core/Src/main.o"
arm-none-eabi-gcc -o "line_follower.elf" @"objects.list"   -mcpu=cortex-m4 -T"C:\Users\7_wick\flf_workspace\line_follower\STM32F411CEUX_FLASH.ld" --specs=nosys.specs -Wl,-Map="line_follower.map" -Wl,--gc-sections -static -u _scanf_float -u _printf_float --specs=nano.specs -mfpu=fpv4-sp-d16 -mfloat-abi=hard -mthumb -Wl,--start-group -lc -lm -Wl,--end-group
Finished building target: line_follower.elf
 
arm-none-eabi-size  line_follower.elf 
arm-none-eabi-objdump -h -S line_follower.elf  > "line_follower.list"
   text	   data	    bss	    dec	    hex	filename
  47244	    508	   2492	  50244	   c444	line_follower.elf
Finished building: default.size.stdout
 
Finished building: line_follower.list
 
10:54:38 **** Incremental Build of configuration Debug for project line_follower ****
make -j12 all 
arm-none-eabi-gcc "../Core/Src/bluetooth.c" -mcpu=cortex-m4 -std=gnu11 -g3 -DDEBUG -DUSE_HAL_DRIVER -DSTM32F411xE -c -I../Core/Inc -I../Drivers/STM32F4xx_HAL_Driver/Inc -I../Drivers/STM32F4xx_HAL_Driver/Inc/Legacy -I../Drivers/CMSIS/Device/ST/STM32F4xx/Include -I../Drivers/CMSIS/Include -O0 -ffunction-sections -fdata-sections -Wall -fstack-usage -fcyclomatic-complexity -MMD -MP -MF"Core/Src/bluetooth.d" -MT"Core/Src/bluetooth.o" --specs=nano.specs -mfpu=fpv4-sp-d16 -mfloat-abi=hard -mthumb -o "Core/Src/bluetooth.o"
arm-none-eabi-gcc "../Core/Src/main.c" -mcpu=cortex-m4 -std=gnu11 -g3 -DDEBUG -DUSE_HAL_DRIVER -DSTM32F411xE -c -I../Core/Inc -I../Drivers/STM32F4xx_HAL_Driver/Inc -I../Drivers/STM32F4xx_HAL_Driver/Inc/Legacy -I../Drivers/CMSIS/Device/ST/STM32F4xx/Include -I../Drivers/CMSIS/Include -O0 -ffunction-sections -fdata-sections -Wall -fstack-usage -fcyclomatic-complexity -MMD -MP -MF"Core/Src/main.d" -MT"Core/Src/main.o" --specs=nano.specs -mfpu=fpv4-sp-d16 -mfloat-abi=hard -mthumb -o "Core/Src/main.o"
arm-none-eabi-gcc "../Core/Src/motor.c" -mcpu=cortex-m4 -std=gnu11 -g3 -DDEBUG -DUSE_HAL_DRIVER -DSTM32F411xE -c -I../Core/Inc -I../Drivers/STM32F4xx_HAL_Driver/Inc -I../Drivers/STM32F4xx_HAL_Driver/Inc/Legacy -I../Drivers/CMSIS/Device/ST/STM32F4xx/Include -I../Drivers/CMSIS/Include -O0 -ffunction-sections -fdata-sections -Wall -fstack-usage -fcyclomatic-complexity -MMD -MP -MF"Core/Src/motor.d" -MT"Core/Src/motor.o" --specs=nano.specs -mfpu=fpv4-sp-d16 -mfloat-abi=hard -mthumb -o "Core/Src/motor.o"
arm-none-eabi-gcc "../Core/Src/sensor_module.c" -mcpu=cortex-m4 -std=gnu11 -g3 -DDEBUG -DUSE_HAL_DRIVER -DSTM32F411xE -c -I../Core/Inc -I../Drivers/STM32F4xx_HAL_Driver/Inc -I../Drivers/STM32F4xx_HAL_Driver/Inc/Legacy -I../Drivers/CMSIS/Device/ST/STM32F4xx/Include -I../Drivers/CMSIS/Include -O0 -ffunction-sections -fdata-sections -Wall -fstack-usage -fcyclomatic-complexity -MMD -MP -MF"Core/Src/sensor_module.d" -MT"Core/Src/sensor_module.o" --specs=nano.specs -mfpu=fpv4-sp-d16 -mfloat-abi=hard -mthumb -o "Core/Src/sensor_module.o"
arm-none-eabi-gcc "../Core/Src/stm32f4xx_hal_msp.c" -mcpu=cortex-m4 -std=gnu11 -g3 -DDEBUG -DUSE_HAL_DRIVER -DSTM32F411xE -c -I../Core/Inc -I../Drivers/STM32F4xx_HAL_Driver/Inc -I../Drivers/STM32F4xx_HAL_Driver/Inc/Legacy -I../Drivers/CMSIS/Device/ST/STM32F4xx/Include -I../Drivers/CMSIS/Include -O0 -ffunction-sections -fdata-sections -Wall -fstack-usage -fcyclomatic-complexity -MMD -MP -MF"Core/Src/stm32f4xx_hal_msp.d" -MT"Core/Src/stm32f4xx_hal_msp.o" --specs=nano.specs -mfpu=fpv4-sp-d16 -mfloat-abi=hard -mthumb -o "Core/Src/stm32f4xx_hal_msp.o"
arm-none-eabi-gcc "../Core/Src/stm32f4xx_it.c" -mcpu=cortex-m4 -std=gnu11 -g3 -DDEBUG -DUSE_HAL_DRIVER -DSTM32F411xE -c -I../Core/Inc -I../Drivers/STM32F4xx_HAL_Driver/Inc -I../Drivers/STM32F4xx_HAL_Driver/Inc/Legacy -I../Drivers/CMSIS/Device/ST/STM32F4xx/Include -I../Drivers/CMSIS/Include -O0 -ffunction-sections -fdata-sections -Wall -fstack-usage -fcyclomatic-complexity -MMD -MP -MF"Core/Src/stm32f4xx_it.d" -MT"Core/Src/stm32f4xx_it.o" --specs=nano.specs -mfpu=fpv4-sp-d16 -mfloat-abi=hard -mthumb -o "Core/Src/stm32f4xx_it.o"
arm-none-eabi-gcc "../Core/Src/utils.c" -mcpu=cortex-m4 -std=gnu11 -g3 -DDEBUG -DUSE_HAL_DRIVER -DSTM32F411xE -c -I../Core/Inc -I../Drivers/STM32F4xx_HAL_Driver/Inc -I../Drivers/STM32F4xx_HAL_Driver/Inc/Legacy -I../Drivers/CMSIS/Device/ST/STM32F4xx/Include -I../Drivers/CMSIS/Include -O0 -ffunction-sections -fdata-sections -Wall -fstack-usage -fcyclomatic-complexity -MMD -MP -MF"Core/Src/utils.d" -MT"Core/Src/utils.o" --specs=nano.specs -mfpu=fpv4-sp-d16 -mfloat-abi=hard -mthumb -o "Core/Src/utils.o"
arm-none-eabi-gcc -o "line_follower.elf" @"objects.list"   -mcpu=cortex-m4 -T"C:\Users\7_wick\flf_workspace\line_follower\STM32F411CEUX_FLASH.ld" --specs=nosys.specs -Wl,-Map="line_follower.map" -Wl,--gc-sections -static -u _scanf_float -u _printf_float --specs=nano.specs -mfpu=fpv4-sp-d16 -mfloat-abi=hard -mthumb -Wl,--start-group -lc -lm -Wl,--end-group
Finished building target: line_follower.elf
 
arm-none-eabi-size  line_follower.elf 
arm-none-eabi-objdump -h -S line_follower.elf  > "line_follower.list"
   text	   data	    bss	    dec	    hex	filename
  47244	    508	   2492	  50244	   c444	line_follower.elf
Finished building: default.size.stdout
 
Finished building: line_follower.list
 
11:10:51 **** Incremental Build of configuration Debug for project line_follower ****
make -j12 all 
arm-none-eabi-gcc "../Core/Src/motor.c" -mcpu=cortex-m4 -std=gnu11 -g3 -DDEBUG -DUSE_HAL_DRIVER -DSTM32F411xE -c -I../Core/Inc -I../Drivers/STM32F4xx_HAL_Driver/Inc -I../Drivers/STM32F4xx_HAL_Driver/Inc/Legacy -I../Drivers/CMSIS/Device/ST/STM32F4xx/Include -I../Drivers/CMSIS/Include -O0 -ffunction-sections -fdata-sections -Wall -fstack-usage -fcyclomatic-complexity -MMD -MP -MF"Core/Src/motor.d" -MT"Core/Src/motor.o" --specs=nano.specs -mfpu=fpv4-sp-d16 -mfloat-abi=hard -mthumb -o "Core/Src/motor.o"
arm-none-eabi-gcc "../Core/Src/sensor_module.c" -mcpu=cortex-m4 -std=gnu11 -g3 -DDEBUG -DUSE_HAL_DRIVER -DSTM32F411xE -c -I../Core/Inc -I../Drivers/STM32F4xx_HAL_Driver/Inc -I../Drivers/STM32F4xx_HAL_Driver/Inc/Legacy -I../Drivers/CMSIS/Device/ST/STM32F4xx/Include -I../Drivers/CMSIS/Include -O0 -ffunction-sections -fdata-sections -Wall -fstack-usage -fcyclomatic-complexity -MMD -MP -MF"Core/Src/sensor_module.d" -MT"Core/Src/sensor_module.o" --specs=nano.specs -mfpu=fpv4-sp-d16 -mfloat-abi=hard -mthumb -o "Core/Src/sensor_module.o"
../Core/Src/motor.c: In function 'turn_jugaad':
../Core/Src/motor.c:68:73: error: invalid operands to binary + (have 'int' and 'Sensor')
   68 |         else if ((( sa->array[0].on + sa->array[1].on + sa->array[2].on + sa->array[3] + sa->array[4] ) >= 3 ) && ((sa->array[5].on + sa->array[6].on + sa->array[7].on) == 0))
      |                     ~~~~~~~~~~~~~~~~~~~~~~~~~~~~~~~~~~~~~~~~~~~~~~~~~~~ ^ ~~~~~~~~~~~~
      |                                                       |                            |
      |                                                       int                          Sensor
make: *** [Core/Src/subdir.mk:46: Core/Src/motor.o] Error 1
make: *** Waiting for unfinished jobs....
"make -j12 all" terminated with exit code 2. Build might be incomplete.
11:11:55 **** Incremental Build of configuration Debug for project line_follower ****
make -j12 all 
arm-none-eabi-gcc "../Core/Src/motor.c" -mcpu=cortex-m4 -std=gnu11 -g3 -DDEBUG -DUSE_HAL_DRIVER -DSTM32F411xE -c -I../Core/Inc -I../Drivers/STM32F4xx_HAL_Driver/Inc -I../Drivers/STM32F4xx_HAL_Driver/Inc/Legacy -I../Drivers/CMSIS/Device/ST/STM32F4xx/Include -I../Drivers/CMSIS/Include -O0 -ffunction-sections -fdata-sections -Wall -fstack-usage -fcyclomatic-complexity -MMD -MP -MF"Core/Src/motor.d" -MT"Core/Src/motor.o" --specs=nano.specs -mfpu=fpv4-sp-d16 -mfloat-abi=hard -mthumb -o "Core/Src/motor.o"
arm-none-eabi-gcc -o "line_follower.elf" @"objects.list"   -mcpu=cortex-m4 -T"C:\Users\7_wick\flf_workspace\line_follower\STM32F411CEUX_FLASH.ld" --specs=nosys.specs -Wl,-Map="line_follower.map" -Wl,--gc-sections -static -u _scanf_float -u _printf_float --specs=nano.specs -mfpu=fpv4-sp-d16 -mfloat-abi=hard -mthumb -Wl,--start-group -lc -lm -Wl,--end-group
Finished building target: line_follower.elf
 
arm-none-eabi-size  line_follower.elf 
arm-none-eabi-objdump -h -S line_follower.elf  > "line_follower.list"
   text	   data	    bss	    dec	    hex	filename
  47220	    508	   2492	  50220	   c42c	line_follower.elf
Finished building: default.size.stdout
 
Finished building: line_follower.list
 
11:18:43 **** Incremental Build of configuration Debug for project line_follower ****
make -j12 all 
arm-none-eabi-gcc "../Core/Src/motor.c" -mcpu=cortex-m4 -std=gnu11 -g3 -DDEBUG -DUSE_HAL_DRIVER -DSTM32F411xE -c -I../Core/Inc -I../Drivers/STM32F4xx_HAL_Driver/Inc -I../Drivers/STM32F4xx_HAL_Driver/Inc/Legacy -I../Drivers/CMSIS/Device/ST/STM32F4xx/Include -I../Drivers/CMSIS/Include -O0 -ffunction-sections -fdata-sections -Wall -fstack-usage -fcyclomatic-complexity -MMD -MP -MF"Core/Src/motor.d" -MT"Core/Src/motor.o" --specs=nano.specs -mfpu=fpv4-sp-d16 -mfloat-abi=hard -mthumb -o "Core/Src/motor.o"
arm-none-eabi-gcc -o "line_follower.elf" @"objects.list"   -mcpu=cortex-m4 -T"C:\Users\7_wick\flf_workspace\line_follower\STM32F411CEUX_FLASH.ld" --specs=nosys.specs -Wl,-Map="line_follower.map" -Wl,--gc-sections -static -u _scanf_float -u _printf_float --specs=nano.specs -mfpu=fpv4-sp-d16 -mfloat-abi=hard -mthumb -Wl,--start-group -lc -lm -Wl,--end-group
Finished building target: line_follower.elf
 
arm-none-eabi-size  line_follower.elf 
arm-none-eabi-objdump -h -S line_follower.elf  > "line_follower.list"
   text	   data	    bss	    dec	    hex	filename
  47316	    508	   2492	  50316	   c48c	line_follower.elf
Finished building: default.size.stdout
 
Finished building: line_follower.list
 
11:20:36 **** Incremental Build of configuration Debug for project line_follower ****
make -j12 all 
arm-none-eabi-gcc "../Core/Src/motor.c" -mcpu=cortex-m4 -std=gnu11 -g3 -DDEBUG -DUSE_HAL_DRIVER -DSTM32F411xE -c -I../Core/Inc -I../Drivers/STM32F4xx_HAL_Driver/Inc -I../Drivers/STM32F4xx_HAL_Driver/Inc/Legacy -I../Drivers/CMSIS/Device/ST/STM32F4xx/Include -I../Drivers/CMSIS/Include -O0 -ffunction-sections -fdata-sections -Wall -fstack-usage -fcyclomatic-complexity -MMD -MP -MF"Core/Src/motor.d" -MT"Core/Src/motor.o" --specs=nano.specs -mfpu=fpv4-sp-d16 -mfloat-abi=hard -mthumb -o "Core/Src/motor.o"
arm-none-eabi-gcc -o "line_follower.elf" @"objects.list"   -mcpu=cortex-m4 -T"C:\Users\7_wick\flf_workspace\line_follower\STM32F411CEUX_FLASH.ld" --specs=nosys.specs -Wl,-Map="line_follower.map" -Wl,--gc-sections -static -u _scanf_float -u _printf_float --specs=nano.specs -mfpu=fpv4-sp-d16 -mfloat-abi=hard -mthumb -Wl,--start-group -lc -lm -Wl,--end-group
Finished building target: line_follower.elf
 
arm-none-eabi-size  line_follower.elf 
arm-none-eabi-objdump -h -S line_follower.elf  > "line_follower.list"
   text	   data	    bss	    dec	    hex	filename
  47356	    508	   2492	  50356	   c4b4	line_follower.elf
Finished building: default.size.stdout
 
Finished building: line_follower.list
 
12:16:59 **** Incremental Build of configuration Debug for project line_follower ****
make -j12 all 
arm-none-eabi-gcc "../Core/Src/main.c" -mcpu=cortex-m4 -std=gnu11 -g3 -DDEBUG -DUSE_HAL_DRIVER -DSTM32F411xE -c -I../Core/Inc -I../Drivers/STM32F4xx_HAL_Driver/Inc -I../Drivers/STM32F4xx_HAL_Driver/Inc/Legacy -I../Drivers/CMSIS/Device/ST/STM32F4xx/Include -I../Drivers/CMSIS/Include -O0 -ffunction-sections -fdata-sections -Wall -fstack-usage -fcyclomatic-complexity -MMD -MP -MF"Core/Src/main.d" -MT"Core/Src/main.o" --specs=nano.specs -mfpu=fpv4-sp-d16 -mfloat-abi=hard -mthumb -o "Core/Src/main.o"
arm-none-eabi-gcc "../Core/Src/motor.c" -mcpu=cortex-m4 -std=gnu11 -g3 -DDEBUG -DUSE_HAL_DRIVER -DSTM32F411xE -c -I../Core/Inc -I../Drivers/STM32F4xx_HAL_Driver/Inc -I../Drivers/STM32F4xx_HAL_Driver/Inc/Legacy -I../Drivers/CMSIS/Device/ST/STM32F4xx/Include -I../Drivers/CMSIS/Include -O0 -ffunction-sections -fdata-sections -Wall -fstack-usage -fcyclomatic-complexity -MMD -MP -MF"Core/Src/motor.d" -MT"Core/Src/motor.o" --specs=nano.specs -mfpu=fpv4-sp-d16 -mfloat-abi=hard -mthumb -o "Core/Src/motor.o"
arm-none-eabi-gcc -o "line_follower.elf" @"objects.list"   -mcpu=cortex-m4 -T"C:\Users\7_wick\flf_workspace\line_follower\STM32F411CEUX_FLASH.ld" --specs=nosys.specs -Wl,-Map="line_follower.map" -Wl,--gc-sections -static -u _scanf_float -u _printf_float --specs=nano.specs -mfpu=fpv4-sp-d16 -mfloat-abi=hard -mthumb -Wl,--start-group -lc -lm -Wl,--end-group
Finished building target: line_follower.elf
 
arm-none-eabi-size  line_follower.elf 
arm-none-eabi-objdump -h -S line_follower.elf  > "line_follower.list"
   text	   data	    bss	    dec	    hex	filename
  47372	    508	   2492	  50372	   c4c4	line_follower.elf
Finished building: default.size.stdout
 
Finished building: line_follower.list
 
12:17:27 **** Incremental Build of configuration Debug for project line_follower ****
make -j12 all 
arm-none-eabi-size  line_follower.elf 
   text	   data	    bss	    dec	    hex	filename
  47372	    508	   2492	  50372	   c4c4	line_follower.elf
Finished building: default.size.stdout
 
12:17:46 **** Incremental Build of configuration Debug for project line_follower ****
make -j12 all 
arm-none-eabi-size  line_follower.elf 
   text	   data	    bss	    dec	    hex	filename
  47372	    508	   2492	  50372	   c4c4	line_follower.elf
Finished building: default.size.stdout
 
12:18:17 **** Incremental Build of configuration Debug for project line_follower ****
make -j12 all 
arm-none-eabi-size  line_follower.elf 
   text	   data	    bss	    dec	    hex	filename
  47372	    508	   2492	  50372	   c4c4	line_follower.elf
Finished building: default.size.stdout
 
12:33:33 **** Incremental Build of configuration Debug for project line_follower ****
make -j12 all 
arm-none-eabi-gcc "../Core/Src/main.c" -mcpu=cortex-m4 -std=gnu11 -g3 -DDEBUG -DUSE_HAL_DRIVER -DSTM32F411xE -c -I../Core/Inc -I../Drivers/STM32F4xx_HAL_Driver/Inc -I../Drivers/STM32F4xx_HAL_Driver/Inc/Legacy -I../Drivers/CMSIS/Device/ST/STM32F4xx/Include -I../Drivers/CMSIS/Include -O0 -ffunction-sections -fdata-sections -Wall -fstack-usage -fcyclomatic-complexity -MMD -MP -MF"Core/Src/main.d" -MT"Core/Src/main.o" --specs=nano.specs -mfpu=fpv4-sp-d16 -mfloat-abi=hard -mthumb -o "Core/Src/main.o"
arm-none-eabi-gcc "../Core/Src/motor.c" -mcpu=cortex-m4 -std=gnu11 -g3 -DDEBUG -DUSE_HAL_DRIVER -DSTM32F411xE -c -I../Core/Inc -I../Drivers/STM32F4xx_HAL_Driver/Inc -I../Drivers/STM32F4xx_HAL_Driver/Inc/Legacy -I../Drivers/CMSIS/Device/ST/STM32F4xx/Include -I../Drivers/CMSIS/Include -O0 -ffunction-sections -fdata-sections -Wall -fstack-usage -fcyclomatic-complexity -MMD -MP -MF"Core/Src/motor.d" -MT"Core/Src/motor.o" --specs=nano.specs -mfpu=fpv4-sp-d16 -mfloat-abi=hard -mthumb -o "Core/Src/motor.o"
arm-none-eabi-gcc "../Core/Src/sensor_module.c" -mcpu=cortex-m4 -std=gnu11 -g3 -DDEBUG -DUSE_HAL_DRIVER -DSTM32F411xE -c -I../Core/Inc -I../Drivers/STM32F4xx_HAL_Driver/Inc -I../Drivers/STM32F4xx_HAL_Driver/Inc/Legacy -I../Drivers/CMSIS/Device/ST/STM32F4xx/Include -I../Drivers/CMSIS/Include -O0 -ffunction-sections -fdata-sections -Wall -fstack-usage -fcyclomatic-complexity -MMD -MP -MF"Core/Src/sensor_module.d" -MT"Core/Src/sensor_module.o" --specs=nano.specs -mfpu=fpv4-sp-d16 -mfloat-abi=hard -mthumb -o "Core/Src/sensor_module.o"
arm-none-eabi-gcc "../Core/Src/utils.c" -mcpu=cortex-m4 -std=gnu11 -g3 -DDEBUG -DUSE_HAL_DRIVER -DSTM32F411xE -c -I../Core/Inc -I../Drivers/STM32F4xx_HAL_Driver/Inc -I../Drivers/STM32F4xx_HAL_Driver/Inc/Legacy -I../Drivers/CMSIS/Device/ST/STM32F4xx/Include -I../Drivers/CMSIS/Include -O0 -ffunction-sections -fdata-sections -Wall -fstack-usage -fcyclomatic-complexity -MMD -MP -MF"Core/Src/utils.d" -MT"Core/Src/utils.o" --specs=nano.specs -mfpu=fpv4-sp-d16 -mfloat-abi=hard -mthumb -o "Core/Src/utils.o"
arm-none-eabi-gcc -o "line_follower.elf" @"objects.list"   -mcpu=cortex-m4 -T"C:\Users\7_wick\flf_workspace\line_follower\STM32F411CEUX_FLASH.ld" --specs=nosys.specs -Wl,-Map="line_follower.map" -Wl,--gc-sections -static -u _scanf_float -u _printf_float --specs=nano.specs -mfpu=fpv4-sp-d16 -mfloat-abi=hard -mthumb -Wl,--start-group -lc -lm -Wl,--end-group
Finished building target: line_follower.elf
 
arm-none-eabi-size  line_follower.elf 
arm-none-eabi-objdump -h -S line_follower.elf  > "line_follower.list"
   text	   data	    bss	    dec	    hex	filename
  47380	    512	   2496	  50388	   c4d4	line_follower.elf
Finished building: default.size.stdout
 
Finished building: line_follower.list
 
12:33:53 **** Incremental Build of configuration Debug for project line_follower ****
make -j12 all 
arm-none-eabi-size  line_follower.elf 
   text	   data	    bss	    dec	    hex	filename
  47380	    512	   2496	  50388	   c4d4	line_follower.elf
Finished building: default.size.stdout
 
12:39:42 **** Incremental Build of configuration Debug for project line_follower ****
make -j12 all 
arm-none-eabi-gcc "../Core/Src/main.c" -mcpu=cortex-m4 -std=gnu11 -g3 -DDEBUG -DUSE_HAL_DRIVER -DSTM32F411xE -c -I../Core/Inc -I../Drivers/STM32F4xx_HAL_Driver/Inc -I../Drivers/STM32F4xx_HAL_Driver/Inc/Legacy -I../Drivers/CMSIS/Device/ST/STM32F4xx/Include -I../Drivers/CMSIS/Include -O0 -ffunction-sections -fdata-sections -Wall -fstack-usage -fcyclomatic-complexity -MMD -MP -MF"Core/Src/main.d" -MT"Core/Src/main.o" --specs=nano.specs -mfpu=fpv4-sp-d16 -mfloat-abi=hard -mthumb -o "Core/Src/main.o"
arm-none-eabi-gcc -o "line_follower.elf" @"objects.list"   -mcpu=cortex-m4 -T"C:\Users\7_wick\flf_workspace\line_follower\STM32F411CEUX_FLASH.ld" --specs=nosys.specs -Wl,-Map="line_follower.map" -Wl,--gc-sections -static -u _scanf_float -u _printf_float --specs=nano.specs -mfpu=fpv4-sp-d16 -mfloat-abi=hard -mthumb -Wl,--start-group -lc -lm -Wl,--end-group
Finished building target: line_follower.elf
 
arm-none-eabi-size  line_follower.elf 
arm-none-eabi-objdump -h -S line_follower.elf  > "line_follower.list"
   text	   data	    bss	    dec	    hex	filename
  47436	    512	   2496	  50444	   c50c	line_follower.elf
Finished building: default.size.stdout
 
Finished building: line_follower.list
 
12:40:17 **** Incremental Build of configuration Debug for project line_follower ****
make -j12 all 
arm-none-eabi-size  line_follower.elf 
   text	   data	    bss	    dec	    hex	filename
  47436	    512	   2496	  50444	   c50c	line_follower.elf
Finished building: default.size.stdout
 
12:40:33 **** Incremental Build of configuration Debug for project line_follower ****
make -j12 all 
arm-none-eabi-size  line_follower.elf 
   text	   data	    bss	    dec	    hex	filename
  47436	    512	   2496	  50444	   c50c	line_follower.elf
Finished building: default.size.stdout
 
12:47:05 **** Incremental Build of configuration Debug for project line_follower ****
make -j12 all 
arm-none-eabi-gcc "../Core/Src/main.c" -mcpu=cortex-m4 -std=gnu11 -g3 -DDEBUG -DUSE_HAL_DRIVER -DSTM32F411xE -c -I../Core/Inc -I../Drivers/STM32F4xx_HAL_Driver/Inc -I../Drivers/STM32F4xx_HAL_Driver/Inc/Legacy -I../Drivers/CMSIS/Device/ST/STM32F4xx/Include -I../Drivers/CMSIS/Include -O0 -ffunction-sections -fdata-sections -Wall -fstack-usage -fcyclomatic-complexity -MMD -MP -MF"Core/Src/main.d" -MT"Core/Src/main.o" --specs=nano.specs -mfpu=fpv4-sp-d16 -mfloat-abi=hard -mthumb -o "Core/Src/main.o"
arm-none-eabi-gcc "../Core/Src/motor.c" -mcpu=cortex-m4 -std=gnu11 -g3 -DDEBUG -DUSE_HAL_DRIVER -DSTM32F411xE -c -I../Core/Inc -I../Drivers/STM32F4xx_HAL_Driver/Inc -I../Drivers/STM32F4xx_HAL_Driver/Inc/Legacy -I../Drivers/CMSIS/Device/ST/STM32F4xx/Include -I../Drivers/CMSIS/Include -O0 -ffunction-sections -fdata-sections -Wall -fstack-usage -fcyclomatic-complexity -MMD -MP -MF"Core/Src/motor.d" -MT"Core/Src/motor.o" --specs=nano.specs -mfpu=fpv4-sp-d16 -mfloat-abi=hard -mthumb -o "Core/Src/motor.o"
arm-none-eabi-gcc -o "line_follower.elf" @"objects.list"   -mcpu=cortex-m4 -T"C:\Users\7_wick\flf_workspace\line_follower\STM32F411CEUX_FLASH.ld" --specs=nosys.specs -Wl,-Map="line_follower.map" -Wl,--gc-sections -static -u _scanf_float -u _printf_float --specs=nano.specs -mfpu=fpv4-sp-d16 -mfloat-abi=hard -mthumb -Wl,--start-group -lc -lm -Wl,--end-group
Finished building target: line_follower.elf
 
arm-none-eabi-size  line_follower.elf 
arm-none-eabi-objdump -h -S line_follower.elf  > "line_follower.list"
   text	   data	    bss	    dec	    hex	filename
  47428	    512	   2496	  50436	   c504	line_follower.elf
Finished building: default.size.stdout
 
Finished building: line_follower.list
 
12:50:08 **** Incremental Build of configuration Debug for project line_follower ****
make -j12 all 
arm-none-eabi-gcc "../Core/Src/main.c" -mcpu=cortex-m4 -std=gnu11 -g3 -DDEBUG -DUSE_HAL_DRIVER -DSTM32F411xE -c -I../Core/Inc -I../Drivers/STM32F4xx_HAL_Driver/Inc -I../Drivers/STM32F4xx_HAL_Driver/Inc/Legacy -I../Drivers/CMSIS/Device/ST/STM32F4xx/Include -I../Drivers/CMSIS/Include -O0 -ffunction-sections -fdata-sections -Wall -fstack-usage -fcyclomatic-complexity -MMD -MP -MF"Core/Src/main.d" -MT"Core/Src/main.o" --specs=nano.specs -mfpu=fpv4-sp-d16 -mfloat-abi=hard -mthumb -o "Core/Src/main.o"
arm-none-eabi-gcc "../Core/Src/motor.c" -mcpu=cortex-m4 -std=gnu11 -g3 -DDEBUG -DUSE_HAL_DRIVER -DSTM32F411xE -c -I../Core/Inc -I../Drivers/STM32F4xx_HAL_Driver/Inc -I../Drivers/STM32F4xx_HAL_Driver/Inc/Legacy -I../Drivers/CMSIS/Device/ST/STM32F4xx/Include -I../Drivers/CMSIS/Include -O0 -ffunction-sections -fdata-sections -Wall -fstack-usage -fcyclomatic-complexity -MMD -MP -MF"Core/Src/motor.d" -MT"Core/Src/motor.o" --specs=nano.specs -mfpu=fpv4-sp-d16 -mfloat-abi=hard -mthumb -o "Core/Src/motor.o"
arm-none-eabi-gcc -o "line_follower.elf" @"objects.list"   -mcpu=cortex-m4 -T"C:\Users\7_wick\flf_workspace\line_follower\STM32F411CEUX_FLASH.ld" --specs=nosys.specs -Wl,-Map="line_follower.map" -Wl,--gc-sections -static -u _scanf_float -u _printf_float --specs=nano.specs -mfpu=fpv4-sp-d16 -mfloat-abi=hard -mthumb -Wl,--start-group -lc -lm -Wl,--end-group
Finished building target: line_follower.elf
 
arm-none-eabi-size  line_follower.elf 
arm-none-eabi-objdump -h -S line_follower.elf  > "line_follower.list"
   text	   data	    bss	    dec	    hex	filename
  47444	    512	   2496	  50452	   c514	line_follower.elf
Finished building: default.size.stdout
 
Finished building: line_follower.list
 
12:50:45 **** Incremental Build of configuration Debug for project line_follower ****
make -j12 all 
arm-none-eabi-gcc "../Core/Src/main.c" -mcpu=cortex-m4 -std=gnu11 -g3 -DDEBUG -DUSE_HAL_DRIVER -DSTM32F411xE -c -I../Core/Inc -I../Drivers/STM32F4xx_HAL_Driver/Inc -I../Drivers/STM32F4xx_HAL_Driver/Inc/Legacy -I../Drivers/CMSIS/Device/ST/STM32F4xx/Include -I../Drivers/CMSIS/Include -O0 -ffunction-sections -fdata-sections -Wall -fstack-usage -fcyclomatic-complexity -MMD -MP -MF"Core/Src/main.d" -MT"Core/Src/main.o" --specs=nano.specs -mfpu=fpv4-sp-d16 -mfloat-abi=hard -mthumb -o "Core/Src/main.o"
arm-none-eabi-gcc -o "line_follower.elf" @"objects.list"   -mcpu=cortex-m4 -T"C:\Users\7_wick\flf_workspace\line_follower\STM32F411CEUX_FLASH.ld" --specs=nosys.specs -Wl,-Map="line_follower.map" -Wl,--gc-sections -static -u _scanf_float -u _printf_float --specs=nano.specs -mfpu=fpv4-sp-d16 -mfloat-abi=hard -mthumb -Wl,--start-group -lc -lm -Wl,--end-group
Finished building target: line_follower.elf
 
arm-none-eabi-size  line_follower.elf 
arm-none-eabi-objdump -h -S line_follower.elf  > "line_follower.list"
   text	   data	    bss	    dec	    hex	filename
  47444	    512	   2496	  50452	   c514	line_follower.elf
Finished building: default.size.stdout
 
Finished building: line_follower.list
 
12:55:06 **** Incremental Build of configuration Debug for project line_follower ****
make -j12 all 
arm-none-eabi-gcc "../Core/Src/main.c" -mcpu=cortex-m4 -std=gnu11 -g3 -DDEBUG -DUSE_HAL_DRIVER -DSTM32F411xE -c -I../Core/Inc -I../Drivers/STM32F4xx_HAL_Driver/Inc -I../Drivers/STM32F4xx_HAL_Driver/Inc/Legacy -I../Drivers/CMSIS/Device/ST/STM32F4xx/Include -I../Drivers/CMSIS/Include -O0 -ffunction-sections -fdata-sections -Wall -fstack-usage -fcyclomatic-complexity -MMD -MP -MF"Core/Src/main.d" -MT"Core/Src/main.o" --specs=nano.specs -mfpu=fpv4-sp-d16 -mfloat-abi=hard -mthumb -o "Core/Src/main.o"
arm-none-eabi-gcc "../Core/Src/motor.c" -mcpu=cortex-m4 -std=gnu11 -g3 -DDEBUG -DUSE_HAL_DRIVER -DSTM32F411xE -c -I../Core/Inc -I../Drivers/STM32F4xx_HAL_Driver/Inc -I../Drivers/STM32F4xx_HAL_Driver/Inc/Legacy -I../Drivers/CMSIS/Device/ST/STM32F4xx/Include -I../Drivers/CMSIS/Include -O0 -ffunction-sections -fdata-sections -Wall -fstack-usage -fcyclomatic-complexity -MMD -MP -MF"Core/Src/motor.d" -MT"Core/Src/motor.o" --specs=nano.specs -mfpu=fpv4-sp-d16 -mfloat-abi=hard -mthumb -o "Core/Src/motor.o"
arm-none-eabi-gcc -o "line_follower.elf" @"objects.list"   -mcpu=cortex-m4 -T"C:\Users\7_wick\flf_workspace\line_follower\STM32F411CEUX_FLASH.ld" --specs=nosys.specs -Wl,-Map="line_follower.map" -Wl,--gc-sections -static -u _scanf_float -u _printf_float --specs=nano.specs -mfpu=fpv4-sp-d16 -mfloat-abi=hard -mthumb -Wl,--start-group -lc -lm -Wl,--end-group
Finished building target: line_follower.elf
 
arm-none-eabi-size  line_follower.elf 
arm-none-eabi-objdump -h -S line_follower.elf  > "line_follower.list"
   text	   data	    bss	    dec	    hex	filename
  47460	    512	   2496	  50468	   c524	line_follower.elf
Finished building: default.size.stdout
 
Finished building: line_follower.list
 
13:00:39 **** Incremental Build of configuration Debug for project line_follower ****
make -j12 all 
arm-none-eabi-gcc "../Core/Src/main.c" -mcpu=cortex-m4 -std=gnu11 -g3 -DDEBUG -DUSE_HAL_DRIVER -DSTM32F411xE -c -I../Core/Inc -I../Drivers/STM32F4xx_HAL_Driver/Inc -I../Drivers/STM32F4xx_HAL_Driver/Inc/Legacy -I../Drivers/CMSIS/Device/ST/STM32F4xx/Include -I../Drivers/CMSIS/Include -O0 -ffunction-sections -fdata-sections -Wall -fstack-usage -fcyclomatic-complexity -MMD -MP -MF"Core/Src/main.d" -MT"Core/Src/main.o" --specs=nano.specs -mfpu=fpv4-sp-d16 -mfloat-abi=hard -mthumb -o "Core/Src/main.o"
../Core/Src/main.c: In function 'main':
../Core/Src/main.c:229:13: warning: unused variable 'cornering_speed' [-Wunused-variable]
  229 |         int cornering_speed;
      |             ^~~~~~~~~~~~~~~
arm-none-eabi-gcc -o "line_follower.elf" @"objects.list"   -mcpu=cortex-m4 -T"C:\Users\7_wick\flf_workspace\line_follower\STM32F411CEUX_FLASH.ld" --specs=nosys.specs -Wl,-Map="line_follower.map" -Wl,--gc-sections -static -u _scanf_float -u _printf_float --specs=nano.specs -mfpu=fpv4-sp-d16 -mfloat-abi=hard -mthumb -Wl,--start-group -lc -lm -Wl,--end-group
Finished building target: line_follower.elf
 
arm-none-eabi-size  line_follower.elf 
arm-none-eabi-objdump -h -S line_follower.elf  > "line_follower.list"
   text	   data	    bss	    dec	    hex	filename
  47412	    512	   2496	  50420	   c4f4	line_follower.elf
Finished building: default.size.stdout
 
Finished building: line_follower.list
 
13:19:24 **** Incremental Build of configuration Debug for project line_follower ****
make -j12 all 
arm-none-eabi-gcc "../Core/Src/main.c" -mcpu=cortex-m4 -std=gnu11 -g3 -DDEBUG -DUSE_HAL_DRIVER -DSTM32F411xE -c -I../Core/Inc -I../Drivers/STM32F4xx_HAL_Driver/Inc -I../Drivers/STM32F4xx_HAL_Driver/Inc/Legacy -I../Drivers/CMSIS/Device/ST/STM32F4xx/Include -I../Drivers/CMSIS/Include -O0 -ffunction-sections -fdata-sections -Wall -fstack-usage -fcyclomatic-complexity -MMD -MP -MF"Core/Src/main.d" -MT"Core/Src/main.o" --specs=nano.specs -mfpu=fpv4-sp-d16 -mfloat-abi=hard -mthumb -o "Core/Src/main.o"
arm-none-eabi-gcc "../Core/Src/motor.c" -mcpu=cortex-m4 -std=gnu11 -g3 -DDEBUG -DUSE_HAL_DRIVER -DSTM32F411xE -c -I../Core/Inc -I../Drivers/STM32F4xx_HAL_Driver/Inc -I../Drivers/STM32F4xx_HAL_Driver/Inc/Legacy -I../Drivers/CMSIS/Device/ST/STM32F4xx/Include -I../Drivers/CMSIS/Include -O0 -ffunction-sections -fdata-sections -Wall -fstack-usage -fcyclomatic-complexity -MMD -MP -MF"Core/Src/motor.d" -MT"Core/Src/motor.o" --specs=nano.specs -mfpu=fpv4-sp-d16 -mfloat-abi=hard -mthumb -o "Core/Src/motor.o"
../Core/Src/main.c: In function 'main':
../Core/Src/main.c:277:54: error: 'sa' undeclared (first use in this function)
  277 |                                         Sync_Sensors(sa);
      |                                                      ^~
../Core/Src/main.c:277:54: note: each undeclared identifier is reported only once for each function it appears in
../Core/Src/main.c:229:13: warning: unused variable 'cornering_speed' [-Wunused-variable]
  229 |         int cornering_speed;
      |             ^~~~~~~~~~~~~~~
make: *** [Core/Src/subdir.mk:46: Core/Src/main.o] Error 1
make: *** Waiting for unfinished jobs....
"make -j12 all" terminated with exit code 2. Build might be incomplete.
13:20:11 **** Incremental Build of configuration Debug for project line_follower ****
make -j12 all 
arm-none-eabi-gcc "../Core/Src/main.c" -mcpu=cortex-m4 -std=gnu11 -g3 -DDEBUG -DUSE_HAL_DRIVER -DSTM32F411xE -c -I../Core/Inc -I../Drivers/STM32F4xx_HAL_Driver/Inc -I../Drivers/STM32F4xx_HAL_Driver/Inc/Legacy -I../Drivers/CMSIS/Device/ST/STM32F4xx/Include -I../Drivers/CMSIS/Include -O0 -ffunction-sections -fdata-sections -Wall -fstack-usage -fcyclomatic-complexity -MMD -MP -MF"Core/Src/main.d" -MT"Core/Src/main.o" --specs=nano.specs -mfpu=fpv4-sp-d16 -mfloat-abi=hard -mthumb -o "Core/Src/main.o"
arm-none-eabi-gcc -o "line_follower.elf" @"objects.list"   -mcpu=cortex-m4 -T"C:\Users\7_wick\flf_workspace\line_follower\STM32F411CEUX_FLASH.ld" --specs=nosys.specs -Wl,-Map="line_follower.map" -Wl,--gc-sections -static -u _scanf_float -u _printf_float --specs=nano.specs -mfpu=fpv4-sp-d16 -mfloat-abi=hard -mthumb -Wl,--start-group -lc -lm -Wl,--end-group
Finished building target: line_follower.elf
 
arm-none-eabi-size  line_follower.elf 
arm-none-eabi-objdump -h -S line_follower.elf  > "line_follower.list"
   text	   data	    bss	    dec	    hex	filename
  47428	    512	   2496	  50436	   c504	line_follower.elf
Finished building: default.size.stdout
 
Finished building: line_follower.list
 
13:25:09 **** Incremental Build of configuration Debug for project line_follower ****
make -j12 all 
arm-none-eabi-gcc "../Core/Src/main.c" -mcpu=cortex-m4 -std=gnu11 -g3 -DDEBUG -DUSE_HAL_DRIVER -DSTM32F411xE -c -I../Core/Inc -I../Drivers/STM32F4xx_HAL_Driver/Inc -I../Drivers/STM32F4xx_HAL_Driver/Inc/Legacy -I../Drivers/CMSIS/Device/ST/STM32F4xx/Include -I../Drivers/CMSIS/Include -O0 -ffunction-sections -fdata-sections -Wall -fstack-usage -fcyclomatic-complexity -MMD -MP -MF"Core/Src/main.d" -MT"Core/Src/main.o" --specs=nano.specs -mfpu=fpv4-sp-d16 -mfloat-abi=hard -mthumb -o "Core/Src/main.o"
arm-none-eabi-gcc -o "line_follower.elf" @"objects.list"   -mcpu=cortex-m4 -T"C:\Users\7_wick\flf_workspace\line_follower\STM32F411CEUX_FLASH.ld" --specs=nosys.specs -Wl,-Map="line_follower.map" -Wl,--gc-sections -static -u _scanf_float -u _printf_float --specs=nano.specs -mfpu=fpv4-sp-d16 -mfloat-abi=hard -mthumb -Wl,--start-group -lc -lm -Wl,--end-group
Finished building target: line_follower.elf
 
arm-none-eabi-size  line_follower.elf 
arm-none-eabi-objdump -h -S line_follower.elf  > "line_follower.list"
   text	   data	    bss	    dec	    hex	filename
  47428	    512	   2496	  50436	   c504	line_follower.elf
Finished building: default.size.stdout
 
Finished building: line_follower.list
 
13:36:16 **** Incremental Build of configuration Debug for project line_follower ****
make -j12 all 
arm-none-eabi-gcc "../Core/Src/motor.c" -mcpu=cortex-m4 -std=gnu11 -g3 -DDEBUG -DUSE_HAL_DRIVER -DSTM32F411xE -c -I../Core/Inc -I../Drivers/STM32F4xx_HAL_Driver/Inc -I../Drivers/STM32F4xx_HAL_Driver/Inc/Legacy -I../Drivers/CMSIS/Device/ST/STM32F4xx/Include -I../Drivers/CMSIS/Include -O0 -ffunction-sections -fdata-sections -Wall -fstack-usage -fcyclomatic-complexity -MMD -MP -MF"Core/Src/motor.d" -MT"Core/Src/motor.o" --specs=nano.specs -mfpu=fpv4-sp-d16 -mfloat-abi=hard -mthumb -o "Core/Src/motor.o"
arm-none-eabi-gcc -o "line_follower.elf" @"objects.list"   -mcpu=cortex-m4 -T"C:\Users\7_wick\flf_workspace\line_follower\STM32F411CEUX_FLASH.ld" --specs=nosys.specs -Wl,-Map="line_follower.map" -Wl,--gc-sections -static -u _scanf_float -u _printf_float --specs=nano.specs -mfpu=fpv4-sp-d16 -mfloat-abi=hard -mthumb -Wl,--start-group -lc -lm -Wl,--end-group
Finished building target: line_follower.elf
 
arm-none-eabi-size  line_follower.elf 
arm-none-eabi-objdump -h -S line_follower.elf  > "line_follower.list"
   text	   data	    bss	    dec	    hex	filename
  47428	    508	   2500	  50436	   c504	line_follower.elf
Finished building: default.size.stdout
 
Finished building: line_follower.list
 
14:22:58 **** Incremental Build of configuration Debug for project line_follower ****
make -j12 all 
arm-none-eabi-gcc "../Core/Src/motor.c" -mcpu=cortex-m4 -std=gnu11 -g3 -DDEBUG -DUSE_HAL_DRIVER -DSTM32F411xE -c -I../Core/Inc -I../Drivers/STM32F4xx_HAL_Driver/Inc -I../Drivers/STM32F4xx_HAL_Driver/Inc/Legacy -I../Drivers/CMSIS/Device/ST/STM32F4xx/Include -I../Drivers/CMSIS/Include -O0 -ffunction-sections -fdata-sections -Wall -fstack-usage -fcyclomatic-complexity -MMD -MP -MF"Core/Src/motor.d" -MT"Core/Src/motor.o" --specs=nano.specs -mfpu=fpv4-sp-d16 -mfloat-abi=hard -mthumb -o "Core/Src/motor.o"
arm-none-eabi-gcc -o "line_follower.elf" @"objects.list"   -mcpu=cortex-m4 -T"C:\Users\7_wick\flf_workspace\line_follower\STM32F411CEUX_FLASH.ld" --specs=nosys.specs -Wl,-Map="line_follower.map" -Wl,--gc-sections -static -u _scanf_float -u _printf_float --specs=nano.specs -mfpu=fpv4-sp-d16 -mfloat-abi=hard -mthumb -Wl,--start-group -lc -lm -Wl,--end-group
Finished building target: line_follower.elf
 
arm-none-eabi-size  line_follower.elf 
arm-none-eabi-objdump -h -S line_follower.elf  > "line_follower.list"
   text	   data	    bss	    dec	    hex	filename
  47452	    508	   2500	  50460	   c51c	line_follower.elf
Finished building: default.size.stdout
 
Finished building: line_follower.list
 
14:59:43 **** Incremental Build of configuration Debug for project line_follower ****
make -j12 all 
arm-none-eabi-gcc "../Core/Src/motor.c" -mcpu=cortex-m4 -std=gnu11 -g3 -DDEBUG -DUSE_HAL_DRIVER -DSTM32F411xE -c -I../Core/Inc -I../Drivers/STM32F4xx_HAL_Driver/Inc -I../Drivers/STM32F4xx_HAL_Driver/Inc/Legacy -I../Drivers/CMSIS/Device/ST/STM32F4xx/Include -I../Drivers/CMSIS/Include -O0 -ffunction-sections -fdata-sections -Wall -fstack-usage -fcyclomatic-complexity -MMD -MP -MF"Core/Src/motor.d" -MT"Core/Src/motor.o" --specs=nano.specs -mfpu=fpv4-sp-d16 -mfloat-abi=hard -mthumb -o "Core/Src/motor.o"
arm-none-eabi-gcc -o "line_follower.elf" @"objects.list"   -mcpu=cortex-m4 -T"C:\Users\7_wick\flf_workspace\line_follower\STM32F411CEUX_FLASH.ld" --specs=nosys.specs -Wl,-Map="line_follower.map" -Wl,--gc-sections -static -u _scanf_float -u _printf_float --specs=nano.specs -mfpu=fpv4-sp-d16 -mfloat-abi=hard -mthumb -Wl,--start-group -lc -lm -Wl,--end-group
Finished building target: line_follower.elf
 
arm-none-eabi-size  line_follower.elf 
arm-none-eabi-objdump -h -S line_follower.elf  > "line_follower.list"
   text	   data	    bss	    dec	    hex	filename
  47452	    508	   2500	  50460	   c51c	line_follower.elf
Finished building: default.size.stdout
 
Finished building: line_follower.list
 
15:02:29 **** Incremental Build of configuration Debug for project line_follower ****
make -j12 all 
arm-none-eabi-gcc "../Core/Src/motor.c" -mcpu=cortex-m4 -std=gnu11 -g3 -DDEBUG -DUSE_HAL_DRIVER -DSTM32F411xE -c -I../Core/Inc -I../Drivers/STM32F4xx_HAL_Driver/Inc -I../Drivers/STM32F4xx_HAL_Driver/Inc/Legacy -I../Drivers/CMSIS/Device/ST/STM32F4xx/Include -I../Drivers/CMSIS/Include -O0 -ffunction-sections -fdata-sections -Wall -fstack-usage -fcyclomatic-complexity -MMD -MP -MF"Core/Src/motor.d" -MT"Core/Src/motor.o" --specs=nano.specs -mfpu=fpv4-sp-d16 -mfloat-abi=hard -mthumb -o "Core/Src/motor.o"
arm-none-eabi-gcc -o "line_follower.elf" @"objects.list"   -mcpu=cortex-m4 -T"C:\Users\7_wick\flf_workspace\line_follower\STM32F411CEUX_FLASH.ld" --specs=nosys.specs -Wl,-Map="line_follower.map" -Wl,--gc-sections -static -u _scanf_float -u _printf_float --specs=nano.specs -mfpu=fpv4-sp-d16 -mfloat-abi=hard -mthumb -Wl,--start-group -lc -lm -Wl,--end-group
Finished building target: line_follower.elf
 
arm-none-eabi-size  line_follower.elf 
arm-none-eabi-objdump -h -S line_follower.elf  > "line_follower.list"
   text	   data	    bss	    dec	    hex	filename
  47444	    508	   2500	  50452	   c514	line_follower.elf
Finished building: default.size.stdout
 
Finished building: line_follower.list
 
15:02:49 **** Incremental Build of configuration Debug for project line_follower ****
make -j12 all 
arm-none-eabi-size  line_follower.elf 
   text	   data	    bss	    dec	    hex	filename
  47444	    508	   2500	  50452	   c514	line_follower.elf
Finished building: default.size.stdout
 
16:07:23 **** Incremental Build of configuration Debug for project line_follower ****
make -j12 all 
arm-none-eabi-size  line_follower.elf 
   text	   data	    bss	    dec	    hex	filename
  47444	    508	   2500	  50452	   c514	line_follower.elf
Finished building: default.size.stdout
 
16:07:43 **** Incremental Build of configuration Debug for project line_follower ****
make -j12 all 
arm-none-eabi-size  line_follower.elf 
   text	   data	    bss	    dec	    hex	filename
  47444	    508	   2500	  50452	   c514	line_follower.elf
Finished building: default.size.stdout
 
16:09:38 **** Incremental Build of configuration Debug for project line_follower ****
make -j12 all 
arm-none-eabi-size  line_follower.elf 
   text	   data	    bss	    dec	    hex	filename
  47444	    508	   2500	  50452	   c514	line_follower.elf
Finished building: default.size.stdout
 
16:15:28 **** Incremental Build of configuration Debug for project line_follower ****
make -j12 all 
arm-none-eabi-gcc "../Core/Src/main.c" -mcpu=cortex-m4 -std=gnu11 -g3 -DDEBUG -DUSE_HAL_DRIVER -DSTM32F411xE -c -I../Core/Inc -I../Drivers/STM32F4xx_HAL_Driver/Inc -I../Drivers/STM32F4xx_HAL_Driver/Inc/Legacy -I../Drivers/CMSIS/Device/ST/STM32F4xx/Include -I../Drivers/CMSIS/Include -O0 -ffunction-sections -fdata-sections -Wall -fstack-usage -fcyclomatic-complexity -MMD -MP -MF"Core/Src/main.d" -MT"Core/Src/main.o" --specs=nano.specs -mfpu=fpv4-sp-d16 -mfloat-abi=hard -mthumb -o "Core/Src/main.o"
arm-none-eabi-gcc "../Core/Src/motor.c" -mcpu=cortex-m4 -std=gnu11 -g3 -DDEBUG -DUSE_HAL_DRIVER -DSTM32F411xE -c -I../Core/Inc -I../Drivers/STM32F4xx_HAL_Driver/Inc -I../Drivers/STM32F4xx_HAL_Driver/Inc/Legacy -I../Drivers/CMSIS/Device/ST/STM32F4xx/Include -I../Drivers/CMSIS/Include -O0 -ffunction-sections -fdata-sections -Wall -fstack-usage -fcyclomatic-complexity -MMD -MP -MF"Core/Src/motor.d" -MT"Core/Src/motor.o" --specs=nano.specs -mfpu=fpv4-sp-d16 -mfloat-abi=hard -mthumb -o "Core/Src/motor.o"
arm-none-eabi-gcc -o "line_follower.elf" @"objects.list"   -mcpu=cortex-m4 -T"C:\Users\7_wick\flf_workspace\line_follower\STM32F411CEUX_FLASH.ld" --specs=nosys.specs -Wl,-Map="line_follower.map" -Wl,--gc-sections -static -u _scanf_float -u _printf_float --specs=nano.specs -mfpu=fpv4-sp-d16 -mfloat-abi=hard -mthumb -Wl,--start-group -lc -lm -Wl,--end-group
Finished building target: line_follower.elf
 
arm-none-eabi-size  line_follower.elf 
arm-none-eabi-objdump -h -S line_follower.elf  > "line_follower.list"
   text	   data	    bss	    dec	    hex	filename
  46772	    508	   2492	  49772	   c26c	line_follower.elf
Finished building: default.size.stdout
 
Finished building: line_follower.list
 
16:18:05 **** Incremental Build of configuration Debug for project line_follower ****
make -j12 all 
arm-none-eabi-size  line_follower.elf 
   text	   data	    bss	    dec	    hex	filename
  46772	    508	   2492	  49772	   c26c	line_follower.elf
Finished building: default.size.stdout
 
16:24:38 **** Incremental Build of configuration Debug for project line_follower ****
make -j12 all 
arm-none-eabi-gcc "../Core/Src/main.c" -mcpu=cortex-m4 -std=gnu11 -g3 -DDEBUG -DUSE_HAL_DRIVER -DSTM32F411xE -c -I../Core/Inc -I../Drivers/STM32F4xx_HAL_Driver/Inc -I../Drivers/STM32F4xx_HAL_Driver/Inc/Legacy -I../Drivers/CMSIS/Device/ST/STM32F4xx/Include -I../Drivers/CMSIS/Include -O0 -ffunction-sections -fdata-sections -Wall -fstack-usage -fcyclomatic-complexity -MMD -MP -MF"Core/Src/main.d" -MT"Core/Src/main.o" --specs=nano.specs -mfpu=fpv4-sp-d16 -mfloat-abi=hard -mthumb -o "Core/Src/main.o"
arm-none-eabi-gcc -o "line_follower.elf" @"objects.list"   -mcpu=cortex-m4 -T"C:\Users\7_wick\flf_workspace\line_follower\STM32F411CEUX_FLASH.ld" --specs=nosys.specs -Wl,-Map="line_follower.map" -Wl,--gc-sections -static -u _scanf_float -u _printf_float --specs=nano.specs -mfpu=fpv4-sp-d16 -mfloat-abi=hard -mthumb -Wl,--start-group -lc -lm -Wl,--end-group
Finished building target: line_follower.elf
 
arm-none-eabi-size  line_follower.elf 
arm-none-eabi-objdump -h -S line_follower.elf  > "line_follower.list"
   text	   data	    bss	    dec	    hex	filename
  46772	    508	   2492	  49772	   c26c	line_follower.elf
Finished building: default.size.stdout
 
Finished building: line_follower.list
 
16:32:31 **** Incremental Build of configuration Debug for project line_follower ****
make -j12 all 
arm-none-eabi-gcc "../Core/Src/main.c" -mcpu=cortex-m4 -std=gnu11 -g3 -DDEBUG -DUSE_HAL_DRIVER -DSTM32F411xE -c -I../Core/Inc -I../Drivers/STM32F4xx_HAL_Driver/Inc -I../Drivers/STM32F4xx_HAL_Driver/Inc/Legacy -I../Drivers/CMSIS/Device/ST/STM32F4xx/Include -I../Drivers/CMSIS/Include -O0 -ffunction-sections -fdata-sections -Wall -fstack-usage -fcyclomatic-complexity -MMD -MP -MF"Core/Src/main.d" -MT"Core/Src/main.o" --specs=nano.specs -mfpu=fpv4-sp-d16 -mfloat-abi=hard -mthumb -o "Core/Src/main.o"
arm-none-eabi-gcc -o "line_follower.elf" @"objects.list"   -mcpu=cortex-m4 -T"C:\Users\7_wick\flf_workspace\line_follower\STM32F411CEUX_FLASH.ld" --specs=nosys.specs -Wl,-Map="line_follower.map" -Wl,--gc-sections -static -u _scanf_float -u _printf_float --specs=nano.specs -mfpu=fpv4-sp-d16 -mfloat-abi=hard -mthumb -Wl,--start-group -lc -lm -Wl,--end-group
Finished building target: line_follower.elf
 
arm-none-eabi-size  line_follower.elf 
arm-none-eabi-objdump -h -S line_follower.elf  > "line_follower.list"
   text	   data	    bss	    dec	    hex	filename
  47508	    508	   2500	  50516	   c554	line_follower.elf
Finished building: default.size.stdout
 
Finished building: line_follower.list
 
16:32:51 **** Incremental Build of configuration Debug for project line_follower ****
make -j12 all 
arm-none-eabi-size  line_follower.elf 
   text	   data	    bss	    dec	    hex	filename
  47508	    508	   2500	  50516	   c554	line_follower.elf
Finished building: default.size.stdout
 
16:36:47 **** Incremental Build of configuration Debug for project line_follower ****
make -j12 all 
arm-none-eabi-gcc "../Core/Src/motor.c" -mcpu=cortex-m4 -std=gnu11 -g3 -DDEBUG -DUSE_HAL_DRIVER -DSTM32F411xE -c -I../Core/Inc -I../Drivers/STM32F4xx_HAL_Driver/Inc -I../Drivers/STM32F4xx_HAL_Driver/Inc/Legacy -I../Drivers/CMSIS/Device/ST/STM32F4xx/Include -I../Drivers/CMSIS/Include -O0 -ffunction-sections -fdata-sections -Wall -fstack-usage -fcyclomatic-complexity -MMD -MP -MF"Core/Src/motor.d" -MT"Core/Src/motor.o" --specs=nano.specs -mfpu=fpv4-sp-d16 -mfloat-abi=hard -mthumb -o "Core/Src/motor.o"
arm-none-eabi-gcc -o "line_follower.elf" @"objects.list"   -mcpu=cortex-m4 -T"C:\Users\7_wick\flf_workspace\line_follower\STM32F411CEUX_FLASH.ld" --specs=nosys.specs -Wl,-Map="line_follower.map" -Wl,--gc-sections -static -u _scanf_float -u _printf_float --specs=nano.specs -mfpu=fpv4-sp-d16 -mfloat-abi=hard -mthumb -Wl,--start-group -lc -lm -Wl,--end-group
Finished building target: line_follower.elf
 
arm-none-eabi-size  line_follower.elf 
arm-none-eabi-objdump -h -S line_follower.elf  > "line_follower.list"
   text	   data	    bss	    dec	    hex	filename
  47508	    508	   2500	  50516	   c554	line_follower.elf
Finished building: default.size.stdout
 
Finished building: line_follower.list
 
16:54:04 **** Incremental Build of configuration Debug for project line_follower ****
make -j12 all 
arm-none-eabi-gcc "../Core/Src/main.c" -mcpu=cortex-m4 -std=gnu11 -g3 -DDEBUG -DUSE_HAL_DRIVER -DSTM32F411xE -c -I../Core/Inc -I../Drivers/STM32F4xx_HAL_Driver/Inc -I../Drivers/STM32F4xx_HAL_Driver/Inc/Legacy -I../Drivers/CMSIS/Device/ST/STM32F4xx/Include -I../Drivers/CMSIS/Include -O0 -ffunction-sections -fdata-sections -Wall -fstack-usage -fcyclomatic-complexity -MMD -MP -MF"Core/Src/main.d" -MT"Core/Src/main.o" --specs=nano.specs -mfpu=fpv4-sp-d16 -mfloat-abi=hard -mthumb -o "Core/Src/main.o"
arm-none-eabi-gcc "../Core/Src/motor.c" -mcpu=cortex-m4 -std=gnu11 -g3 -DDEBUG -DUSE_HAL_DRIVER -DSTM32F411xE -c -I../Core/Inc -I../Drivers/STM32F4xx_HAL_Driver/Inc -I../Drivers/STM32F4xx_HAL_Driver/Inc/Legacy -I../Drivers/CMSIS/Device/ST/STM32F4xx/Include -I../Drivers/CMSIS/Include -O0 -ffunction-sections -fdata-sections -Wall -fstack-usage -fcyclomatic-complexity -MMD -MP -MF"Core/Src/motor.d" -MT"Core/Src/motor.o" --specs=nano.specs -mfpu=fpv4-sp-d16 -mfloat-abi=hard -mthumb -o "Core/Src/motor.o"
arm-none-eabi-gcc -o "line_follower.elf" @"objects.list"   -mcpu=cortex-m4 -T"C:\Users\7_wick\flf_workspace\line_follower\STM32F411CEUX_FLASH.ld" --specs=nosys.specs -Wl,-Map="line_follower.map" -Wl,--gc-sections -static -u _scanf_float -u _printf_float --specs=nano.specs -mfpu=fpv4-sp-d16 -mfloat-abi=hard -mthumb -Wl,--start-group -lc -lm -Wl,--end-group
Finished building target: line_follower.elf
 
arm-none-eabi-size  line_follower.elf 
arm-none-eabi-objdump -h -S line_follower.elf  > "line_follower.list"
   text	   data	    bss	    dec	    hex	filename
  47484	    508	   2500	  50492	   c53c	line_follower.elf
Finished building: default.size.stdout
 
Finished building: line_follower.list
 
16:54:22 **** Incremental Build of configuration Debug for project line_follower ****
make -j12 all 
arm-none-eabi-size  line_follower.elf 
   text	   data	    bss	    dec	    hex	filename
  47484	    508	   2500	  50492	   c53c	line_follower.elf
Finished building: default.size.stdout
 
16:57:12 **** Incremental Build of configuration Debug for project line_follower ****
make -j12 all 
arm-none-eabi-gcc "../Core/Src/motor.c" -mcpu=cortex-m4 -std=gnu11 -g3 -DDEBUG -DUSE_HAL_DRIVER -DSTM32F411xE -c -I../Core/Inc -I../Drivers/STM32F4xx_HAL_Driver/Inc -I../Drivers/STM32F4xx_HAL_Driver/Inc/Legacy -I../Drivers/CMSIS/Device/ST/STM32F4xx/Include -I../Drivers/CMSIS/Include -O0 -ffunction-sections -fdata-sections -Wall -fstack-usage -fcyclomatic-complexity -MMD -MP -MF"Core/Src/motor.d" -MT"Core/Src/motor.o" --specs=nano.specs -mfpu=fpv4-sp-d16 -mfloat-abi=hard -mthumb -o "Core/Src/motor.o"
arm-none-eabi-gcc -o "line_follower.elf" @"objects.list"   -mcpu=cortex-m4 -T"C:\Users\7_wick\flf_workspace\line_follower\STM32F411CEUX_FLASH.ld" --specs=nosys.specs -Wl,-Map="line_follower.map" -Wl,--gc-sections -static -u _scanf_float -u _printf_float --specs=nano.specs -mfpu=fpv4-sp-d16 -mfloat-abi=hard -mthumb -Wl,--start-group -lc -lm -Wl,--end-group
Finished building target: line_follower.elf
 
arm-none-eabi-size  line_follower.elf 
arm-none-eabi-objdump -h -S line_follower.elf  > "line_follower.list"
   text	   data	    bss	    dec	    hex	filename
  47484	    508	   2500	  50492	   c53c	line_follower.elf
Finished building: default.size.stdout
 
Finished building: line_follower.list
 
16:57:31 **** Incremental Build of configuration Debug for project line_follower ****
make -j12 all 
arm-none-eabi-size  line_follower.elf 
   text	   data	    bss	    dec	    hex	filename
  47484	    508	   2500	  50492	   c53c	line_follower.elf
Finished building: default.size.stdout
 
01:20:43 **** Incremental Build of configuration Debug for project line_follower ****
make -j12 all 
arm-none-eabi-gcc "../Core/Src/bluetooth.c" -mcpu=cortex-m4 -std=gnu11 -g3 -DDEBUG -DUSE_HAL_DRIVER -DSTM32F411xE -c -I../Core/Inc -I../Drivers/STM32F4xx_HAL_Driver/Inc -I../Drivers/STM32F4xx_HAL_Driver/Inc/Legacy -I../Drivers/CMSIS/Device/ST/STM32F4xx/Include -I../Drivers/CMSIS/Include -O0 -ffunction-sections -fdata-sections -Wall -fstack-usage -fcyclomatic-complexity -MMD -MP -MF"Core/Src/bluetooth.d" -MT"Core/Src/bluetooth.o" --specs=nano.specs -mfpu=fpv4-sp-d16 -mfloat-abi=hard -mthumb -o "Core/Src/bluetooth.o"
arm-none-eabi-gcc "../Core/Src/main.c" -mcpu=cortex-m4 -std=gnu11 -g3 -DDEBUG -DUSE_HAL_DRIVER -DSTM32F411xE -c -I../Core/Inc -I../Drivers/STM32F4xx_HAL_Driver/Inc -I../Drivers/STM32F4xx_HAL_Driver/Inc/Legacy -I../Drivers/CMSIS/Device/ST/STM32F4xx/Include -I../Drivers/CMSIS/Include -O0 -ffunction-sections -fdata-sections -Wall -fstack-usage -fcyclomatic-complexity -MMD -MP -MF"Core/Src/main.d" -MT"Core/Src/main.o" --specs=nano.specs -mfpu=fpv4-sp-d16 -mfloat-abi=hard -mthumb -o "Core/Src/main.o"
arm-none-eabi-gcc "../Core/Src/motor.c" -mcpu=cortex-m4 -std=gnu11 -g3 -DDEBUG -DUSE_HAL_DRIVER -DSTM32F411xE -c -I../Core/Inc -I../Drivers/STM32F4xx_HAL_Driver/Inc -I../Drivers/STM32F4xx_HAL_Driver/Inc/Legacy -I../Drivers/CMSIS/Device/ST/STM32F4xx/Include -I../Drivers/CMSIS/Include -O0 -ffunction-sections -fdata-sections -Wall -fstack-usage -fcyclomatic-complexity -MMD -MP -MF"Core/Src/motor.d" -MT"Core/Src/motor.o" --specs=nano.specs -mfpu=fpv4-sp-d16 -mfloat-abi=hard -mthumb -o "Core/Src/motor.o"
arm-none-eabi-gcc "../Core/Src/sensor_module.c" -mcpu=cortex-m4 -std=gnu11 -g3 -DDEBUG -DUSE_HAL_DRIVER -DSTM32F411xE -c -I../Core/Inc -I../Drivers/STM32F4xx_HAL_Driver/Inc -I../Drivers/STM32F4xx_HAL_Driver/Inc/Legacy -I../Drivers/CMSIS/Device/ST/STM32F4xx/Include -I../Drivers/CMSIS/Include -O0 -ffunction-sections -fdata-sections -Wall -fstack-usage -fcyclomatic-complexity -MMD -MP -MF"Core/Src/sensor_module.d" -MT"Core/Src/sensor_module.o" --specs=nano.specs -mfpu=fpv4-sp-d16 -mfloat-abi=hard -mthumb -o "Core/Src/sensor_module.o"
arm-none-eabi-gcc "../Core/Src/stm32f4xx_hal_msp.c" -mcpu=cortex-m4 -std=gnu11 -g3 -DDEBUG -DUSE_HAL_DRIVER -DSTM32F411xE -c -I../Core/Inc -I../Drivers/STM32F4xx_HAL_Driver/Inc -I../Drivers/STM32F4xx_HAL_Driver/Inc/Legacy -I../Drivers/CMSIS/Device/ST/STM32F4xx/Include -I../Drivers/CMSIS/Include -O0 -ffunction-sections -fdata-sections -Wall -fstack-usage -fcyclomatic-complexity -MMD -MP -MF"Core/Src/stm32f4xx_hal_msp.d" -MT"Core/Src/stm32f4xx_hal_msp.o" --specs=nano.specs -mfpu=fpv4-sp-d16 -mfloat-abi=hard -mthumb -o "Core/Src/stm32f4xx_hal_msp.o"
arm-none-eabi-gcc "../Core/Src/stm32f4xx_it.c" -mcpu=cortex-m4 -std=gnu11 -g3 -DDEBUG -DUSE_HAL_DRIVER -DSTM32F411xE -c -I../Core/Inc -I../Drivers/STM32F4xx_HAL_Driver/Inc -I../Drivers/STM32F4xx_HAL_Driver/Inc/Legacy -I../Drivers/CMSIS/Device/ST/STM32F4xx/Include -I../Drivers/CMSIS/Include -O0 -ffunction-sections -fdata-sections -Wall -fstack-usage -fcyclomatic-complexity -MMD -MP -MF"Core/Src/stm32f4xx_it.d" -MT"Core/Src/stm32f4xx_it.o" --specs=nano.specs -mfpu=fpv4-sp-d16 -mfloat-abi=hard -mthumb -o "Core/Src/stm32f4xx_it.o"
arm-none-eabi-gcc "../Core/Src/utils.c" -mcpu=cortex-m4 -std=gnu11 -g3 -DDEBUG -DUSE_HAL_DRIVER -DSTM32F411xE -c -I../Core/Inc -I../Drivers/STM32F4xx_HAL_Driver/Inc -I../Drivers/STM32F4xx_HAL_Driver/Inc/Legacy -I../Drivers/CMSIS/Device/ST/STM32F4xx/Include -I../Drivers/CMSIS/Include -O0 -ffunction-sections -fdata-sections -Wall -fstack-usage -fcyclomatic-complexity -MMD -MP -MF"Core/Src/utils.d" -MT"Core/Src/utils.o" --specs=nano.specs -mfpu=fpv4-sp-d16 -mfloat-abi=hard -mthumb -o "Core/Src/utils.o"
arm-none-eabi-gcc -o "line_follower.elf" @"objects.list"   -mcpu=cortex-m4 -T"C:\Users\7_wick\flf_workspace\line_follower\STM32F411CEUX_FLASH.ld" --specs=nosys.specs -Wl,-Map="line_follower.map" -Wl,--gc-sections -static -u _scanf_float -u _printf_float --specs=nano.specs -mfpu=fpv4-sp-d16 -mfloat-abi=hard -mthumb -Wl,--start-group -lc -lm -Wl,--end-group
Finished building target: line_follower.elf
 
arm-none-eabi-size  line_follower.elf 
arm-none-eabi-objdump -h -S line_follower.elf  > "line_follower.list"
   text	   data	    bss	    dec	    hex	filename
  48052	    508	   2604	  51164	   c7dc	line_follower.elf
Finished building: default.size.stdout
 
Finished building: line_follower.list
 
11:28:05 **** Incremental Build of configuration Debug for project line_follower ****
make -j12 all 
arm-none-eabi-gcc "../Core/Src/main.c" -mcpu=cortex-m4 -std=gnu11 -g3 -DDEBUG -DUSE_HAL_DRIVER -DSTM32F411xE -c -I../Core/Inc -I../Drivers/STM32F4xx_HAL_Driver/Inc -I../Drivers/STM32F4xx_HAL_Driver/Inc/Legacy -I../Drivers/CMSIS/Device/ST/STM32F4xx/Include -I../Drivers/CMSIS/Include -O0 -ffunction-sections -fdata-sections -Wall -fstack-usage -fcyclomatic-complexity -MMD -MP -MF"Core/Src/main.d" -MT"Core/Src/main.o" --specs=nano.specs -mfpu=fpv4-sp-d16 -mfloat-abi=hard -mthumb -o "Core/Src/main.o"
arm-none-eabi-gcc -o "line_follower.elf" @"objects.list"   -mcpu=cortex-m4 -T"C:\Users\7_wick\flf_workspace\line_follower\STM32F411CEUX_FLASH.ld" --specs=nosys.specs -Wl,-Map="line_follower.map" -Wl,--gc-sections -static -u _scanf_float -u _printf_float --specs=nano.specs -mfpu=fpv4-sp-d16 -mfloat-abi=hard -mthumb -Wl,--start-group -lc -lm -Wl,--end-group
Finished building target: line_follower.elf
 
arm-none-eabi-size  line_follower.elf 
arm-none-eabi-objdump -h -S line_follower.elf  > "line_follower.list"
   text	   data	    bss	    dec	    hex	filename
  47388	    508	   2604	  50500	   c544	line_follower.elf
Finished building: default.size.stdout
 
Finished building: line_follower.list
 
11:28:37 **** Incremental Build of configuration Debug for project line_follower ****
make -j12 all 
arm-none-eabi-size  line_follower.elf 
   text	   data	    bss	    dec	    hex	filename
  47388	    508	   2604	  50500	   c544	line_follower.elf
Finished building: default.size.stdout
 
11:33:06 **** Incremental Build of configuration Debug for project line_follower ****
make -j12 all 
arm-none-eabi-gcc "../Core/Src/main.c" -mcpu=cortex-m4 -std=gnu11 -g3 -DDEBUG -DUSE_HAL_DRIVER -DSTM32F411xE -c -I../Core/Inc -I../Drivers/STM32F4xx_HAL_Driver/Inc -I../Drivers/STM32F4xx_HAL_Driver/Inc/Legacy -I../Drivers/CMSIS/Device/ST/STM32F4xx/Include -I../Drivers/CMSIS/Include -O0 -ffunction-sections -fdata-sections -Wall -fstack-usage -fcyclomatic-complexity -MMD -MP -MF"Core/Src/main.d" -MT"Core/Src/main.o" --specs=nano.specs -mfpu=fpv4-sp-d16 -mfloat-abi=hard -mthumb -o "Core/Src/main.o"
arm-none-eabi-gcc -o "line_follower.elf" @"objects.list"   -mcpu=cortex-m4 -T"C:\Users\7_wick\flf_workspace\line_follower\STM32F411CEUX_FLASH.ld" --specs=nosys.specs -Wl,-Map="line_follower.map" -Wl,--gc-sections -static -u _scanf_float -u _printf_float --specs=nano.specs -mfpu=fpv4-sp-d16 -mfloat-abi=hard -mthumb -Wl,--start-group -lc -lm -Wl,--end-group
Finished building target: line_follower.elf
 
arm-none-eabi-size  line_follower.elf 
arm-none-eabi-objdump -h -S line_follower.elf  > "line_follower.list"
   text	   data	    bss	    dec	    hex	filename
  47388	    508	   2604	  50500	   c544	line_follower.elf
Finished building: default.size.stdout
 
Finished building: line_follower.list
 
11:33:38 **** Incremental Build of configuration Debug for project line_follower ****
make -j12 all 
arm-none-eabi-size  line_follower.elf 
   text	   data	    bss	    dec	    hex	filename
  47388	    508	   2604	  50500	   c544	line_follower.elf
Finished building: default.size.stdout
 
11:41:02 **** Incremental Build of configuration Debug for project line_follower ****
make -j12 all 
arm-none-eabi-gcc "../Core/Src/main.c" -mcpu=cortex-m4 -std=gnu11 -g3 -DDEBUG -DUSE_HAL_DRIVER -DSTM32F411xE -c -I../Core/Inc -I../Drivers/STM32F4xx_HAL_Driver/Inc -I../Drivers/STM32F4xx_HAL_Driver/Inc/Legacy -I../Drivers/CMSIS/Device/ST/STM32F4xx/Include -I../Drivers/CMSIS/Include -O0 -ffunction-sections -fdata-sections -Wall -fstack-usage -fcyclomatic-complexity -MMD -MP -MF"Core/Src/main.d" -MT"Core/Src/main.o" --specs=nano.specs -mfpu=fpv4-sp-d16 -mfloat-abi=hard -mthumb -o "Core/Src/main.o"
arm-none-eabi-gcc "../Core/Src/motor.c" -mcpu=cortex-m4 -std=gnu11 -g3 -DDEBUG -DUSE_HAL_DRIVER -DSTM32F411xE -c -I../Core/Inc -I../Drivers/STM32F4xx_HAL_Driver/Inc -I../Drivers/STM32F4xx_HAL_Driver/Inc/Legacy -I../Drivers/CMSIS/Device/ST/STM32F4xx/Include -I../Drivers/CMSIS/Include -O0 -ffunction-sections -fdata-sections -Wall -fstack-usage -fcyclomatic-complexity -MMD -MP -MF"Core/Src/motor.d" -MT"Core/Src/motor.o" --specs=nano.specs -mfpu=fpv4-sp-d16 -mfloat-abi=hard -mthumb -o "Core/Src/motor.o"
../Core/Src/motor.c:60:13: warning: 'kill_momentum' defined but not used [-Wunused-function]
   60 | static void kill_momentum(void) {
      |             ^~~~~~~~~~~~~
arm-none-eabi-gcc -o "line_follower.elf" @"objects.list"   -mcpu=cortex-m4 -T"C:\Users\7_wick\flf_workspace\line_follower\STM32F411CEUX_FLASH.ld" --specs=nosys.specs -Wl,-Map="line_follower.map" -Wl,--gc-sections -static -u _scanf_float -u _printf_float --specs=nano.specs -mfpu=fpv4-sp-d16 -mfloat-abi=hard -mthumb -Wl,--start-group -lc -lm -Wl,--end-group
Finished building target: line_follower.elf
 
arm-none-eabi-size  line_follower.elf 
arm-none-eabi-objdump -h -S line_follower.elf  > "line_follower.list"
   text	   data	    bss	    dec	    hex	filename
  47924	    508	   2604	  51036	   c75c	line_follower.elf
Finished building: default.size.stdout
 
Finished building: line_follower.list
 
11:41:48 **** Incremental Build of configuration Debug for project line_follower ****
make -j12 all 
arm-none-eabi-size  line_follower.elf 
   text	   data	    bss	    dec	    hex	filename
  47924	    508	   2604	  51036	   c75c	line_follower.elf
Finished building: default.size.stdout
 
11:42:09 **** Incremental Build of configuration Debug for project line_follower ****
make -j12 all 
arm-none-eabi-size  line_follower.elf 
   text	   data	    bss	    dec	    hex	filename
  47924	    508	   2604	  51036	   c75c	line_follower.elf
Finished building: default.size.stdout
 
12:13:16 **** Incremental Build of configuration Debug for project line_follower ****
make -j12 all 
arm-none-eabi-gcc "../Core/Src/motor.c" -mcpu=cortex-m4 -std=gnu11 -g3 -DDEBUG -DUSE_HAL_DRIVER -DSTM32F411xE -c -I../Core/Inc -I../Drivers/STM32F4xx_HAL_Driver/Inc -I../Drivers/STM32F4xx_HAL_Driver/Inc/Legacy -I../Drivers/CMSIS/Device/ST/STM32F4xx/Include -I../Drivers/CMSIS/Include -O0 -ffunction-sections -fdata-sections -Wall -fstack-usage -fcyclomatic-complexity -MMD -MP -MF"Core/Src/motor.d" -MT"Core/Src/motor.o" --specs=nano.specs -mfpu=fpv4-sp-d16 -mfloat-abi=hard -mthumb -o "Core/Src/motor.o"
arm-none-eabi-gcc -o "line_follower.elf" @"objects.list"   -mcpu=cortex-m4 -T"C:\Users\7_wick\flf_workspace\line_follower\STM32F411CEUX_FLASH.ld" --specs=nosys.specs -Wl,-Map="line_follower.map" -Wl,--gc-sections -static -u _scanf_float -u _printf_float --specs=nano.specs -mfpu=fpv4-sp-d16 -mfloat-abi=hard -mthumb -Wl,--start-group -lc -lm -Wl,--end-group
Finished building target: line_follower.elf
 
arm-none-eabi-size  line_follower.elf 
arm-none-eabi-objdump -h -S line_follower.elf  > "line_follower.list"
   text	   data	    bss	    dec	    hex	filename
  48052	    508	   2604	  51164	   c7dc	line_follower.elf
Finished building: default.size.stdout
 
Finished building: line_follower.list
 
12:13:49 **** Incremental Build of configuration Debug for project line_follower ****
make -j12 all 
arm-none-eabi-size  line_follower.elf 
   text	   data	    bss	    dec	    hex	filename
  48052	    508	   2604	  51164	   c7dc	line_follower.elf
Finished building: default.size.stdout
 
12:14:09 **** Incremental Build of configuration Debug for project line_follower ****
make -j12 all 
arm-none-eabi-size  line_follower.elf 
   text	   data	    bss	    dec	    hex	filename
  48052	    508	   2604	  51164	   c7dc	line_follower.elf
Finished building: default.size.stdout
 
12:16:54 **** Incremental Build of configuration Debug for project line_follower ****
make -j12 all 
arm-none-eabi-size  line_follower.elf 
   text	   data	    bss	    dec	    hex	filename
  48052	    508	   2604	  51164	   c7dc	line_follower.elf
Finished building: default.size.stdout
 
12:17:26 **** Incremental Build of configuration Debug for project line_follower ****
make -j12 all 
arm-none-eabi-size  line_follower.elf 
   text	   data	    bss	    dec	    hex	filename
  48052	    508	   2604	  51164	   c7dc	line_follower.elf
Finished building: default.size.stdout
 
19:09:42 **** Incremental Build of configuration Debug for project line_follower ****
make -j12 all 
arm-none-eabi-gcc "../Core/Src/main.c" -mcpu=cortex-m4 -std=gnu11 -g3 -DDEBUG -DUSE_HAL_DRIVER -DSTM32F411xE -c -I../Core/Inc -I../Drivers/STM32F4xx_HAL_Driver/Inc -I../Drivers/STM32F4xx_HAL_Driver/Inc/Legacy -I../Drivers/CMSIS/Device/ST/STM32F4xx/Include -I../Drivers/CMSIS/Include -O0 -ffunction-sections -fdata-sections -Wall -fstack-usage -fcyclomatic-complexity -MMD -MP -MF"Core/Src/main.d" -MT"Core/Src/main.o" --specs=nano.specs -mfpu=fpv4-sp-d16 -mfloat-abi=hard -mthumb -o "Core/Src/main.o"
arm-none-eabi-gcc -o "line_follower.elf" @"objects.list"   -mcpu=cortex-m4 -T"C:\Users\7_wick\flf_workspace\line_follower\STM32F411CEUX_FLASH.ld" --specs=nosys.specs -Wl,-Map="line_follower.map" -Wl,--gc-sections -static -u _scanf_float -u _printf_float --specs=nano.specs -mfpu=fpv4-sp-d16 -mfloat-abi=hard -mthumb -Wl,--start-group -lc -lm -Wl,--end-group
Finished building target: line_follower.elf
 
arm-none-eabi-size  line_follower.elf 
arm-none-eabi-objdump -h -S line_follower.elf  > "line_follower.list"
   text	   data	    bss	    dec	    hex	filename
  47388	    508	   2604	  50500	   c544	line_follower.elf
Finished building: default.size.stdout
 
Finished building: line_follower.list
 
19:11:23 **** Incremental Build of configuration Debug for project line_follower ****
make -j12 all 
arm-none-eabi-size  line_follower.elf 
   text	   data	    bss	    dec	    hex	filename
  47388	    508	   2604	  50500	   c544	line_follower.elf
Finished building: default.size.stdout
 
19:12:32 **** Incremental Build of configuration Debug for project line_follower ****
make -j12 all 
arm-none-eabi-gcc "../Core/Src/stm32f4xx_it.c" -mcpu=cortex-m4 -std=gnu11 -g3 -DDEBUG -DUSE_HAL_DRIVER -DSTM32F411xE -c -I../Core/Inc -I../Drivers/STM32F4xx_HAL_Driver/Inc -I../Drivers/STM32F4xx_HAL_Driver/Inc/Legacy -I../Drivers/CMSIS/Device/ST/STM32F4xx/Include -I../Drivers/CMSIS/Include -O0 -ffunction-sections -fdata-sections -Wall -fstack-usage -fcyclomatic-complexity -MMD -MP -MF"Core/Src/stm32f4xx_it.d" -MT"Core/Src/stm32f4xx_it.o" --specs=nano.specs -mfpu=fpv4-sp-d16 -mfloat-abi=hard -mthumb -o "Core/Src/stm32f4xx_it.o"
arm-none-eabi-gcc -o "line_follower.elf" @"objects.list"   -mcpu=cortex-m4 -T"C:\Users\7_wick\flf_workspace\line_follower\STM32F411CEUX_FLASH.ld" --specs=nosys.specs -Wl,-Map="line_follower.map" -Wl,--gc-sections -static -u _scanf_float -u _printf_float --specs=nano.specs -mfpu=fpv4-sp-d16 -mfloat-abi=hard -mthumb -Wl,--start-group -lc -lm -Wl,--end-group
Finished building target: line_follower.elf
 
arm-none-eabi-size  line_follower.elf 
arm-none-eabi-objdump -h -S line_follower.elf  > "line_follower.list"
   text	   data	    bss	    dec	    hex	filename
  47388	    508	   2604	  50500	   c544	line_follower.elf
Finished building: default.size.stdout
 
Finished building: line_follower.list
 
19:13:12 **** Incremental Build of configuration Debug for project line_follower ****
make -j12 all 
arm-none-eabi-size  line_follower.elf 
   text	   data	    bss	    dec	    hex	filename
  47388	    508	   2604	  50500	   c544	line_follower.elf
Finished building: default.size.stdout
 
19:13:45 **** Incremental Build of configuration Debug for project line_follower ****
make -j12 all 
arm-none-eabi-size  line_follower.elf 
   text	   data	    bss	    dec	    hex	filename
  47388	    508	   2604	  50500	   c544	line_follower.elf
Finished building: default.size.stdout
 
20:09:45 **** Incremental Build of configuration Debug for project line_follower ****
make -j12 all 
arm-none-eabi-gcc "../Core/Src/main.c" -mcpu=cortex-m4 -std=gnu11 -g3 -DDEBUG -DUSE_HAL_DRIVER -DSTM32F411xE -c -I../Core/Inc -I../Drivers/STM32F4xx_HAL_Driver/Inc -I../Drivers/STM32F4xx_HAL_Driver/Inc/Legacy -I../Drivers/CMSIS/Device/ST/STM32F4xx/Include -I../Drivers/CMSIS/Include -O0 -ffunction-sections -fdata-sections -Wall -fstack-usage -fcyclomatic-complexity -MMD -MP -MF"Core/Src/main.d" -MT"Core/Src/main.o" --specs=nano.specs -mfpu=fpv4-sp-d16 -mfloat-abi=hard -mthumb -o "Core/Src/main.o"
arm-none-eabi-gcc "../Core/Src/stm32f4xx_it.c" -mcpu=cortex-m4 -std=gnu11 -g3 -DDEBUG -DUSE_HAL_DRIVER -DSTM32F411xE -c -I../Core/Inc -I../Drivers/STM32F4xx_HAL_Driver/Inc -I../Drivers/STM32F4xx_HAL_Driver/Inc/Legacy -I../Drivers/CMSIS/Device/ST/STM32F4xx/Include -I../Drivers/CMSIS/Include -O0 -ffunction-sections -fdata-sections -Wall -fstack-usage -fcyclomatic-complexity -MMD -MP -MF"Core/Src/stm32f4xx_it.d" -MT"Core/Src/stm32f4xx_it.o" --specs=nano.specs -mfpu=fpv4-sp-d16 -mfloat-abi=hard -mthumb -o "Core/Src/stm32f4xx_it.o"
arm-none-eabi-gcc -o "line_follower.elf" @"objects.list"   -mcpu=cortex-m4 -T"C:\Users\7_wick\flf_workspace\line_follower\STM32F411CEUX_FLASH.ld" --specs=nosys.specs -Wl,-Map="line_follower.map" -Wl,--gc-sections -static -u _scanf_float -u _printf_float --specs=nano.specs -mfpu=fpv4-sp-d16 -mfloat-abi=hard -mthumb -Wl,--start-group -lc -lm -Wl,--end-group
Finished building target: line_follower.elf
 
arm-none-eabi-size  line_follower.elf 
arm-none-eabi-objdump -h -S line_follower.elf  > "line_follower.list"
   text	   data	    bss	    dec	    hex	filename
  47388	    508	   2604	  50500	   c544	line_follower.elf
Finished building: default.size.stdout
 
Finished building: line_follower.list
 
20:17:06 **** Incremental Build of configuration Debug for project line_follower ****
make -j12 all 
arm-none-eabi-gcc -o "line_follower.elf" @"objects.list"   -mcpu=cortex-m4 -T"C:\Users\7_wick\flf_workspace\line_follower\STM32F411CEUX_FLASH.ld" --specs=nosys.specs -Wl,-Map="line_follower.map" -Wl,--gc-sections -static -u _scanf_float -u _printf_float --specs=nano.specs -mfpu=fpv4-sp-d16 -mfloat-abi=hard -mthumb -Wl,--start-group -lc -lm -Wl,--end-group
Finished building target: line_follower.elf
 
arm-none-eabi-size  line_follower.elf 
arm-none-eabi-objdump -h -S line_follower.elf  > "line_follower.list"
   text	   data	    bss	    dec	    hex	filename
  47388	    508	   2604	  50500	   c544	line_follower.elf
Finished building: default.size.stdout
 
Finished building: line_follower.list
 
20:26:30 **** Incremental Build of configuration Debug for project line_follower ****
make -j12 all 
arm-none-eabi-gcc "../Core/Src/main.c" -mcpu=cortex-m4 -std=gnu11 -g3 -DDEBUG -DUSE_HAL_DRIVER -DSTM32F411xE -c -I../Core/Inc -I../Drivers/STM32F4xx_HAL_Driver/Inc -I../Drivers/STM32F4xx_HAL_Driver/Inc/Legacy -I../Drivers/CMSIS/Device/ST/STM32F4xx/Include -I../Drivers/CMSIS/Include -O0 -ffunction-sections -fdata-sections -Wall -fstack-usage -fcyclomatic-complexity -MMD -MP -MF"Core/Src/main.d" -MT"Core/Src/main.o" --specs=nano.specs -mfpu=fpv4-sp-d16 -mfloat-abi=hard -mthumb -o "Core/Src/main.o"
arm-none-eabi-gcc -o "line_follower.elf" @"objects.list"   -mcpu=cortex-m4 -T"C:\Users\7_wick\flf_workspace\line_follower\STM32F411CEUX_FLASH.ld" --specs=nosys.specs -Wl,-Map="line_follower.map" -Wl,--gc-sections -static -u _scanf_float -u _printf_float --specs=nano.specs -mfpu=fpv4-sp-d16 -mfloat-abi=hard -mthumb -Wl,--start-group -lc -lm -Wl,--end-group
Finished building target: line_follower.elf
 
arm-none-eabi-size  line_follower.elf 
arm-none-eabi-objdump -h -S line_follower.elf  > "line_follower.list"
   text	   data	    bss	    dec	    hex	filename
  47388	    508	   2604	  50500	   c544	line_follower.elf
Finished building: default.size.stdout
 
Finished building: line_follower.list
 
00:05:45 **** Incremental Build of configuration Debug for project line_follower ****
make -j12 all 
arm-none-eabi-size  line_follower.elf 
   text	   data	    bss	    dec	    hex	filename
  47388	    508	   2604	  50500	   c544	line_follower.elf
Finished building: default.size.stdout
 
00:06:10 **** Incremental Build of configuration Debug for project line_follower ****
make -j12 all 
arm-none-eabi-size  line_follower.elf 
   text	   data	    bss	    dec	    hex	filename
  47388	    508	   2604	  50500	   c544	line_follower.elf
Finished building: default.size.stdout
 
00:06:41 **** Incremental Build of configuration Debug for project line_follower ****
make -j12 all 
arm-none-eabi-size  line_follower.elf 
   text	   data	    bss	    dec	    hex	filename
  47388	    508	   2604	  50500	   c544	line_follower.elf
Finished building: default.size.stdout
 
00:08:17 **** Incremental Build of configuration Debug for project line_follower ****
make -j12 all 
arm-none-eabi-size  line_follower.elf 
   text	   data	    bss	    dec	    hex	filename
  47388	    508	   2604	  50500	   c544	line_follower.elf
Finished building: default.size.stdout
 
00:17:56 **** Incremental Build of configuration Debug for project line_follower ****
make -j12 all 
arm-none-eabi-size  line_follower.elf 
   text	   data	    bss	    dec	    hex	filename
  47388	    508	   2604	  50500	   c544	line_follower.elf
Finished building: default.size.stdout
 
00:58:44 **** Incremental Build of configuration Debug for project line_follower ****
make -j12 all 
arm-none-eabi-size  line_follower.elf 
   text	   data	    bss	    dec	    hex	filename
  47388	    508	   2604	  50500	   c544	line_follower.elf
Finished building: default.size.stdout
 
00:59:37 **** Incremental Build of configuration Debug for project line_follower ****
make -j12 all 
arm-none-eabi-size  line_follower.elf 
   text	   data	    bss	    dec	    hex	filename
  47388	    508	   2604	  50500	   c544	line_follower.elf
Finished building: default.size.stdout
 
02:12:32 **** Incremental Build of configuration Debug for project line_follower ****
make -j12 all 
arm-none-eabi-size  line_follower.elf 
   text	   data	    bss	    dec	    hex	filename
  47388	    508	   2604	  50500	   c544	line_follower.elf
Finished building: default.size.stdout
 
02:15:14 **** Incremental Build of configuration Debug for project line_follower ****
make -j12 all 
arm-none-eabi-size  line_follower.elf 
   text	   data	    bss	    dec	    hex	filename
  47388	    508	   2604	  50500	   c544	line_follower.elf
Finished building: default.size.stdout
 
02:24:10 **** Incremental Build of configuration Debug for project line_follower ****
make -j12 all 
arm-none-eabi-size  line_follower.elf 
   text	   data	    bss	    dec	    hex	filename
  47388	    508	   2604	  50500	   c544	line_follower.elf
Finished building: default.size.stdout
 
02:28:17 **** Incremental Build of configuration Debug for project line_follower ****
make -j12 all 
arm-none-eabi-size  line_follower.elf 
   text	   data	    bss	    dec	    hex	filename
  47388	    508	   2604	  50500	   c544	line_follower.elf
Finished building: default.size.stdout
 
02:39:44 **** Incremental Build of configuration Debug for project line_follower ****
make -j12 all 
arm-none-eabi-gcc "../Core/Src/main.c" -mcpu=cortex-m4 -std=gnu11 -g3 -DDEBUG -DUSE_HAL_DRIVER -DSTM32F411xE -c -I../Core/Inc -I../Drivers/STM32F4xx_HAL_Driver/Inc -I../Drivers/STM32F4xx_HAL_Driver/Inc/Legacy -I../Drivers/CMSIS/Device/ST/STM32F4xx/Include -I../Drivers/CMSIS/Include -O0 -ffunction-sections -fdata-sections -Wall -fstack-usage -fcyclomatic-complexity -MMD -MP -MF"Core/Src/main.d" -MT"Core/Src/main.o" --specs=nano.specs -mfpu=fpv4-sp-d16 -mfloat-abi=hard -mthumb -o "Core/Src/main.o"
arm-none-eabi-gcc -o "line_follower.elf" @"objects.list"   -mcpu=cortex-m4 -T"C:\Users\7_wick\flf_workspace\line_follower\STM32F411CEUX_FLASH.ld" --specs=nosys.specs -Wl,-Map="line_follower.map" -Wl,--gc-sections -static -u _scanf_float -u _printf_float --specs=nano.specs -mfpu=fpv4-sp-d16 -mfloat-abi=hard -mthumb -Wl,--start-group -lc -lm -Wl,--end-group
Finished building target: line_follower.elf
 
arm-none-eabi-size  line_follower.elf 
arm-none-eabi-objdump -h -S line_follower.elf  > "line_follower.list"
   text	   data	    bss	    dec	    hex	filename
  47356	    508	   2604	  50468	   c524	line_follower.elf
Finished building: default.size.stdout
 
Finished building: line_follower.list
 
02:41:36 **** Incremental Build of configuration Debug for project line_follower ****
make -j12 all 
arm-none-eabi-gcc "../Core/Src/main.c" -mcpu=cortex-m4 -std=gnu11 -g3 -DDEBUG -DUSE_HAL_DRIVER -DSTM32F411xE -c -I../Core/Inc -I../Drivers/STM32F4xx_HAL_Driver/Inc -I../Drivers/STM32F4xx_HAL_Driver/Inc/Legacy -I../Drivers/CMSIS/Device/ST/STM32F4xx/Include -I../Drivers/CMSIS/Include -O0 -ffunction-sections -fdata-sections -Wall -fstack-usage -fcyclomatic-complexity -MMD -MP -MF"Core/Src/main.d" -MT"Core/Src/main.o" --specs=nano.specs -mfpu=fpv4-sp-d16 -mfloat-abi=hard -mthumb -o "Core/Src/main.o"
arm-none-eabi-gcc -o "line_follower.elf" @"objects.list"   -mcpu=cortex-m4 -T"C:\Users\7_wick\flf_workspace\line_follower\STM32F411CEUX_FLASH.ld" --specs=nosys.specs -Wl,-Map="line_follower.map" -Wl,--gc-sections -static -u _scanf_float -u _printf_float --specs=nano.specs -mfpu=fpv4-sp-d16 -mfloat-abi=hard -mthumb -Wl,--start-group -lc -lm -Wl,--end-group
Finished building target: line_follower.elf
 
arm-none-eabi-size  line_follower.elf 
arm-none-eabi-objdump -h -S line_follower.elf  > "line_follower.list"
   text	   data	    bss	    dec	    hex	filename
  48052	    508	   2604	  51164	   c7dc	line_follower.elf
Finished building: default.size.stdout
 
Finished building: line_follower.list
 
02:51:55 **** Incremental Build of configuration Debug for project line_follower ****
make -j12 all 
arm-none-eabi-size  line_follower.elf 
   text	   data	    bss	    dec	    hex	filename
  48052	    508	   2604	  51164	   c7dc	line_follower.elf
Finished building: default.size.stdout
 
02:53:16 **** Incremental Build of configuration Debug for project line_follower ****
make -j12 all 
arm-none-eabi-size  line_follower.elf 
   text	   data	    bss	    dec	    hex	filename
  48052	    508	   2604	  51164	   c7dc	line_follower.elf
Finished building: default.size.stdout
 
02:53:40 **** Incremental Build of configuration Debug for project line_follower ****
make -j12 all 
arm-none-eabi-size  line_follower.elf 
   text	   data	    bss	    dec	    hex	filename
  48052	    508	   2604	  51164	   c7dc	line_follower.elf
Finished building: default.size.stdout
 
02:54:03 **** Clean-only build of configuration Debug for project line_follower ****
make -j12 clean 
rm -rf ./Drivers/STM32F4xx_HAL_Driver/Src/stm32f4xx_hal.cyclo ./Drivers/STM32F4xx_HAL_Driver/Src/stm32f4xx_hal.d ./Drivers/STM32F4xx_HAL_Driver/Src/stm32f4xx_hal.o ./Drivers/STM32F4xx_HAL_Driver/Src/stm32f4xx_hal.su ./Drivers/STM32F4xx_HAL_Driver/Src/stm32f4xx_hal_adc.cyclo ./Drivers/STM32F4xx_HAL_Driver/Src/stm32f4xx_hal_adc.d ./Drivers/STM32F4xx_HAL_Driver/Src/stm32f4xx_hal_adc.o ./Drivers/STM32F4xx_HAL_Driver/Src/stm32f4xx_hal_adc.su ./Drivers/STM32F4xx_HAL_Driver/Src/stm32f4xx_hal_adc_ex.cyclo ./Drivers/STM32F4xx_HAL_Driver/Src/stm32f4xx_hal_adc_ex.d ./Drivers/STM32F4xx_HAL_Driver/Src/stm32f4xx_hal_adc_ex.o ./Drivers/STM32F4xx_HAL_Driver/Src/stm32f4xx_hal_adc_ex.su ./Drivers/STM32F4xx_HAL_Driver/Src/stm32f4xx_hal_cortex.cyclo ./Drivers/STM32F4xx_HAL_Driver/Src/stm32f4xx_hal_cortex.d ./Drivers/STM32F4xx_HAL_Driver/Src/stm32f4xx_hal_cortex.o ./Drivers/STM32F4xx_HAL_Driver/Src/stm32f4xx_hal_cortex.su ./Drivers/STM32F4xx_HAL_Driver/Src/stm32f4xx_hal_dma.cyclo ./Drivers/STM32F4xx_HAL_Driver/Src/stm32f4xx_hal_dma.d ./Drivers/STM32F4xx_HAL_Driver/Src/stm32f4xx_hal_dma.o ./Drivers/STM32F4xx_HAL_Driver/Src/stm32f4xx_hal_dma.su ./Drivers/STM32F4xx_HAL_Driver/Src/stm32f4xx_hal_dma_ex.cyclo ./Drivers/STM32F4xx_HAL_Driver/Src/stm32f4xx_hal_dma_ex.d ./Drivers/STM32F4xx_HAL_Driver/Src/stm32f4xx_hal_dma_ex.o ./Drivers/STM32F4xx_HAL_Driver/Src/stm32f4xx_hal_dma_ex.su ./Drivers/STM32F4xx_HAL_Driver/Src/stm32f4xx_hal_exti.cyclo ./Drivers/STM32F4xx_HAL_Driver/Src/stm32f4xx_hal_exti.d ./Drivers/STM32F4xx_HAL_Driver/Src/stm32f4xx_hal_exti.o ./Drivers/STM32F4xx_HAL_Driver/Src/stm32f4xx_hal_exti.su ./Drivers/STM32F4xx_HAL_Driver/Src/stm32f4xx_hal_flash.cyclo ./Drivers/STM32F4xx_HAL_Driver/Src/stm32f4xx_hal_flash.d ./Drivers/STM32F4xx_HAL_Driver/Src/stm32f4xx_hal_flash.o ./Drivers/STM32F4xx_HAL_Driver/Src/stm32f4xx_hal_flash.su ./Drivers/STM32F4xx_HAL_Driver/Src/stm32f4xx_hal_flash_ex.cyclo ./Drivers/STM32F4xx_HAL_Driver/Src/stm32f4xx_hal_flash_ex.d ./Drivers/STM32F4xx_HAL_Driver/Src/stm32f4xx_hal_flash_ex.o ./Drivers/STM32F4xx_HAL_Driver/Src/stm32f4xx_hal_flash_ex.su ./Drivers/STM32F4xx_HAL_Driver/Src/stm32f4xx_hal_flash_ramfunc.cyclo ./Drivers/STM32F4xx_HAL_Driver/Src/stm32f4xx_hal_flash_ramfunc.d ./Drivers/STM32F4xx_HAL_Driver/Src/stm32f4xx_hal_flash_ramfunc.o ./Drivers/STM32F4xx_HAL_Driver/Src/stm32f4xx_hal_flash_ramfunc.su ./Drivers/STM32F4xx_HAL_Driver/Src/stm32f4xx_hal_gpio.cyclo ./Drivers/STM32F4xx_HAL_Driver/Src/stm32f4xx_hal_gpio.d ./Drivers/STM32F4xx_HAL_Driver/Src/stm32f4xx_hal_gpio.o ./Drivers/STM32F4xx_HAL_Driver/Src/stm32f4xx_hal_gpio.su ./Drivers/STM32F4xx_HAL_Driver/Src/stm32f4xx_hal_pwr.cyclo ./Drivers/STM32F4xx_HAL_Driver/Src/stm32f4xx_hal_pwr.d ./Drivers/STM32F4xx_HAL_Driver/Src/stm32f4xx_hal_pwr.o ./Drivers/STM32F4xx_HAL_Driver/Src/stm32f4xx_hal_pwr.su ./Drivers/STM32F4xx_HAL_Driver/Src/stm32f4xx_hal_pwr_ex.cyclo ./Drivers/STM32F4xx_HAL_Driver/Src/stm32f4xx_hal_pwr_ex.d ./Drivers/STM32F4xx_HAL_Driver/Src/stm32f4xx_hal_pwr_ex.o ./Drivers/STM32F4xx_HAL_Driver/Src/stm32f4xx_hal_pwr_ex.su ./Drivers/STM32F4xx_HAL_Driver/Src/stm32f4xx_hal_rcc.cyclo ./Drivers/STM32F4xx_HAL_Driver/Src/stm32f4xx_hal_rcc.d ./Drivers/STM32F4xx_HAL_Driver/Src/stm32f4xx_hal_rcc.o ./Drivers/STM32F4xx_HAL_Driver/Src/stm32f4xx_hal_rcc.su ./Drivers/STM32F4xx_HAL_Driver/Src/stm32f4xx_hal_rcc_ex.cyclo ./Drivers/STM32F4xx_HAL_Driver/Src/stm32f4xx_hal_rcc_ex.d ./Drivers/STM32F4xx_HAL_Driver/Src/stm32f4xx_hal_rcc_ex.o ./Drivers/STM32F4xx_HAL_Driver/Src/stm32f4xx_hal_rcc_ex.su ./Drivers/STM32F4xx_HAL_Driver/Src/stm32f4xx_hal_tim.cyclo ./Drivers/STM32F4xx_HAL_Driver/Src/stm32f4xx_hal_tim.d ./Drivers/STM32F4xx_HAL_Driver/Src/stm32f4xx_hal_tim.o ./Drivers/STM32F4xx_HAL_Driver/Src/stm32f4xx_hal_tim.su ./Drivers/STM32F4xx_HAL_Driver/Src/stm32f4xx_hal_tim_ex.cyclo ./Drivers/STM32F4xx_HAL_Driver/Src/stm32f4xx_hal_tim_ex.d ./Drivers/STM32F4xx_HAL_Driver/Src/stm32f4xx_hal_tim_ex.o ./Drivers/STM32F4xx_HAL_Driver/Src/stm32f4xx_hal_tim_ex.su ./Drivers/STM32F4xx_HAL_Driver/Src/stm32f4xx_hal_uart.cyclo ./Drivers/STM32F4xx_HAL_Driver/Src/stm32f4xx_hal_uart.d ./Drivers/STM32F4xx_HAL_Driver/Src/stm32f4xx_hal_uart.o ./Drivers/STM32F4xx_HAL_Driver/Src/stm32f4xx_hal_uart.su ./Drivers/STM32F4xx_HAL_Driver/Src/stm32f4xx_ll_adc.cyclo ./Drivers/STM32F4xx_HAL_Driver/Src/stm32f4xx_ll_adc.d ./Drivers/STM32F4xx_HAL_Driver/Src/stm32f4xx_ll_adc.o ./Drivers/STM32F4xx_HAL_Driver/Src/stm32f4xx_ll_adc.su
rm -rf ./Core/Startup/startup_stm32f411ceux.d ./Core/Startup/startup_stm32f411ceux.o
rm -rf ./Core/Src/bluetooth.cyclo ./Core/Src/bluetooth.d ./Core/Src/bluetooth.o ./Core/Src/bluetooth.su ./Core/Src/main.cyclo ./Core/Src/main.d ./Core/Src/main.o ./Core/Src/main.su ./Core/Src/motor.cyclo ./Core/Src/motor.d ./Core/Src/motor.o ./Core/Src/motor.su ./Core/Src/sensor_module.cyclo ./Core/Src/sensor_module.d ./Core/Src/sensor_module.o ./Core/Src/sensor_module.su ./Core/Src/stm32f4xx_hal_msp.cyclo ./Core/Src/stm32f4xx_hal_msp.d ./Core/Src/stm32f4xx_hal_msp.o ./Core/Src/stm32f4xx_hal_msp.su ./Core/Src/stm32f4xx_it.cyclo ./Core/Src/stm32f4xx_it.d ./Core/Src/stm32f4xx_it.o ./Core/Src/stm32f4xx_it.su ./Core/Src/syscalls.cyclo ./Core/Src/syscalls.d ./Core/Src/syscalls.o ./Core/Src/syscalls.su ./Core/Src/sysmem.cyclo ./Core/Src/sysmem.d ./Core/Src/sysmem.o ./Core/Src/sysmem.su ./Core/Src/system_stm32f4xx.cyclo ./Core/Src/system_stm32f4xx.d ./Core/Src/system_stm32f4xx.o ./Core/Src/system_stm32f4xx.su ./Core/Src/utils.cyclo ./Core/Src/utils.d ./Core/Src/utils.o ./Core/Src/utils.su
rm -rf default.size.stdout line_follower.elf line_follower.list line_follower.map
rm: can't remove 'line_follower.elf': Permission denied
make: [makefile:80: clean] Error 1 (ignored)
 
02:54:05 **** Build of configuration Debug for project line_follower ****
make -j12 all 
arm-none-eabi-gcc "../Drivers/STM32F4xx_HAL_Driver/Src/stm32f4xx_hal.c" -mcpu=cortex-m4 -std=gnu11 -g3 -DDEBUG -DUSE_HAL_DRIVER -DSTM32F411xE -c -I../Core/Inc -I../Drivers/STM32F4xx_HAL_Driver/Inc -I../Drivers/STM32F4xx_HAL_Driver/Inc/Legacy -I../Drivers/CMSIS/Device/ST/STM32F4xx/Include -I../Drivers/CMSIS/Include -O0 -ffunction-sections -fdata-sections -Wall -fstack-usage -fcyclomatic-complexity -MMD -MP -MF"Drivers/STM32F4xx_HAL_Driver/Src/stm32f4xx_hal.d" -MT"Drivers/STM32F4xx_HAL_Driver/Src/stm32f4xx_hal.o" --specs=nano.specs -mfpu=fpv4-sp-d16 -mfloat-abi=hard -mthumb -o "Drivers/STM32F4xx_HAL_Driver/Src/stm32f4xx_hal.o"
arm-none-eabi-gcc "../Drivers/STM32F4xx_HAL_Driver/Src/stm32f4xx_hal_adc.c" -mcpu=cortex-m4 -std=gnu11 -g3 -DDEBUG -DUSE_HAL_DRIVER -DSTM32F411xE -c -I../Core/Inc -I../Drivers/STM32F4xx_HAL_Driver/Inc -I../Drivers/STM32F4xx_HAL_Driver/Inc/Legacy -I../Drivers/CMSIS/Device/ST/STM32F4xx/Include -I../Drivers/CMSIS/Include -O0 -ffunction-sections -fdata-sections -Wall -fstack-usage -fcyclomatic-complexity -MMD -MP -MF"Drivers/STM32F4xx_HAL_Driver/Src/stm32f4xx_hal_adc.d" -MT"Drivers/STM32F4xx_HAL_Driver/Src/stm32f4xx_hal_adc.o" --specs=nano.specs -mfpu=fpv4-sp-d16 -mfloat-abi=hard -mthumb -o "Drivers/STM32F4xx_HAL_Driver/Src/stm32f4xx_hal_adc.o"
arm-none-eabi-gcc "../Drivers/STM32F4xx_HAL_Driver/Src/stm32f4xx_hal_adc_ex.c" -mcpu=cortex-m4 -std=gnu11 -g3 -DDEBUG -DUSE_HAL_DRIVER -DSTM32F411xE -c -I../Core/Inc -I../Drivers/STM32F4xx_HAL_Driver/Inc -I../Drivers/STM32F4xx_HAL_Driver/Inc/Legacy -I../Drivers/CMSIS/Device/ST/STM32F4xx/Include -I../Drivers/CMSIS/Include -O0 -ffunction-sections -fdata-sections -Wall -fstack-usage -fcyclomatic-complexity -MMD -MP -MF"Drivers/STM32F4xx_HAL_Driver/Src/stm32f4xx_hal_adc_ex.d" -MT"Drivers/STM32F4xx_HAL_Driver/Src/stm32f4xx_hal_adc_ex.o" --specs=nano.specs -mfpu=fpv4-sp-d16 -mfloat-abi=hard -mthumb -o "Drivers/STM32F4xx_HAL_Driver/Src/stm32f4xx_hal_adc_ex.o"
arm-none-eabi-gcc "../Drivers/STM32F4xx_HAL_Driver/Src/stm32f4xx_hal_cortex.c" -mcpu=cortex-m4 -std=gnu11 -g3 -DDEBUG -DUSE_HAL_DRIVER -DSTM32F411xE -c -I../Core/Inc -I../Drivers/STM32F4xx_HAL_Driver/Inc -I../Drivers/STM32F4xx_HAL_Driver/Inc/Legacy -I../Drivers/CMSIS/Device/ST/STM32F4xx/Include -I../Drivers/CMSIS/Include -O0 -ffunction-sections -fdata-sections -Wall -fstack-usage -fcyclomatic-complexity -MMD -MP -MF"Drivers/STM32F4xx_HAL_Driver/Src/stm32f4xx_hal_cortex.d" -MT"Drivers/STM32F4xx_HAL_Driver/Src/stm32f4xx_hal_cortex.o" --specs=nano.specs -mfpu=fpv4-sp-d16 -mfloat-abi=hard -mthumb -o "Drivers/STM32F4xx_HAL_Driver/Src/stm32f4xx_hal_cortex.o"
arm-none-eabi-gcc "../Drivers/STM32F4xx_HAL_Driver/Src/stm32f4xx_hal_dma.c" -mcpu=cortex-m4 -std=gnu11 -g3 -DDEBUG -DUSE_HAL_DRIVER -DSTM32F411xE -c -I../Core/Inc -I../Drivers/STM32F4xx_HAL_Driver/Inc -I../Drivers/STM32F4xx_HAL_Driver/Inc/Legacy -I../Drivers/CMSIS/Device/ST/STM32F4xx/Include -I../Drivers/CMSIS/Include -O0 -ffunction-sections -fdata-sections -Wall -fstack-usage -fcyclomatic-complexity -MMD -MP -MF"Drivers/STM32F4xx_HAL_Driver/Src/stm32f4xx_hal_dma.d" -MT"Drivers/STM32F4xx_HAL_Driver/Src/stm32f4xx_hal_dma.o" --specs=nano.specs -mfpu=fpv4-sp-d16 -mfloat-abi=hard -mthumb -o "Drivers/STM32F4xx_HAL_Driver/Src/stm32f4xx_hal_dma.o"
arm-none-eabi-gcc "../Drivers/STM32F4xx_HAL_Driver/Src/stm32f4xx_hal_dma_ex.c" -mcpu=cortex-m4 -std=gnu11 -g3 -DDEBUG -DUSE_HAL_DRIVER -DSTM32F411xE -c -I../Core/Inc -I../Drivers/STM32F4xx_HAL_Driver/Inc -I../Drivers/STM32F4xx_HAL_Driver/Inc/Legacy -I../Drivers/CMSIS/Device/ST/STM32F4xx/Include -I../Drivers/CMSIS/Include -O0 -ffunction-sections -fdata-sections -Wall -fstack-usage -fcyclomatic-complexity -MMD -MP -MF"Drivers/STM32F4xx_HAL_Driver/Src/stm32f4xx_hal_dma_ex.d" -MT"Drivers/STM32F4xx_HAL_Driver/Src/stm32f4xx_hal_dma_ex.o" --specs=nano.specs -mfpu=fpv4-sp-d16 -mfloat-abi=hard -mthumb -o "Drivers/STM32F4xx_HAL_Driver/Src/stm32f4xx_hal_dma_ex.o"
arm-none-eabi-gcc "../Drivers/STM32F4xx_HAL_Driver/Src/stm32f4xx_hal_exti.c" -mcpu=cortex-m4 -std=gnu11 -g3 -DDEBUG -DUSE_HAL_DRIVER -DSTM32F411xE -c -I../Core/Inc -I../Drivers/STM32F4xx_HAL_Driver/Inc -I../Drivers/STM32F4xx_HAL_Driver/Inc/Legacy -I../Drivers/CMSIS/Device/ST/STM32F4xx/Include -I../Drivers/CMSIS/Include -O0 -ffunction-sections -fdata-sections -Wall -fstack-usage -fcyclomatic-complexity -MMD -MP -MF"Drivers/STM32F4xx_HAL_Driver/Src/stm32f4xx_hal_exti.d" -MT"Drivers/STM32F4xx_HAL_Driver/Src/stm32f4xx_hal_exti.o" --specs=nano.specs -mfpu=fpv4-sp-d16 -mfloat-abi=hard -mthumb -o "Drivers/STM32F4xx_HAL_Driver/Src/stm32f4xx_hal_exti.o"
arm-none-eabi-gcc "../Drivers/STM32F4xx_HAL_Driver/Src/stm32f4xx_hal_flash.c" -mcpu=cortex-m4 -std=gnu11 -g3 -DDEBUG -DUSE_HAL_DRIVER -DSTM32F411xE -c -I../Core/Inc -I../Drivers/STM32F4xx_HAL_Driver/Inc -I../Drivers/STM32F4xx_HAL_Driver/Inc/Legacy -I../Drivers/CMSIS/Device/ST/STM32F4xx/Include -I../Drivers/CMSIS/Include -O0 -ffunction-sections -fdata-sections -Wall -fstack-usage -fcyclomatic-complexity -MMD -MP -MF"Drivers/STM32F4xx_HAL_Driver/Src/stm32f4xx_hal_flash.d" -MT"Drivers/STM32F4xx_HAL_Driver/Src/stm32f4xx_hal_flash.o" --specs=nano.specs -mfpu=fpv4-sp-d16 -mfloat-abi=hard -mthumb -o "Drivers/STM32F4xx_HAL_Driver/Src/stm32f4xx_hal_flash.o"
arm-none-eabi-gcc "../Drivers/STM32F4xx_HAL_Driver/Src/stm32f4xx_hal_flash_ex.c" -mcpu=cortex-m4 -std=gnu11 -g3 -DDEBUG -DUSE_HAL_DRIVER -DSTM32F411xE -c -I../Core/Inc -I../Drivers/STM32F4xx_HAL_Driver/Inc -I../Drivers/STM32F4xx_HAL_Driver/Inc/Legacy -I../Drivers/CMSIS/Device/ST/STM32F4xx/Include -I../Drivers/CMSIS/Include -O0 -ffunction-sections -fdata-sections -Wall -fstack-usage -fcyclomatic-complexity -MMD -MP -MF"Drivers/STM32F4xx_HAL_Driver/Src/stm32f4xx_hal_flash_ex.d" -MT"Drivers/STM32F4xx_HAL_Driver/Src/stm32f4xx_hal_flash_ex.o" --specs=nano.specs -mfpu=fpv4-sp-d16 -mfloat-abi=hard -mthumb -o "Drivers/STM32F4xx_HAL_Driver/Src/stm32f4xx_hal_flash_ex.o"
arm-none-eabi-gcc "../Drivers/STM32F4xx_HAL_Driver/Src/stm32f4xx_hal_flash_ramfunc.c" -mcpu=cortex-m4 -std=gnu11 -g3 -DDEBUG -DUSE_HAL_DRIVER -DSTM32F411xE -c -I../Core/Inc -I../Drivers/STM32F4xx_HAL_Driver/Inc -I../Drivers/STM32F4xx_HAL_Driver/Inc/Legacy -I../Drivers/CMSIS/Device/ST/STM32F4xx/Include -I../Drivers/CMSIS/Include -O0 -ffunction-sections -fdata-sections -Wall -fstack-usage -fcyclomatic-complexity -MMD -MP -MF"Drivers/STM32F4xx_HAL_Driver/Src/stm32f4xx_hal_flash_ramfunc.d" -MT"Drivers/STM32F4xx_HAL_Driver/Src/stm32f4xx_hal_flash_ramfunc.o" --specs=nano.specs -mfpu=fpv4-sp-d16 -mfloat-abi=hard -mthumb -o "Drivers/STM32F4xx_HAL_Driver/Src/stm32f4xx_hal_flash_ramfunc.o"
arm-none-eabi-gcc "../Drivers/STM32F4xx_HAL_Driver/Src/stm32f4xx_hal_gpio.c" -mcpu=cortex-m4 -std=gnu11 -g3 -DDEBUG -DUSE_HAL_DRIVER -DSTM32F411xE -c -I../Core/Inc -I../Drivers/STM32F4xx_HAL_Driver/Inc -I../Drivers/STM32F4xx_HAL_Driver/Inc/Legacy -I../Drivers/CMSIS/Device/ST/STM32F4xx/Include -I../Drivers/CMSIS/Include -O0 -ffunction-sections -fdata-sections -Wall -fstack-usage -fcyclomatic-complexity -MMD -MP -MF"Drivers/STM32F4xx_HAL_Driver/Src/stm32f4xx_hal_gpio.d" -MT"Drivers/STM32F4xx_HAL_Driver/Src/stm32f4xx_hal_gpio.o" --specs=nano.specs -mfpu=fpv4-sp-d16 -mfloat-abi=hard -mthumb -o "Drivers/STM32F4xx_HAL_Driver/Src/stm32f4xx_hal_gpio.o"
arm-none-eabi-gcc "../Drivers/STM32F4xx_HAL_Driver/Src/stm32f4xx_hal_pwr.c" -mcpu=cortex-m4 -std=gnu11 -g3 -DDEBUG -DUSE_HAL_DRIVER -DSTM32F411xE -c -I../Core/Inc -I../Drivers/STM32F4xx_HAL_Driver/Inc -I../Drivers/STM32F4xx_HAL_Driver/Inc/Legacy -I../Drivers/CMSIS/Device/ST/STM32F4xx/Include -I../Drivers/CMSIS/Include -O0 -ffunction-sections -fdata-sections -Wall -fstack-usage -fcyclomatic-complexity -MMD -MP -MF"Drivers/STM32F4xx_HAL_Driver/Src/stm32f4xx_hal_pwr.d" -MT"Drivers/STM32F4xx_HAL_Driver/Src/stm32f4xx_hal_pwr.o" --specs=nano.specs -mfpu=fpv4-sp-d16 -mfloat-abi=hard -mthumb -o "Drivers/STM32F4xx_HAL_Driver/Src/stm32f4xx_hal_pwr.o"
arm-none-eabi-gcc "../Drivers/STM32F4xx_HAL_Driver/Src/stm32f4xx_hal_pwr_ex.c" -mcpu=cortex-m4 -std=gnu11 -g3 -DDEBUG -DUSE_HAL_DRIVER -DSTM32F411xE -c -I../Core/Inc -I../Drivers/STM32F4xx_HAL_Driver/Inc -I../Drivers/STM32F4xx_HAL_Driver/Inc/Legacy -I../Drivers/CMSIS/Device/ST/STM32F4xx/Include -I../Drivers/CMSIS/Include -O0 -ffunction-sections -fdata-sections -Wall -fstack-usage -fcyclomatic-complexity -MMD -MP -MF"Drivers/STM32F4xx_HAL_Driver/Src/stm32f4xx_hal_pwr_ex.d" -MT"Drivers/STM32F4xx_HAL_Driver/Src/stm32f4xx_hal_pwr_ex.o" --specs=nano.specs -mfpu=fpv4-sp-d16 -mfloat-abi=hard -mthumb -o "Drivers/STM32F4xx_HAL_Driver/Src/stm32f4xx_hal_pwr_ex.o"
arm-none-eabi-gcc "../Drivers/STM32F4xx_HAL_Driver/Src/stm32f4xx_hal_rcc.c" -mcpu=cortex-m4 -std=gnu11 -g3 -DDEBUG -DUSE_HAL_DRIVER -DSTM32F411xE -c -I../Core/Inc -I../Drivers/STM32F4xx_HAL_Driver/Inc -I../Drivers/STM32F4xx_HAL_Driver/Inc/Legacy -I../Drivers/CMSIS/Device/ST/STM32F4xx/Include -I../Drivers/CMSIS/Include -O0 -ffunction-sections -fdata-sections -Wall -fstack-usage -fcyclomatic-complexity -MMD -MP -MF"Drivers/STM32F4xx_HAL_Driver/Src/stm32f4xx_hal_rcc.d" -MT"Drivers/STM32F4xx_HAL_Driver/Src/stm32f4xx_hal_rcc.o" --specs=nano.specs -mfpu=fpv4-sp-d16 -mfloat-abi=hard -mthumb -o "Drivers/STM32F4xx_HAL_Driver/Src/stm32f4xx_hal_rcc.o"
arm-none-eabi-gcc "../Drivers/STM32F4xx_HAL_Driver/Src/stm32f4xx_hal_rcc_ex.c" -mcpu=cortex-m4 -std=gnu11 -g3 -DDEBUG -DUSE_HAL_DRIVER -DSTM32F411xE -c -I../Core/Inc -I../Drivers/STM32F4xx_HAL_Driver/Inc -I../Drivers/STM32F4xx_HAL_Driver/Inc/Legacy -I../Drivers/CMSIS/Device/ST/STM32F4xx/Include -I../Drivers/CMSIS/Include -O0 -ffunction-sections -fdata-sections -Wall -fstack-usage -fcyclomatic-complexity -MMD -MP -MF"Drivers/STM32F4xx_HAL_Driver/Src/stm32f4xx_hal_rcc_ex.d" -MT"Drivers/STM32F4xx_HAL_Driver/Src/stm32f4xx_hal_rcc_ex.o" --specs=nano.specs -mfpu=fpv4-sp-d16 -mfloat-abi=hard -mthumb -o "Drivers/STM32F4xx_HAL_Driver/Src/stm32f4xx_hal_rcc_ex.o"
arm-none-eabi-gcc "../Drivers/STM32F4xx_HAL_Driver/Src/stm32f4xx_hal_tim.c" -mcpu=cortex-m4 -std=gnu11 -g3 -DDEBUG -DUSE_HAL_DRIVER -DSTM32F411xE -c -I../Core/Inc -I../Drivers/STM32F4xx_HAL_Driver/Inc -I../Drivers/STM32F4xx_HAL_Driver/Inc/Legacy -I../Drivers/CMSIS/Device/ST/STM32F4xx/Include -I../Drivers/CMSIS/Include -O0 -ffunction-sections -fdata-sections -Wall -fstack-usage -fcyclomatic-complexity -MMD -MP -MF"Drivers/STM32F4xx_HAL_Driver/Src/stm32f4xx_hal_tim.d" -MT"Drivers/STM32F4xx_HAL_Driver/Src/stm32f4xx_hal_tim.o" --specs=nano.specs -mfpu=fpv4-sp-d16 -mfloat-abi=hard -mthumb -o "Drivers/STM32F4xx_HAL_Driver/Src/stm32f4xx_hal_tim.o"
arm-none-eabi-gcc "../Drivers/STM32F4xx_HAL_Driver/Src/stm32f4xx_hal_tim_ex.c" -mcpu=cortex-m4 -std=gnu11 -g3 -DDEBUG -DUSE_HAL_DRIVER -DSTM32F411xE -c -I../Core/Inc -I../Drivers/STM32F4xx_HAL_Driver/Inc -I../Drivers/STM32F4xx_HAL_Driver/Inc/Legacy -I../Drivers/CMSIS/Device/ST/STM32F4xx/Include -I../Drivers/CMSIS/Include -O0 -ffunction-sections -fdata-sections -Wall -fstack-usage -fcyclomatic-complexity -MMD -MP -MF"Drivers/STM32F4xx_HAL_Driver/Src/stm32f4xx_hal_tim_ex.d" -MT"Drivers/STM32F4xx_HAL_Driver/Src/stm32f4xx_hal_tim_ex.o" --specs=nano.specs -mfpu=fpv4-sp-d16 -mfloat-abi=hard -mthumb -o "Drivers/STM32F4xx_HAL_Driver/Src/stm32f4xx_hal_tim_ex.o"
arm-none-eabi-gcc "../Drivers/STM32F4xx_HAL_Driver/Src/stm32f4xx_hal_uart.c" -mcpu=cortex-m4 -std=gnu11 -g3 -DDEBUG -DUSE_HAL_DRIVER -DSTM32F411xE -c -I../Core/Inc -I../Drivers/STM32F4xx_HAL_Driver/Inc -I../Drivers/STM32F4xx_HAL_Driver/Inc/Legacy -I../Drivers/CMSIS/Device/ST/STM32F4xx/Include -I../Drivers/CMSIS/Include -O0 -ffunction-sections -fdata-sections -Wall -fstack-usage -fcyclomatic-complexity -MMD -MP -MF"Drivers/STM32F4xx_HAL_Driver/Src/stm32f4xx_hal_uart.d" -MT"Drivers/STM32F4xx_HAL_Driver/Src/stm32f4xx_hal_uart.o" --specs=nano.specs -mfpu=fpv4-sp-d16 -mfloat-abi=hard -mthumb -o "Drivers/STM32F4xx_HAL_Driver/Src/stm32f4xx_hal_uart.o"
arm-none-eabi-gcc "../Drivers/STM32F4xx_HAL_Driver/Src/stm32f4xx_ll_adc.c" -mcpu=cortex-m4 -std=gnu11 -g3 -DDEBUG -DUSE_HAL_DRIVER -DSTM32F411xE -c -I../Core/Inc -I../Drivers/STM32F4xx_HAL_Driver/Inc -I../Drivers/STM32F4xx_HAL_Driver/Inc/Legacy -I../Drivers/CMSIS/Device/ST/STM32F4xx/Include -I../Drivers/CMSIS/Include -O0 -ffunction-sections -fdata-sections -Wall -fstack-usage -fcyclomatic-complexity -MMD -MP -MF"Drivers/STM32F4xx_HAL_Driver/Src/stm32f4xx_ll_adc.d" -MT"Drivers/STM32F4xx_HAL_Driver/Src/stm32f4xx_ll_adc.o" --specs=nano.specs -mfpu=fpv4-sp-d16 -mfloat-abi=hard -mthumb -o "Drivers/STM32F4xx_HAL_Driver/Src/stm32f4xx_ll_adc.o"
arm-none-eabi-gcc -mcpu=cortex-m4 -g3 -DDEBUG -c -x assembler-with-cpp -MMD -MP -MF"Core/Startup/startup_stm32f411ceux.d" -MT"Core/Startup/startup_stm32f411ceux.o" --specs=nano.specs -mfpu=fpv4-sp-d16 -mfloat-abi=hard -mthumb -o "Core/Startup/startup_stm32f411ceux.o" "../Core/Startup/startup_stm32f411ceux.s"
arm-none-eabi-gcc "../Core/Src/bluetooth.c" -mcpu=cortex-m4 -std=gnu11 -g3 -DDEBUG -DUSE_HAL_DRIVER -DSTM32F411xE -c -I../Core/Inc -I../Drivers/STM32F4xx_HAL_Driver/Inc -I../Drivers/STM32F4xx_HAL_Driver/Inc/Legacy -I../Drivers/CMSIS/Device/ST/STM32F4xx/Include -I../Drivers/CMSIS/Include -O0 -ffunction-sections -fdata-sections -Wall -fstack-usage -fcyclomatic-complexity -MMD -MP -MF"Core/Src/bluetooth.d" -MT"Core/Src/bluetooth.o" --specs=nano.specs -mfpu=fpv4-sp-d16 -mfloat-abi=hard -mthumb -o "Core/Src/bluetooth.o"
arm-none-eabi-gcc "../Core/Src/main.c" -mcpu=cortex-m4 -std=gnu11 -g3 -DDEBUG -DUSE_HAL_DRIVER -DSTM32F411xE -c -I../Core/Inc -I../Drivers/STM32F4xx_HAL_Driver/Inc -I../Drivers/STM32F4xx_HAL_Driver/Inc/Legacy -I../Drivers/CMSIS/Device/ST/STM32F4xx/Include -I../Drivers/CMSIS/Include -O0 -ffunction-sections -fdata-sections -Wall -fstack-usage -fcyclomatic-complexity -MMD -MP -MF"Core/Src/main.d" -MT"Core/Src/main.o" --specs=nano.specs -mfpu=fpv4-sp-d16 -mfloat-abi=hard -mthumb -o "Core/Src/main.o"
arm-none-eabi-gcc "../Core/Src/motor.c" -mcpu=cortex-m4 -std=gnu11 -g3 -DDEBUG -DUSE_HAL_DRIVER -DSTM32F411xE -c -I../Core/Inc -I../Drivers/STM32F4xx_HAL_Driver/Inc -I../Drivers/STM32F4xx_HAL_Driver/Inc/Legacy -I../Drivers/CMSIS/Device/ST/STM32F4xx/Include -I../Drivers/CMSIS/Include -O0 -ffunction-sections -fdata-sections -Wall -fstack-usage -fcyclomatic-complexity -MMD -MP -MF"Core/Src/motor.d" -MT"Core/Src/motor.o" --specs=nano.specs -mfpu=fpv4-sp-d16 -mfloat-abi=hard -mthumb -o "Core/Src/motor.o"
arm-none-eabi-gcc "../Core/Src/sensor_module.c" -mcpu=cortex-m4 -std=gnu11 -g3 -DDEBUG -DUSE_HAL_DRIVER -DSTM32F411xE -c -I../Core/Inc -I../Drivers/STM32F4xx_HAL_Driver/Inc -I../Drivers/STM32F4xx_HAL_Driver/Inc/Legacy -I../Drivers/CMSIS/Device/ST/STM32F4xx/Include -I../Drivers/CMSIS/Include -O0 -ffunction-sections -fdata-sections -Wall -fstack-usage -fcyclomatic-complexity -MMD -MP -MF"Core/Src/sensor_module.d" -MT"Core/Src/sensor_module.o" --specs=nano.specs -mfpu=fpv4-sp-d16 -mfloat-abi=hard -mthumb -o "Core/Src/sensor_module.o"
arm-none-eabi-gcc "../Core/Src/stm32f4xx_hal_msp.c" -mcpu=cortex-m4 -std=gnu11 -g3 -DDEBUG -DUSE_HAL_DRIVER -DSTM32F411xE -c -I../Core/Inc -I../Drivers/STM32F4xx_HAL_Driver/Inc -I../Drivers/STM32F4xx_HAL_Driver/Inc/Legacy -I../Drivers/CMSIS/Device/ST/STM32F4xx/Include -I../Drivers/CMSIS/Include -O0 -ffunction-sections -fdata-sections -Wall -fstack-usage -fcyclomatic-complexity -MMD -MP -MF"Core/Src/stm32f4xx_hal_msp.d" -MT"Core/Src/stm32f4xx_hal_msp.o" --specs=nano.specs -mfpu=fpv4-sp-d16 -mfloat-abi=hard -mthumb -o "Core/Src/stm32f4xx_hal_msp.o"
arm-none-eabi-gcc "../Core/Src/stm32f4xx_it.c" -mcpu=cortex-m4 -std=gnu11 -g3 -DDEBUG -DUSE_HAL_DRIVER -DSTM32F411xE -c -I../Core/Inc -I../Drivers/STM32F4xx_HAL_Driver/Inc -I../Drivers/STM32F4xx_HAL_Driver/Inc/Legacy -I../Drivers/CMSIS/Device/ST/STM32F4xx/Include -I../Drivers/CMSIS/Include -O0 -ffunction-sections -fdata-sections -Wall -fstack-usage -fcyclomatic-complexity -MMD -MP -MF"Core/Src/stm32f4xx_it.d" -MT"Core/Src/stm32f4xx_it.o" --specs=nano.specs -mfpu=fpv4-sp-d16 -mfloat-abi=hard -mthumb -o "Core/Src/stm32f4xx_it.o"
arm-none-eabi-gcc "../Core/Src/syscalls.c" -mcpu=cortex-m4 -std=gnu11 -g3 -DDEBUG -DUSE_HAL_DRIVER -DSTM32F411xE -c -I../Core/Inc -I../Drivers/STM32F4xx_HAL_Driver/Inc -I../Drivers/STM32F4xx_HAL_Driver/Inc/Legacy -I../Drivers/CMSIS/Device/ST/STM32F4xx/Include -I../Drivers/CMSIS/Include -O0 -ffunction-sections -fdata-sections -Wall -fstack-usage -fcyclomatic-complexity -MMD -MP -MF"Core/Src/syscalls.d" -MT"Core/Src/syscalls.o" --specs=nano.specs -mfpu=fpv4-sp-d16 -mfloat-abi=hard -mthumb -o "Core/Src/syscalls.o"
arm-none-eabi-gcc "../Core/Src/sysmem.c" -mcpu=cortex-m4 -std=gnu11 -g3 -DDEBUG -DUSE_HAL_DRIVER -DSTM32F411xE -c -I../Core/Inc -I../Drivers/STM32F4xx_HAL_Driver/Inc -I../Drivers/STM32F4xx_HAL_Driver/Inc/Legacy -I../Drivers/CMSIS/Device/ST/STM32F4xx/Include -I../Drivers/CMSIS/Include -O0 -ffunction-sections -fdata-sections -Wall -fstack-usage -fcyclomatic-complexity -MMD -MP -MF"Core/Src/sysmem.d" -MT"Core/Src/sysmem.o" --specs=nano.specs -mfpu=fpv4-sp-d16 -mfloat-abi=hard -mthumb -o "Core/Src/sysmem.o"
arm-none-eabi-gcc "../Core/Src/system_stm32f4xx.c" -mcpu=cortex-m4 -std=gnu11 -g3 -DDEBUG -DUSE_HAL_DRIVER -DSTM32F411xE -c -I../Core/Inc -I../Drivers/STM32F4xx_HAL_Driver/Inc -I../Drivers/STM32F4xx_HAL_Driver/Inc/Legacy -I../Drivers/CMSIS/Device/ST/STM32F4xx/Include -I../Drivers/CMSIS/Include -O0 -ffunction-sections -fdata-sections -Wall -fstack-usage -fcyclomatic-complexity -MMD -MP -MF"Core/Src/system_stm32f4xx.d" -MT"Core/Src/system_stm32f4xx.o" --specs=nano.specs -mfpu=fpv4-sp-d16 -mfloat-abi=hard -mthumb -o "Core/Src/system_stm32f4xx.o"
arm-none-eabi-gcc "../Core/Src/utils.c" -mcpu=cortex-m4 -std=gnu11 -g3 -DDEBUG -DUSE_HAL_DRIVER -DSTM32F411xE -c -I../Core/Inc -I../Drivers/STM32F4xx_HAL_Driver/Inc -I../Drivers/STM32F4xx_HAL_Driver/Inc/Legacy -I../Drivers/CMSIS/Device/ST/STM32F4xx/Include -I../Drivers/CMSIS/Include -O0 -ffunction-sections -fdata-sections -Wall -fstack-usage -fcyclomatic-complexity -MMD -MP -MF"Core/Src/utils.d" -MT"Core/Src/utils.o" --specs=nano.specs -mfpu=fpv4-sp-d16 -mfloat-abi=hard -mthumb -o "Core/Src/utils.o"
arm-none-eabi-gcc -o "line_follower.elf" @"objects.list"   -mcpu=cortex-m4 -T"C:\Users\7_wick\flf_workspace\line_follower\STM32F411CEUX_FLASH.ld" --specs=nosys.specs -Wl,-Map="line_follower.map" -Wl,--gc-sections -static -u _scanf_float -u _printf_float --specs=nano.specs -mfpu=fpv4-sp-d16 -mfloat-abi=hard -mthumb -Wl,--start-group -lc -lm -Wl,--end-group
Finished building target: line_follower.elf
 
arm-none-eabi-size  line_follower.elf 
arm-none-eabi-objdump -h -S line_follower.elf  > "line_follower.list"
   text	   data	    bss	    dec	    hex	filename
  48052	    508	   2604	  51164	   c7dc	line_follower.elf
Finished building: default.size.stdout
 
Finished building: line_follower.list
 
02:55:07 **** Incremental Build of configuration Debug for project line_follower ****
make -j12 all 
arm-none-eabi-size  line_follower.elf 
   text	   data	    bss	    dec	    hex	filename
  48052	    508	   2604	  51164	   c7dc	line_follower.elf
Finished building: default.size.stdout
 
